"ProjectID","mean_richness_2025","mean_richness_BEC","sd_richness_2025","sd_richness_BEC","n_plots_2025","n_plots_BEC"
"Alpine2007_BEC",23,18.2857142857143,3.2659863237109,3.90360029179413,7,7
"BC Parks Manning TEM",25,23.1,7.64489662745314,5.66568618968612,10,10
"BEC-Vancouver",37.1111111111111,32.5555555555556,6.41179468722378,4.82470494204338,9,9
"NCBG_ESSFplots",26.3333333333333,14.1666666666667,8.08775399637516,4.86584736589993,18,18
"RCOBEC15",28,20,NA,NA,1,1
"Skagit Rhodo. Comm.",24.2857142857143,24,2.81154084173819,4.79583152331272,7,7
