"ProjectID","mean_richness_2025","mean_richness_BEC","sd_richness_2025","sd_richness_BEC","n_plots_2025","n_plots_BEC"
"Alpine2007_BEC",23,25.1428571428571,3.2659863237109,6.89029683512913,7,7
"BC Parks Manning TEM",25,28.6,7.64489662745314,6.86699028363631,10,10
"BEC-Vancouver",37.1111111111111,42.7777777777778,6.41179468722378,5.73972511924085,9,9
"NCBG_ESSFplots",26.3333333333333,14.4444444444444,8.08775399637516,5.10158247907938,18,18
"RCOBEC15",28,24,NA,NA,1,1
"Skagit Rhodo. Comm.",24.2857142857143,33.7142857142857,2.81154084173819,6.26403186758299,7,7
