Year,ID1,ID2,Latitude,Longitude,Elevation,MAT,MWMT,MCMT,TD,MAP,MSP,AHM,SHM,DD_0,DD5,DD_18,DD18,NFFD,bFFP,eFFP,FFP,PAS,EMT,EXT,rsds,Eref,CMD,RH,CMI,DD1040
1976,MP 291,1976,49.03950881,-120.8720016,1308,3.1,12.3,-4.5,16.8,731,192,18,64.2,725,819,5412,9,142,166,263,97,627,-37,33.2,14.2,525,269,63,33.94,224
1976,MP 292,1976,49.03998947,-120.8811035,1277,3.2,12.5,-4.6,17,743,196,17.8,63.8,720,840,5380,9,144,166,263,98,634,-36.9,33.4,14.1,530,270,63,34.54,235
1976,MP 293,1976,49.04455947,-120.8516998,1259,3.4,12.6,-4.4,17,697,182,19.2,69.1,689,863,5315,10,144,165,263,98,577,-36.9,33.6,14.2,537,293,62,28.72,247
1976,MP 294,1976,49.11808013,-120.8660965,1402,2.8,11.8,-4.5,16.3,739,187,17.3,62.9,758,748,5544,8,138,168,263,94,647,-37.2,32.6,14.1,505,256,64,37.36,188
1976,MP 295,1976,49.11931991,-120.8755035,1353,2.9,12,-4.6,16.7,742,189,17.4,63.9,754,785,5494,8,140,167,263,95,646,-37.1,33,14.1,514,264,64,36.46,206
1976,MP 296,1976,49.12162017,-120.8731003,1381,2.8,11.9,-4.6,16.5,742,189,17.3,63.1,756,765,5521,8,139,168,263,95,647,-37.1,32.7,14.1,509,258,64,37.16,196
1976,MP 299,1976,49.04080963,-120.8787003,1311,3.1,12.3,-4.6,16.9,740,195,17.7,63.2,732,815,5428,9,142,166,263,97,638,-37,33.2,14.1,523,265,63,35.13,221
1976,MP 281,1976,49.10832977,-120.7583008,1921,0.7,9.1,-6.8,15.9,829,202,12.9,45,1009,429,6288,3,110,178,259,81,870,-38.4,29.3,13.8,373,171,67,58.73,66
1976,MP 285,1976,49.07500076,-120.7750015,1481,2.6,11.5,-4.6,16,663,165,19.1,69.7,759,705,5598,6,133,170,261,90,588,-37.2,32.1,14.1,500,279,63,30.21,166
1976,MP 286,1976,49.07500076,-120.7750015,1326,3.2,12.3,-4.3,16.6,636,161,20.8,76.5,701,816,5386,9,140,167,261,94,532,-36.8,33.1,14.2,531,313,62,23.5,220
1976,MP 287,1976,49.11643981,-120.8702011,1250,3.2,12.6,-4.7,17.2,740,188,17.9,66.9,733,856,5377,10,144,166,263,97,634,-37,33.7,14.1,535,285,63,33.64,243
1976,MP 288,1976,49.11574935,-120.8669968,1259,3.2,12.5,-4.6,17.1,739,187,17.9,66.8,730,850,5380,10,144,166,263,97,632,-37,33.6,14.1,533,284,63,33.78,239
1976,MP 289,1976,49.04022979,-120.8937988,1466,2.6,11.5,-4.5,16.1,756,200,16.7,57.7,758,707,5595,6,135,169,263,93,662,-37.2,32.1,14.1,494,237,64,40.39,169
1976,MP 290,1976,49.03955841,-120.8881989,1353,3,12.1,-4.5,16.6,751,198,17.3,61.1,735,785,5470,8,140,167,263,96,648,-37,32.9,14.1,515,256,63,37.22,206
1976,35079,1979,49.18056106,-120.9610977,770,5.8,15.4,-2.6,18,762,196,20.7,78.5,447,1335,4457,31,186,147,274,127,434,-33,36.7,14.1,633,366,63,21.87,518
1976,35179,1979,49.08110809,-120.8127975,1210,3.6,12.8,-4.3,17.1,652,167,20.8,76.5,662,894,5245,11,146,165,263,98,521,-36.8,33.9,14.2,546,321,62,22.89,263
1976,35379,1979,49.08889007,-120.8139038,1210,3.5,12.7,-4.5,17.2,672,171,20.1,74.4,688,883,5288,10,145,165,262,97,552,-36.8,33.8,14.2,544,314,62,25.38,256
1976,SK93710,1993,49.21475894,-121.0660627,695,6.4,15.2,-1,16.2,846,213,19.4,71.4,343,1368,4249,31,209,139,283,144,358,-30.2,35.9,13.6,603,310,67,33.2,522
1976,SK93711,1993,49.21441772,-121.0671746,686,6.4,15.3,-1,16.2,846,213,19.4,71.5,339,1376,4233,32,210,139,284,145,354,-30.1,35.9,13.6,604,311,67,33.09,526
1976,SK93721,1993,49.21632862,-121.0684733,698,6.4,15.2,-1,16.2,847,213,19.3,71.2,342,1362,4254,31,209,139,283,144,359,-30.2,35.8,13.6,602,309,67,33.52,518
1976,SK93722,1993,49.21739366,-121.0676078,698,6.4,15.2,-1,16.2,848,213,19.3,71.2,344,1362,4258,31,208,139,283,144,360,-30.3,35.8,13.6,602,309,67,33.57,518
1976,SK93734,1993,49.19803638,-120.9928605,869,5.6,14.7,-2.1,16.8,787,201,19.8,73.2,431,1233,4538,24,187,147,277,129,428,-32.6,35.5,13.9,597,321,64,28.93,454
1976,SK93735,1993,49.19748268,-120.9920592,869,5.6,14.7,-2.1,16.8,786,200,19.8,73.4,432,1232,4540,24,187,147,277,129,428,-32.7,35.5,13.9,597,322,64,28.78,454
1976,SK93736,1993,49.20192025,-120.9885846,823,5.8,14.9,-2,16.9,776,198,20.3,75,415,1271,4471,27,191,146,278,132,405,-32.3,35.7,13.9,604,330,65,26.89,475
1976,00NCc13,2000,49.22752855,-120.9627241,900,5.3,14.6,-2.8,17.4,801,199,19.1,73.3,479,1209,4637,23,180,150,274,124,486,-33.6,35.6,14,601,325,64,30.28,444
1976,00NCe73,2000,49.12286895,-120.8200364,1455,2.4,11.4,-5,16.4,744,186,16.7,61.3,817,695,5683,6,132,171,260,89,690,-37.5,32.2,14,497,254,64,39.19,162
1976,00NCe74,2000,49.12958668,-120.8160951,1620,1.9,10.6,-5.2,15.8,754,186,15.8,56.8,844,593,5851,4,125,173,260,87,712,-37.8,31.1,14,466,228,64,44.05,120
1976,00NCe75,2000,49.13184343,-120.8212604,1750,1.6,10,-5.6,15.6,753,187,15.5,53.4,854,524,5958,2,121,175,261,86,713,-37.9,30.3,13.9,397,199,65,46.73,96
1976,00NCe76,2000,49.12956482,-120.8230328,1665,1.9,10.4,-5.3,15.7,746,186,15.9,55.7,842,571,5879,3,124,174,261,87,702,-37.8,30.9,14,458,221,64,44.18,112
1976,00NCe77,2000,49.06956013,-120.905716,1470,2.6,11.5,-4.6,16.1,774,202,16.3,56.9,772,709,5611,6,136,169,263,94,684,-37.2,32.2,14,493,233,64,42.32,169
1976,00NCe78,2000,49.08614425,-120.9258513,1840,1.3,9.6,-6.3,15.9,816,206,13.8,46.5,921,485,6098,2,121,174,263,89,805,-37.7,29.7,13.7,377,165,67,55.77,83
1976,00NCe79,2000,49.08811762,-120.9446303,1790,1.5,9.8,-6,15.8,841,212,13.7,46.4,880,517,6002,2,125,172,265,93,804,-37.4,30,13.7,381,164,67,57.27,94
1976,00NCe82,2000,49.04462405,-120.9646257,1810,1.4,9.8,-6.2,15.9,862,226,13.2,43.3,898,505,6041,2,123,173,263,90,837,-37.4,30,13.7,381,157,67,59.68,90
1976,00NCe83,2000,49.0409285,-120.9723988,1800,1.5,9.8,-6,15.9,877,230,13.1,42.9,889,512,6020,2,124,173,264,91,847,-37.3,30,13.7,381,155,67,61,92
1976,00NCe84,2000,49.04042506,-120.9724193,685,7,16,-0.8,16.7,876,229,19.5,69.6,299,1513,4017,41,206,135,284,149,309,-32.2,36.1,14,667,311,62,30.47,620
1976,00NCe85,2000,49.03686803,-120.9645592,1705,1.9,10.4,-5.6,15.9,864,226,13.8,45.8,823,573,5853,3,131,170,265,95,791,-37,30.6,13.8,442,170,67,57.27,113
1976,00NCe86,2000,49.04063959,-120.9800327,1745,1.7,10.1,-5.7,15.9,882,231,13.3,44,848,547,5920,3,128,171,265,94,825,-37,30.3,13.8,389,160,67,60.14,104
1976,00NCe87,2000,49.03145849,-120.9420956,1820,1.3,9.7,-6.2,16,790,209,14.3,46.6,915,496,6075,2,121,174,262,88,779,-37.5,30,13.8,382,169,67,52.58,87
1976,00NCe89,2000,49.05549669,-120.9155332,1725,1.8,10.3,-5.6,15.9,773,203,15.3,50.5,836,556,5892,3,126,172,263,91,717,-37.4,30.5,13.9,444,193,65,48.18,107
1976,00NCe90,2000,49.06442921,-120.8922135,1325,3,12.2,-4.6,16.8,760,199,17.1,61.3,747,802,5464,9,141,167,263,96,661,-37,33.1,14.1,520,258,64,37.58,214
1976,00NCe91,2000,49.11667802,-120.8651929,1450,2.6,11.6,-4.5,16,739,187,17.1,61.7,769,715,5599,7,135,169,262,93,652,-37.3,32.3,14,496,249,64,38.41,172
1976,00NCe92,2000,49.12229155,-120.8690776,1665,1.9,10.5,-5.4,15.9,743,189,16,55.5,838,579,5863,4,126,173,262,90,690,-37.6,30.8,13.9,455,214,65,44.05,115
1976,00NCe93,2000,49.13832844,-120.8485222,1615,2,10.7,-5.3,16,753,192,15.9,55.8,835,607,5822,4,128,172,262,90,697,-37.6,31.1,13.9,464,220,65,43.97,126
1976,00NCe94,2000,49.1422333,-120.8451718,1565,2.1,10.9,-5.1,16,753,192,16.1,56.9,837,633,5788,4,129,172,261,89,700,-37.5,31.4,13.9,474,228,65,42.91,136
1976,00NCe95,2000,49.12585389,-120.8366702,1540,2.3,11,-4.8,15.8,733,185,16.7,59.5,803,647,5727,4,130,172,261,89,666,-37.6,31.7,14,481,239,64,39.85,142
1976,114791,2007,49.1638298,-120.7723007,2225,-0.8,7.2,-8.5,15.7,933,220,9.9,32.7,1258,278,6844,2,92,181,255,73,1110,-39.7,27.1,13.6,322,117,69,76.33,31
1976,114792,2007,49.16588973,-120.7787018,2225,-0.8,7.1,-8.5,15.7,939,222,9.8,32.2,1264,275,6855,2,91,182,254,73,1119,-39.8,27.1,13.6,322,116,68,76.97,31
1976,114793,2007,49.16717147,-120.7802963,2200,-0.7,7.3,-8.4,15.7,933,221,10,32.9,1240,285,6807,2,92,182,255,73,1102,-39.7,27.3,13.6,326,120,68,75.86,33
1976,114794,2007,49.16852951,-120.7815018,2145,-0.4,7.6,-8.1,15.7,922,220,10.4,34.7,1189,309,6703,2,96,181,255,74,1066,-39.5,27.6,13.6,335,127,68,73.54,37
1976,114795,2007,49.16878128,-120.781601,2140,-0.4,7.6,-8,15.7,921,219,10.5,34.8,1185,311,6693,2,96,181,255,74,1062,-39.5,27.7,13.7,336,128,68,73.28,38
1976,114796,2007,49.17169952,-120.7848969,2100,-0.2,7.9,-7.8,15.7,904,217,10.9,36.4,1154,330,6624,2,99,181,256,75,1027,-39.3,28,13.7,342,133,68,70.71,42
1976,114797,2007,49.17219924,-120.7894974,2125,-0.3,7.8,-8,15.7,902,216,10.7,35.9,1175,319,6668,2,97,181,256,74,1034,-39.4,27.8,13.7,339,131,68,71.08,39
1976,12-1929,2015,49.20005416,-120.9982758,906,5.4,14.6,-2.2,16.7,799,204,19.3,71.3,445,1206,4590,23,185,149,277,128,449,-32.6,35.4,13.9,592,312,65,30.88,440
1976,02-3085,2019,49.14056015,-120.7638931,2044,0.1,8.3,-7.5,15.8,919,215,11,38.5,1106,361,6515,2,102,180,257,77,1027,-39,28.4,13.7,353,145,67,70.68,49
1976,02-3087,2019,49.1199913,-120.752121,1874,1,9.3,-6.6,15.9,839,202,13.1,46.2,965,458,6192,3,113,177,260,82,859,-38.3,29.6,13.9,381,177,66,58.26,75
1976,02-3088,2019,49.13434982,-120.7645264,1928,0.7,9,-6.9,15.9,887,209,12.1,42.9,1012,425,6298,3,110,178,259,80,939,-38.5,29.3,13.8,372,163,66,64.55,65
1976,02-3089,2019,49.14989852,-120.7567673,2136,-0.3,7.7,-8,15.7,919,214,10.5,36.1,1184,317,6683,2,96,181,256,74,1064,-39.4,27.8,13.7,339,134,68,72.84,39
1976,02-3090,2019,49.1461296,-120.7544632,2119,-0.3,7.8,-7.9,15.7,918,214,10.6,36.5,1168,324,6651,2,97,181,256,75,1055,-39.3,27.9,13.7,341,136,68,72.33,41
1976,12-2000,2019,49.13544082,-120.7637634,1954,0.6,8.8,-7,15.9,893,211,11.8,41.9,1033,410,6346,3,108,179,258,79,958,-38.7,29.1,13.8,368,159,67,65.89,61
1976,12-9554,2019,49.0820198,-120.9237823,1792,1.4,9.8,-6.1,15.9,809,206,14.1,47.7,895,509,6031,2,122,174,263,89,784,-37.7,30,13.8,385,172,66,53.86,91
1976,12-9555,2019,49.16053009,-120.76474,1876,1,9.2,-6.6,15.9,910,216,12.1,42.8,967,452,6202,3,113,178,259,82,939,-38.4,29.5,13.8,379,162,66,65.68,73
1976,14-4318,2019,49.10192108,-120.7574768,1956,0.5,8.8,-7.1,15.9,824,200,12.8,44.2,1039,408,6358,3,108,179,259,80,881,-38.6,29,13.8,367,169,67,59.19,61
1976,14-4319,2019,49.10179138,-120.7552795,1890,0.9,9.2,-6.7,15.9,822,200,13.2,46.2,983,445,6232,3,112,177,259,82,851,-38.3,29.5,13.8,377,178,66,57.25,71
1976,14-4320,2019,49.07690048,-120.7710724,1815,1.3,9.7,-6.2,15.9,723,175,15.7,55.4,910,494,6070,2,117,176,260,84,722,-38.1,30,13.9,391,205,65,44.98,86
1976,14-4323,2019,49.16270065,-120.7649994,1994,0.4,8.6,-7.2,15.8,905,215,11.5,39.9,1058,388,6412,3,106,179,258,79,984,-38.8,28.7,13.7,359,148,67,68.18,55
1976,14-4324,2019,49.16270065,-120.7649002,1988,0.4,8.6,-7.2,15.8,904,215,11.5,40.1,1053,391,6401,3,107,179,258,79,980,-38.8,28.8,13.7,360,149,67,67.96,56
1976,14-4325,2019,49.15930175,-120.7705002,1981,0.4,8.6,-7.2,15.8,931,220,11.2,39.1,1052,391,6399,3,106,179,258,78,1012,-38.8,28.8,13.8,361,147,67,70.52,56
1976,14-4326,2019,49.1603012,-120.7731018,2030,0.2,8.3,-7.4,15.7,931,220,10.9,37.6,1092,364,6491,2,103,180,257,77,1033,-39,28.5,13.7,353,140,67,71.76,50
1976,14-4361,2019,49.15879821,-120.7743988,2093,-0.1,7.9,-7.8,15.7,936,221,10.5,35.8,1143,333,6604,2,99,181,256,75,1064,-39.3,28,13.7,343,132,67,73.72,43
1976,14-4382,2019,49.1646614,-120.7790527,2197,-0.7,7.3,-8.4,15.7,937,222,10,32.9,1238,287,6802,2,93,182,255,73,1106,-39.7,27.3,13.6,327,120,68,76.2,33
1976,14-4383,2019,49.15822982,-120.7749863,2106,-0.2,7.8,-7.8,15.7,936,221,10.5,35.5,1153,327,6628,2,98,181,256,75,1070,-39.3,27.9,13.7,341,130,68,74.1,41
1976,14-4384,2019,49.15280151,-120.7717896,2062,0,8.1,-7.6,15.8,932,219,10.7,37.1,1122,350,6552,2,101,181,257,76,1051,-39.1,28.3,13.7,349,137,67,72.63,46
1976,14-4385,2019,49.16463088,-120.7775726,2217,-0.8,7.2,-8.5,15.7,939,222,9.8,32.4,1255,278,6838,2,91,182,255,73,1116,-39.8,27.1,13.6,324,117,68,76.82,32
1976,14-4386,2019,49.10020828,-120.7596817,2009,0.3,8.5,-7.4,15.9,824,200,12.5,42.8,1085,380,6458,2,105,179,258,78,902,-38.8,28.6,13.7,358,163,67,60.48,53
1976,14-4387,2019,49.09149169,-120.7733994,1955,0.6,8.9,-7,16,810,195,13.1,45.8,1032,415,6339,2,109,178,259,81,865,-38.5,29.1,13.8,368,174,67,57.54,63
1976,14-4388,2019,49.06903839,-120.7620316,1624,2.1,10.7,-5.3,16,667,167,18.1,64,825,608,5808,3,126,173,261,88,628,-37.6,31.2,14,471,250,64,34.66,126
1976,14-4573,2019,49.07849884,-120.9320297,1590,2.4,10.9,-5.1,16,800,206,15.5,52.8,764,645,5683,3,135,169,265,97,693,-37,31.3,13.9,464,204,65,47.93,141
1976,14-4577,2019,49.14511871,-120.7613602,2052,0.1,8.2,-7.6,15.8,921,215,10.9,38.1,1110,356,6528,2,101,181,257,76,1032,-39.1,28.4,13.7,352,143,67,71.13,48
1976,14-4585,2019,49.07535934,-120.7685013,1752,1.6,10.1,-5.9,16,703,172,16.5,58.6,865,532,5962,2,120,175,261,86,679,-37.9,30.4,14,402,216,65,41.25,98
1976,14-4587,2019,49.0782814,-120.917923,1679,2,10.4,-5.4,15.9,795,204,15.1,51.1,818,580,5837,3,128,172,264,92,724,-37.4,30.7,13.9,451,196,65,49.39,116
1976,14-4588,2019,49.0820198,-120.9236526,1792,1.4,9.8,-6.1,15.9,809,206,14.1,47.8,895,510,6031,2,122,174,263,89,783,-37.7,30,13.8,385,172,66,53.85,91
1976,19JCG13,2019,49.11692047,-120.6429367,1080,4.5,13.8,-3.6,17.4,527,157,27.6,88.1,565,1071,4913,16,160,158,267,109,352,-35.6,35,14.3,594,383,61,4.52,364
1976,19JCG15,2019,49.11320114,-120.6441498,1046,4.7,14,-3.5,17.5,531,157,27.7,89.2,549,1104,4854,18,162,157,267,110,348,-35.5,35.3,14.3,601,390,61,3.77,383
1976,19JCG18,2019,49.11236953,-120.6519089,1088,4.5,13.8,-3.6,17.4,530,157,27.3,87.9,568,1063,4927,16,159,158,267,109,358,-35.7,35,14.3,592,381,61,5.16,359
1977,MP 291,1976,49.03950881,-120.8720016,1308,3.1,15.2,-8,23.2,923,206,14.2,73.7,853,955,5430,17,142,184,246,62,282,-37,33.2,14.2,558,286,62,48.85,335
1977,MP 292,1976,49.03998947,-120.8811035,1277,3.2,15.3,-8.1,23.4,937,209,14.1,73.2,850,976,5399,18,144,183,246,63,282,-36.9,33.4,14.2,563,287,62,49.54,349
1977,MP 293,1976,49.04455947,-120.8516998,1259,3.4,15.4,-7.7,23.2,884,197,15.2,78.3,821,1000,5333,20,145,183,246,63,255,-36.9,33.6,14.2,570,305,61,43.14,363
1977,MP 294,1976,49.11808013,-120.8660965,1402,2.8,14.7,-8,22.7,908,193,14.1,76.1,886,879,5561,14,139,186,245,59,308,-37.2,32.6,14.1,537,281,63,50.01,290
1977,MP 295,1976,49.11931991,-120.8755035,1353,2.9,15,-8.2,23.2,910,194,14.2,76.9,884,915,5513,15,141,185,245,60,305,-37.1,33,14.1,547,288,63,48.94,313
1977,MP 296,1976,49.12162017,-120.8731003,1381,2.8,14.8,-8.1,22.9,910,195,14.1,76.1,885,895,5539,14,140,186,245,60,307,-37.1,32.7,14.1,541,283,63,49.69,300
1977,MP 299,1976,49.04080963,-120.8787003,1311,3.1,15.2,-8.1,23.2,934,208,14,72.8,859,950,5443,17,142,184,245,62,287,-37,33.2,14.2,556,283,63,50.13,333
1977,MP 281,1976,49.10832977,-120.7583008,1921,0.7,12.2,-8.2,20.4,1022,213,10.5,57.3,1118,545,6297,3,115,198,242,44,443,-38.4,29.3,13.8,447,203,66,73.95,122
1977,MP 285,1976,49.07500076,-120.7750015,1481,2.6,14.3,-7.5,21.9,849,182,14.9,78.7,882,837,5606,12,135,189,243,54,288,-37.2,32.1,14.2,534,288,62,44.79,264
1977,MP 286,1976,49.07500076,-120.7750015,1326,3.2,15.1,-7.4,22.5,819,179,16.1,84.3,831,953,5400,17,141,185,243,59,252,-36.8,33.1,14.3,564,320,61,37.62,332
1977,MP 287,1976,49.11643981,-120.8702011,1250,3.2,15.4,-8.5,23.9,908,194,14.6,79.7,867,993,5402,19,144,183,245,62,291,-37,33.7,14.2,567,306,63,46.03,359
1977,MP 288,1976,49.11574935,-120.8669968,1259,3.2,15.4,-8.4,23.8,908,193,14.5,79.5,864,986,5405,19,144,183,245,62,290,-37,33.6,14.2,566,305,62,46.23,355
1977,MP 289,1976,49.04022979,-120.8937988,1466,2.6,14.4,-7.5,22,949,212,13.3,68,878,836,5604,12,137,188,245,58,311,-37.2,32.1,14.1,526,255,63,55.66,264
1977,MP 290,1976,49.03955841,-120.8881989,1353,3,15,-7.8,22.8,945,211,13.7,70.8,861,915,5483,15,141,185,245,60,295,-37,32.9,14.1,548,274,63,52.4,313
1977,35079,1979,49.18056106,-120.9610977,770,5.8,18.1,-6,24.1,908,185,17.4,97.9,594,1475,4520,67,183,160,257,97,170,-33,36.7,14.1,706,400,62,31.9,660
1977,35179,1979,49.08110809,-120.8127975,1210,3.6,15.6,-7.6,23.3,821,181,16.6,86.2,798,1032,5265,22,146,182,245,63,232,-36.8,33.9,14.3,579,331,61,35.35,383
1977,35379,1979,49.08889007,-120.8139038,1210,3.5,15.5,-7.8,23.3,843,184,16,84.6,823,1021,5309,21,145,182,244,62,248,-36.8,33.8,14.2,577,327,61,38.12,376
1977,SK93710,1993,49.21475894,-121.0660627,695,6.3,18.1,-4.2,22.3,993,192,16.4,94.4,461,1497,4313,64,203,151,266,116,144,-30.2,35.9,13.7,680,359,66,44.2,658
1977,SK93711,1993,49.21441772,-121.0671746,686,6.4,18.2,-4.1,22.3,993,192,16.5,94.6,457,1505,4298,65,204,150,267,116,142,-30.1,35.9,13.7,681,360,66,44.08,662
1977,SK93721,1993,49.21632862,-121.0684733,698,6.3,18.1,-4.1,22.2,993,192,16.4,94.4,460,1491,4317,63,203,151,266,115,145,-30.2,35.8,13.7,678,358,66,44.42,654
1977,SK93722,1993,49.21739366,-121.0676078,698,6.3,18.1,-4.2,22.3,994,192,16.4,94.3,463,1491,4321,64,203,151,266,115,145,-30.3,35.8,13.7,679,358,66,44.46,654
1977,SK93734,1993,49.19803638,-120.9928605,869,5.5,17.5,-5.3,22.9,938,187,16.6,93.6,566,1370,4589,51,183,160,259,99,179,-32.6,35.5,13.9,667,360,64,40.06,589
1977,SK93735,1993,49.19748268,-120.9920592,869,5.5,17.5,-5.4,22.9,937,187,16.6,93.8,567,1370,4591,51,183,161,259,99,179,-32.7,35.5,13.9,667,361,64,39.9,589
1977,SK93736,1993,49.20192025,-120.9885846,823,5.7,17.7,-5.2,22.9,924,186,17,95.6,549,1409,4527,56,187,159,260,102,168,-32.3,35.7,13.9,674,368,64,37.71,613
1977,00NCc13,2000,49.22752855,-120.9627241,900,5.3,17.5,-6,23.5,955,185,16,94.3,623,1348,4690,50,177,163,256,93,205,-33.6,35.6,14,671,366,63,41.51,580
1977,00NCe73,2000,49.12286895,-120.8200364,1455,2.4,14.3,-8.5,22.8,917,193,13.5,74.1,941,827,5696,11,134,189,243,54,331,-37.5,32.2,14.1,530,277,63,52.27,258
1977,00NCe74,2000,49.12958668,-120.8160951,1620,1.9,13.6,-8,21.6,926,193,12.9,70.2,964,722,5862,6,128,192,243,51,353,-37.8,31.1,14,499,252,64,56.97,203
1977,00NCe75,2000,49.13184343,-120.8212604,1750,1.6,13,-7.6,20.6,924,193,12.6,67.6,971,648,5970,4,124,194,244,49,360,-37.9,30.3,14,474,232,64,59.95,168
1977,00NCe76,2000,49.12956482,-120.8230328,1665,1.8,13.4,-7.9,21.3,917,193,12.9,69.6,961,698,5891,6,127,193,243,51,350,-37.8,30.9,14,490,245,64,57.14,191
1977,00NCe77,2000,49.06956013,-120.905716,1470,2.6,14.4,-7.8,22.2,958,209,13.1,69,893,837,5623,12,137,187,246,58,324,-37.2,32.2,14.1,525,256,63,56.6,264
1977,00NCe78,2000,49.08614425,-120.9258513,1840,1.3,12.7,-7.7,20.4,994,212,11.3,60.2,1031,601,6109,3,124,194,246,52,402,-37.7,29.7,13.8,452,195,66,69.85,147
1977,00NCe79,2000,49.08811762,-120.9446303,1790,1.5,13,-7.5,20.5,1020,215,11.3,60.4,992,634,6013,4,128,192,248,56,400,-37.4,30,13.8,456,194,66,71.52,162
1977,00NCe82,2000,49.04462405,-120.9646257,1810,1.4,12.9,-7.5,20.4,1058,232,10.8,55.5,1006,621,6049,4,126,193,247,54,413,-37.4,30,13.8,456,183,66,75.58,156
1977,00NCe83,2000,49.0409285,-120.9723988,1800,1.5,12.9,-7.5,20.4,1076,236,10.7,54.9,997,628,6028,4,127,192,247,55,417,-37.3,30,13.8,457,180,66,77.18,159
1977,00NCe84,2000,49.04042506,-120.9724193,685,7,18.8,-3.5,22.3,1073,236,15.9,80,405,1656,4077,88,204,146,268,122,110,-32.2,36.1,14.1,733,332,61,46.44,756
1977,00NCe85,2000,49.03686803,-120.9645592,1705,1.9,13.4,-7.1,20.6,1061,233,11.2,57.7,934,693,5861,5,133,189,249,59,386,-37,30.6,13.8,473,195,66,73.22,189
1977,00NCe86,2000,49.04063959,-120.9800327,1745,1.7,13.2,-7.3,20.5,1080,237,10.9,55.9,957,665,5928,4,131,190,248,57,405,-37,30.3,13.8,466,186,66,76.21,176
1977,00NCe87,2000,49.03145849,-120.9420956,1820,1.3,12.8,-7.7,20.5,980,219,11.6,58.6,1022,613,6081,4,124,194,246,52,384,-37.5,30,13.8,457,194,66,67.85,153
1977,00NCe89,2000,49.05549669,-120.9155332,1725,1.8,13.3,-7.3,20.6,959,212,12.3,62.8,948,677,5900,5,129,192,246,55,352,-37.4,30.5,13.9,476,214,65,62.97,181
1977,00NCe90,2000,49.06442921,-120.8922135,1325,3,15.1,-8.2,23.2,948,209,13.7,72.1,875,936,5480,16,142,184,245,61,302,-37,33.1,14.1,553,279,63,52.1,324
1977,00NCe91,2000,49.11667802,-120.8651929,1450,2.6,14.5,-7.9,22.4,907,193,13.9,75,895,846,5614,12,137,187,245,58,314,-37.3,32.3,14.1,528,274,63,51.14,270
1977,00NCe92,2000,49.12229155,-120.8690776,1665,1.9,13.5,-7.7,21.2,911,194,13,69.3,956,705,5876,6,129,192,245,53,347,-37.6,30.8,14,487,240,64,56.8,195
1977,00NCe93,2000,49.13832844,-120.8485222,1615,2,13.7,-7.9,21.6,925,197,13,69.5,955,735,5835,7,130,191,245,54,351,-37.6,31.1,14,496,246,64,57.01,209
1977,00NCe94,2000,49.1422333,-120.8451718,1565,2.1,13.9,-8.2,22.1,925,197,13.1,70.5,958,762,5802,8,131,191,244,53,349,-37.5,31.4,14,506,254,64,55.9,223
1977,00NCe95,2000,49.12585389,-120.8366702,1540,2.3,14,-7.9,21.9,904,192,13.6,72.8,926,777,5739,8,132,190,244,53,328,-37.6,31.7,14.1,513,264,63,52.79,230
1977,114791,2007,49.1638298,-120.7723007,2225,-0.8,10.5,-9.2,19.8,1152,230,8,45.7,1366,365,6857,1,97,202,239,36,570,-39.7,27.1,13.6,276,145,68,94.2,57
1977,114792,2007,49.16588973,-120.7787018,2225,-0.8,10.5,-9.3,19.8,1159,231,7.9,45.3,1371,362,6869,1,96,202,238,36,575,-39.8,27.1,13.6,276,144,68,94.99,56
1977,114793,2007,49.16717147,-120.7802963,2200,-0.7,10.6,-9.2,19.8,1152,231,8.1,46.1,1347,375,6821,1,97,202,238,36,567,-39.7,27.3,13.7,279,147,67,93.73,60
1977,114794,2007,49.16852951,-120.7815018,2145,-0.4,10.9,-9,19.9,1137,229,8.4,47.7,1294,403,6717,1,101,202,239,37,549,-39.5,27.6,13.7,358,154,67,91.11,69
1977,114795,2007,49.16878128,-120.781601,2140,-0.4,11,-9,19.9,1135,229,8.5,47.9,1290,406,6708,1,101,202,239,37,547,-39.5,27.7,13.7,359,154,67,90.81,70
1977,114796,2007,49.17169952,-120.7848969,2100,-0.2,11.2,-8.9,20.1,1114,226,8.8,49.4,1260,429,6638,2,104,201,239,38,530,-39.3,28,13.7,412,168,67,87.76,78
1977,114797,2007,49.17219924,-120.7894974,2125,-0.3,11.1,-9,20,1111,226,8.7,49,1281,416,6682,2,102,202,239,37,535,-39.4,27.8,13.7,361,158,67,88,74
1977,12-1929,2015,49.20005416,-120.9982758,906,5.4,17.4,-5.4,22.8,951,190,16.2,91.6,581,1343,4639,48,181,162,259,97,190,-32.6,35.4,13.9,661,353,64,42.12,573
1977,02-3085,2019,49.14056015,-120.7638931,2044,0.1,11.5,-8.6,20.2,1134,227,8.9,50.8,1213,465,6526,2,107,201,240,39,523,-39,28.4,13.8,425,179,66,88.26,91
1977,02-3087,2019,49.1199913,-120.752121,1874,1,12.5,-8,20.5,1034,213,10.6,58.6,1078,577,6201,3,118,198,243,45,437,-38.3,29.6,13.9,457,211,65,73.8,136
1977,02-3088,2019,49.13434982,-120.7645264,1928,0.7,12.2,-8.3,20.4,1090,220,9.8,55.4,1123,539,6309,3,114,199,242,43,477,-38.5,29.3,13.9,446,199,66,80.93,120
1977,02-3089,2019,49.14989852,-120.7567673,2136,-0.4,11,-9,20,1137,226,8.5,48.7,1287,413,6695,1,101,202,239,37,545,-39.4,27.8,13.7,361,157,67,90.57,73
1977,02-3090,2019,49.1461296,-120.7544632,2119,-0.3,11.1,-8.9,20,1136,227,8.6,49,1273,422,6663,2,102,202,239,38,540,-39.3,27.9,13.7,364,159,67,90.18,76
1977,12-2000,2019,49.13544082,-120.7637634,1954,0.6,12,-8.4,20.4,1100,221,9.6,54.3,1142,522,6357,2,113,199,242,42,487,-38.7,29.1,13.8,442,194,66,82.56,113
1977,12-9554,2019,49.0820198,-120.9237823,1792,1.4,12.9,-7.6,20.5,988,212,11.6,61.2,1007,628,6041,4,126,193,246,53,390,-37.7,30,13.8,461,203,66,68,159
1977,12-9555,2019,49.16053009,-120.76474,1876,1,12.4,-8.1,20.5,1122,226,9.8,54.9,1082,570,6215,3,117,198,243,45,478,-38.4,29.5,13.9,454,199,65,82.92,133
1977,14-4318,2019,49.10192108,-120.7574768,1956,0.5,12,-8.3,20.3,1018,212,10.4,56.7,1146,521,6365,2,113,199,242,43,449,-38.6,29,13.8,440,198,66,74.56,113
1977,14-4319,2019,49.10179138,-120.7552795,1890,0.9,12.4,-8.1,20.4,1016,211,10.7,58.5,1093,563,6240,3,117,198,243,45,432,-38.3,29.5,13.9,452,208,65,72.61,130
1977,14-4320,2019,49.07690048,-120.7710724,1815,1.3,12.8,-7.6,20.4,917,191,12.4,66.9,1022,617,6076,4,121,196,244,47,366,-38.1,30,13.9,468,231,64,60.47,154
1977,14-4323,2019,49.16270065,-120.7649994,1994,0.4,11.8,-8.5,20.3,1116,225,9.3,52.3,1169,497,6425,2,111,200,242,42,503,-38.8,28.7,13.8,432,184,66,85.34,103
1977,14-4324,2019,49.16270065,-120.7649002,1988,0.4,11.8,-8.4,20.3,1115,225,9.3,52.5,1164,500,6414,2,111,199,242,42,502,-38.8,28.8,13.8,433,185,66,85.1,104
1977,14-4325,2019,49.15930175,-120.7705002,1981,0.4,11.8,-8.4,20.3,1149,230,9.1,51.4,1163,500,6412,2,111,200,241,42,516,-38.8,28.8,13.8,434,182,66,88.47,105
1977,14-4326,2019,49.1603012,-120.7731018,2030,0.2,11.6,-8.6,20.2,1150,230,8.8,50.1,1201,469,6504,2,108,201,241,40,527,-39,28.5,13.8,425,175,66,89.75,93
1977,14-4361,2019,49.15879821,-120.7743988,2093,-0.1,11.2,-8.8,20,1157,231,8.5,48.4,1249,433,6617,2,104,201,240,38,544,-39.3,28,13.7,414,167,67,91.91,79
1977,14-4382,2019,49.1646614,-120.7790527,2197,-0.7,10.6,-9.2,19.8,1157,231,8,46,1345,376,6816,1,98,202,238,36,568,-39.7,27.3,13.7,279,147,67,94.2,61
1977,14-4383,2019,49.15822982,-120.7749863,2106,-0.2,11.1,-8.8,20,1158,232,8.5,48.1,1259,425,6641,2,103,202,240,38,547,-39.3,27.9,13.7,364,156,67,92.34,77
1977,14-4384,2019,49.15280151,-120.7717896,2062,0,11.4,-8.7,20.1,1153,230,8.7,49.4,1229,452,6565,2,106,201,240,39,536,-39.1,28.3,13.8,420,173,66,90.77,86
1977,14-4385,2019,49.16463088,-120.7775726,2217,-0.8,10.5,-9.2,19.8,1159,231,7.9,45.5,1363,366,6852,1,96,202,238,36,573,-39.8,27.1,13.6,277,145,68,94.86,58
1977,14-4386,2019,49.10020828,-120.7596817,2009,0.3,11.7,-8.5,20.3,1017,211,10.1,55.6,1190,488,6466,2,110,200,241,41,460,-38.8,28.6,13.8,431,191,67,75.78,100
1977,14-4387,2019,49.09149169,-120.7733994,1955,0.6,12.1,-8.2,20.3,1003,205,10.6,58.8,1139,527,6347,3,114,199,242,44,439,-38.5,29.1,13.8,441,202,66,72.78,115
1977,14-4388,2019,49.06903839,-120.7620316,1624,2.1,13.7,-7.7,21.4,860,184,14,74.2,942,739,5813,7,129,192,244,52,311,-37.6,31.2,14.1,504,263,63,49.68,211
1977,14-4573,2019,49.07849884,-120.9320297,1590,2.4,14,-7,20.9,979,212,12.7,65.9,881,768,5693,9,137,187,248,61,338,-37,31.3,13.9,496,230,64,62.06,225
1977,14-4577,2019,49.14511871,-120.7613602,2052,0.1,11.5,-8.7,20.1,1139,227,8.8,50.4,1217,460,6539,2,106,201,240,39,526,-39.1,28.4,13.8,423,177,66,88.96,89
1977,14-4585,2019,49.07535934,-120.7685013,1752,1.6,13.1,-7.4,20.5,896,188,13,69.6,979,658,5967,4,124,195,244,49,344,-37.9,30.4,14,480,242,64,56.58,172
1977,14-4587,2019,49.0782814,-120.917923,1679,2,13.5,-7.2,20.7,974,211,12.3,64,932,703,5846,6,131,191,247,56,357,-37.4,30.7,13.9,483,221,64,63.46,193
1977,14-4588,2019,49.0820198,-120.9236526,1792,1.4,12.9,-7.6,20.5,988,212,11.6,61.2,1007,628,6041,4,126,193,246,53,390,-37.7,30,13.8,461,203,66,67.99,159
1977,19JCG13,2019,49.11692047,-120.6429367,1080,4.5,16.6,-6.6,23.3,670,164,21.7,101.2,705,1214,4937,35,159,174,249,75,155,-35.6,35,14.3,615,394,60,14.48,500
1977,19JCG15,2019,49.11320114,-120.6441498,1046,4.7,16.8,-6.6,23.4,676,165,21.7,102,690,1249,4881,39,161,173,250,77,150,-35.5,35.3,14.4,674,400,60,13.92,521
1977,19JCG18,2019,49.11236953,-120.6519089,1088,4.5,16.6,-6.7,23.3,674,164,21.5,100.9,708,1205,4950,34,158,174,249,75,157,-35.7,35,14.3,613,392,60,15.25,494
1978,MP 291,1976,49.03950881,-120.8720016,1308,2.8,14.1,-9.6,23.7,802,273,16,51.6,913,925,5527,11,147,173,254,81,516,-37,33.2,14,572,240,63,39.28,305
1978,MP 292,1976,49.03998947,-120.8811035,1277,2.9,14.2,-9.6,23.9,811,277,15.9,51.4,910,947,5495,12,148,173,254,82,516,-36.9,33.4,14,577,240,63,39.57,318
1978,MP 293,1976,49.04455947,-120.8516998,1259,3.1,14.4,-9.3,23.7,773,261,16.9,55.1,884,969,5432,13,149,172,254,82,480,-36.9,33.6,14.1,585,259,62,34.76,331
1978,MP 294,1976,49.11808013,-120.8660965,1402,2.4,13.6,-9.5,23.1,797,257,15.6,52.9,948,851,5664,9,143,175,254,78,535,-37.2,32.6,13.9,550,231,64,41.38,263
1978,MP 295,1976,49.11931991,-120.8755035,1353,2.6,13.8,-9.7,23.5,798,259,15.8,53.4,946,889,5615,10,145,174,254,79,527,-37.1,33,13.9,560,237,64,40.26,285
1978,MP 296,1976,49.12162017,-120.8731003,1381,2.5,13.7,-9.6,23.3,798,259,15.7,52.9,948,869,5641,10,144,175,254,79,531,-37.1,32.7,13.9,554,232,64,41.03,273
1978,MP 299,1976,49.04080963,-120.8787003,1311,2.8,14.1,-9.6,23.7,809,276,15.8,51,919,921,5539,11,147,173,254,81,523,-37,33.2,14,570,236,63,40.22,303
1978,MP 281,1976,49.10832977,-120.7583008,1921,0.4,10.9,-9.8,20.7,905,275,11.5,39.6,1175,504,6412,0,118,185,251,65,761,-38.4,29.3,13.6,386,142,67,64.35,91
1978,MP 285,1976,49.07500076,-120.7750015,1481,2.3,13.3,-9.1,22.4,757,240,16.3,55.2,945,803,5714,8,139,178,252,75,516,-37.2,32.1,14,511,246,63,38.09,234
1978,MP 286,1976,49.07500076,-120.7750015,1326,2.9,14.1,-9,23.1,733,236,17.6,59.7,897,919,5507,11,145,174,252,78,458,-36.8,33.1,14,577,274,62,31.77,300
1978,MP 287,1976,49.11643981,-120.8702011,1250,2.9,14.4,-9.9,24.3,797,258,16.2,55.6,930,964,5503,13,148,172,254,81,509,-37,33.7,14,582,254,63,37.51,329
1978,MP 288,1976,49.11574935,-120.8669968,1259,2.9,14.3,-9.8,24.2,797,257,16.2,55.6,926,957,5507,13,148,173,254,81,509,-37,33.6,14,580,253,63,37.73,324
1978,MP 289,1976,49.04022979,-120.8937988,1466,2.3,13.3,-9.1,22.4,820,281,15.1,47.2,937,807,5700,8,141,177,254,77,556,-37.2,32.1,13.9,505,208,64,45.13,237
1978,MP 290,1976,49.03955841,-120.8881989,1353,2.7,13.8,-9.4,23.2,817,280,15.5,49.5,921,890,5579,10,145,174,254,80,534,-37,32.9,13.9,561,226,64,42.08,284
1978,35079,1979,49.18056106,-120.9610977,770,5.5,17.2,-7.3,24.5,775,251,20,68.5,666,1455,4608,51,186,152,265,113,343,-33,36.7,14,673,319,63,21.67,630
1978,35179,1979,49.08110809,-120.8127975,1210,3.3,14.6,-9.2,23.8,732,239,18.1,61.1,864,999,5368,15,150,171,254,83,435,-36.8,33.9,14.1,595,282,62,29.43,349
1978,35379,1979,49.08889007,-120.8139038,1210,3.1,14.5,-9.4,23.9,751,243,17.5,59.9,890,989,5413,14,150,171,253,82,458,-36.8,33.8,14,592,275,62,31.71,342
1978,SK93710,1993,49.21475894,-121.0660627,695,6,17.1,-5.3,22.3,821,265,19.5,64.4,526,1479,4395,49,204,143,274,131,293,-30.2,35.9,13.5,639,281,66,30,632
1978,SK93711,1993,49.21441772,-121.0671746,686,6.1,17.1,-5.2,22.3,821,265,19.6,64.5,522,1486,4381,50,205,143,275,132,289,-30.1,35.9,13.5,640,282,66,29.85,636
1978,SK93721,1993,49.21632862,-121.0684733,698,6,17,-5.2,22.3,821,265,19.5,64.3,525,1472,4400,48,204,143,274,131,292,-30.2,35.8,13.5,638,280,66,30.2,628
1978,SK93722,1993,49.21739366,-121.0676078,698,6,17,-5.3,22.3,822,265,19.5,64.2,528,1472,4404,48,204,143,274,131,294,-30.3,35.8,13.5,638,281,66,30.28,628
1978,SK93734,1993,49.19803638,-120.9928605,869,5.2,16.5,-6.6,23.1,791,254,19.2,65,636,1345,4676,38,186,152,268,116,343,-32.6,35.5,13.8,634,286,64,28.35,558
1978,SK93735,1993,49.19748268,-120.9920592,869,5.2,16.5,-6.6,23.1,790,254,19.3,65.1,637,1344,4677,38,186,152,268,115,343,-32.7,35.5,13.8,634,287,64,28.22,557
1978,SK93736,1993,49.20192025,-120.9885846,823,5.4,16.7,-6.4,23.1,783,252,19.7,66.3,619,1388,4614,41,189,150,269,118,327,-32.3,35.7,13.8,640,293,64,26.53,582
1978,00NCc13,2000,49.22752855,-120.9627241,900,4.9,16.5,-7.2,23.7,814,254,18.4,64.9,697,1322,4780,37,180,155,265,110,384,-33.6,35.6,13.9,638,289,64,30.4,548
1978,00NCe73,2000,49.12286895,-120.8200364,1455,2.1,13.2,-10,23.2,813,256,14.8,51.5,1010,795,5803,7,138,178,251,74,578,-37.5,32.2,13.9,508,225,64,44.23,230
1978,00NCe74,2000,49.12958668,-120.8160951,1620,1.6,12.4,-9.5,21.9,822,257,14.1,48.3,1026,686,5975,3,132,181,252,71,613,-37.8,31.1,13.8,477,200,65,49.23,172
1978,00NCe75,2000,49.13184343,-120.8212604,1750,1.3,11.8,-9.1,20.9,821,257,13.8,45.9,1033,611,6082,3,128,182,252,70,623,-37.9,30.3,13.7,453,181,65,51.97,136
1978,00NCe76,2000,49.12956482,-120.8230328,1665,1.5,12.2,-9.4,21.6,815,257,14.1,47.6,1023,661,6002,3,131,181,252,71,607,-37.8,30.9,13.8,468,194,65,49.46,160
1978,00NCe77,2000,49.06956013,-120.905716,1470,2.3,13.3,-9.3,22.5,828,278,14.8,47.7,953,808,5719,8,141,177,254,78,567,-37.2,32.2,13.9,504,206,64,45.99,238
1978,00NCe78,2000,49.08614425,-120.9258513,1840,0.9,11.4,-9.1,20.5,855,282,12.8,40.3,1085,567,6210,1,128,182,254,73,673,-37.7,29.7,13.6,391,146,67,57.92,115
1978,00NCe79,2000,49.08811762,-120.9446303,1790,1.2,11.6,-8.9,20.5,873,287,12.8,40.4,1048,602,6114,2,132,180,256,76,669,-37.4,30,13.5,395,145,67,58.92,130
1978,00NCe82,2000,49.04462405,-120.9646257,1810,1.1,11.5,-9,20.5,894,304,12.4,37.9,1058,589,6146,1,130,181,255,74,693,-37.4,30,13.6,395,131,67,61.21,125
1978,00NCe83,2000,49.0409285,-120.9723988,1800,1.2,11.6,-8.9,20.5,908,310,12.3,37.4,1049,596,6123,2,131,180,255,75,699,-37.3,30,13.6,395,128,67,62.45,128
1978,00NCe84,2000,49.04042506,-120.9724193,685,6.7,17.7,-4.9,22.6,906,309,18.5,57.2,461,1633,4153,67,206,138,276,138,272,-32.2,36.1,13.9,690,277,62,32.91,728
1978,00NCe85,2000,49.03686803,-120.9645592,1705,1.6,12.1,-8.6,20.7,895,305,13,39.7,988,662,5957,3,137,178,257,79,659,-37,30.6,13.6,452,142,67,59.07,159
1978,00NCe86,2000,49.04063959,-120.9800327,1745,1.5,11.9,-8.7,20.6,909,310,12.6,38.3,1011,635,6023,3,134,179,256,77,681,-37,30.3,13.6,445,134,67,61.32,145
1978,00NCe87,2000,49.03145849,-120.9420956,1820,1,11.5,-9.2,20.6,835,288,13.2,39.8,1073,579,6178,1,128,182,254,72,651,-37.5,30,13.6,396,146,67,55.37,121
1978,00NCe89,2000,49.05549669,-120.9155332,1725,1.5,12,-8.8,20.9,826,281,13.9,42.8,1005,644,6001,3,133,180,255,75,610,-37.4,30.5,13.7,455,167,66,52.04,150
1978,00NCe90,2000,49.06442921,-120.8922135,1325,2.7,14,-9.7,23.7,821,277,15.5,50.5,934,907,5577,11,146,174,254,80,539,-37,33.1,13.9,566,230,64,41.9,295
1978,00NCe91,2000,49.11667802,-120.8651929,1450,2.3,13.4,-9.4,22.8,796,257,15.4,52,957,816,5717,8,141,176,254,77,544,-37.3,32.3,13.9,507,224,64,42.48,243
1978,00NCe92,2000,49.12229155,-120.8690776,1665,1.6,12.3,-9.2,21.5,799,258,14.5,47.5,1017,670,5983,3,133,180,254,73,588,-37.6,30.8,13.7,466,190,65,48.17,165
1978,00NCe93,2000,49.13832844,-120.8485222,1615,1.7,12.5,-9.3,21.9,818,263,14.3,47.6,1017,701,5945,4,134,180,253,74,595,-37.6,31.1,13.7,475,194,65,48.89,180
1978,00NCe94,2000,49.1422333,-120.8451718,1565,1.8,12.8,-9.6,22.4,819,263,14.4,48.5,1019,729,5913,4,135,179,253,73,591,-37.5,31.4,13.8,485,202,65,47.8,195
1978,00NCe95,2000,49.12585389,-120.8366702,1540,1.9,12.8,-9.4,22.3,800,256,14.9,50.2,988,744,5850,5,136,179,252,73,567,-37.6,31.7,13.8,492,213,64,44.97,203
1978,114791,2007,49.1638298,-120.7723007,2225,-1.1,9,-10.7,19.8,1020,300,8.7,30.2,1447,332,6974,0,101,189,247,58,941,-39.7,27.1,13.3,335,98,69,83.11,38
1978,114792,2007,49.16588973,-120.7787018,2225,-1.2,9,-10.7,19.7,1026,302,8.6,29.7,1452,329,6986,0,100,189,247,57,946,-39.8,27.1,13.3,335,98,69,83.75,37
1978,114793,2007,49.16717147,-120.7802963,2200,-1,9.1,-10.6,19.8,1021,301,8.8,30.3,1427,341,6937,0,101,189,247,57,933,-39.7,27.3,13.4,339,101,69,82.64,40
1978,114794,2007,49.16852951,-120.7815018,2145,-0.8,9.5,-10.5,19.9,1010,300,9.1,31.6,1374,369,6833,0,105,189,247,58,908,-39.5,27.6,13.4,348,107,68,80.29,47
1978,114795,2007,49.16878128,-120.781601,2140,-0.7,9.5,-10.4,19.9,1008,299,9.2,31.7,1370,371,6824,0,105,189,248,58,905,-39.5,27.7,13.4,349,107,68,80.03,48
1978,114796,2007,49.17169952,-120.7848969,2100,-0.5,9.7,-10.4,20.1,992,296,9.5,32.9,1338,393,6754,0,107,189,248,59,878,-39.3,28,13.4,356,113,68,77.38,54
1978,114797,2007,49.17219924,-120.7894974,2125,-0.7,9.6,-10.4,20,988,295,9.4,32.5,1360,381,6799,0,106,189,248,59,880,-39.4,27.8,13.4,352,111,68,77.57,50
1978,12-1929,2015,49.20005416,-120.9982758,906,5.1,16.4,-6.6,23,801,258,18.8,63.5,652,1318,4725,35,184,154,268,114,359,-32.6,35.4,13.8,629,279,65,30.04,542
1978,02-3085,2019,49.14056015,-120.7638931,2044,-0.2,10.1,-10.2,20.3,999,292,9.8,34.6,1285,427,6642,0,110,188,249,61,883,-39,28.4,13.5,367,118,67,76.52,64
1978,02-3087,2019,49.1199913,-120.752121,1874,0.7,11.2,-9.6,20.7,917,275,11.6,40.6,1133,537,6317,1,121,185,251,67,757,-38.3,29.6,13.6,395,149,66,64.28,103
1978,02-3088,2019,49.13434982,-120.7645264,1928,0.4,10.8,-9.8,20.6,961,283,10.8,38.1,1181,500,6425,0,118,186,251,65,815,-38.5,29.3,13.6,385,135,67,70.02,89
1978,02-3089,2019,49.14989852,-120.7567673,2136,-0.7,9.6,-10.5,20.1,1005,292,9.2,32.7,1367,377,6812,0,105,189,248,59,911,-39.4,27.8,13.4,352,110,68,79.38,49
1978,02-3090,2019,49.1461296,-120.7544632,2119,-0.6,9.7,-10.4,20.1,1004,293,9.3,33,1350,385,6780,0,106,189,248,59,906,-39.3,27.9,13.5,354,111,68,78.9,52
1978,12-2000,2019,49.13544082,-120.7637634,1954,0.2,10.7,-9.9,20.6,969,285,10.6,37.3,1201,482,6473,0,116,187,250,64,830,-38.7,29.1,13.6,381,131,67,71.47,83
1978,12-9554,2019,49.0820198,-120.9237823,1792,1.1,11.6,-9,20.6,850,281,13.1,41.2,1061,594,6143,1,129,181,254,73,657,-37.7,30,13.6,399,153,67,56.32,127
1978,12-9555,2019,49.16053009,-120.76474,1876,0.6,11.1,-9.6,20.7,997,294,10.6,37.7,1140,530,6332,1,121,185,251,66,823,-38.4,29.5,13.6,392,136,66,72.6,100
1978,14-4318,2019,49.10192108,-120.7574768,1956,0.2,10.7,-9.9,20.6,901,273,11.3,39,1204,480,6480,0,116,186,250,64,769,-38.6,29,13.6,380,139,67,64.83,82
1978,14-4319,2019,49.10179138,-120.7552795,1890,0.5,11,-9.7,20.7,899,273,11.7,40.5,1148,522,6355,1,120,185,251,66,748,-38.3,29.5,13.6,391,148,67,63.07,98
1978,14-4320,2019,49.07690048,-120.7710724,1815,1,11.5,-9.3,20.8,811,252,13.6,45.8,1078,577,6189,1,125,183,252,69,646,-38.1,30,13.7,405,184,66,52.08,120
1978,14-4323,2019,49.16270065,-120.7649994,1994,0,10.4,-10,20.4,993,293,10.1,35.6,1230,458,6543,0,114,187,250,63,854,-38.8,28.7,13.5,373,123,67,74.97,74
1978,14-4324,2019,49.16270065,-120.7649002,1988,0.1,10.5,-10,20.4,992,293,10.1,35.7,1226,461,6532,0,115,187,250,63,851,-38.8,28.8,13.5,374,124,67,74.75,75
1978,14-4325,2019,49.15930175,-120.7705002,1981,0.1,10.4,-10,20.4,1018,299,9.9,34.9,1224,461,6529,0,114,187,250,63,876,-38.8,28.8,13.5,375,121,67,77.21,75
1978,14-4326,2019,49.1603012,-120.7731018,2030,-0.2,10.1,-10.1,20.2,1018,300,9.6,33.8,1272,431,6621,0,111,188,249,61,890,-39,28.5,13.5,367,116,67,78.41,65
1978,14-4361,2019,49.15879821,-120.7743988,2093,-0.5,9.8,-10.3,20.1,1023,301,9.3,32.4,1325,396,6734,0,108,188,248,60,911,-39.3,28,13.5,356,110,68,80.37,55
1978,14-4382,2019,49.1646614,-120.7790527,2197,-1,9.1,-10.6,19.8,1024,302,8.8,30.3,1424,343,6932,0,102,189,247,58,937,-39.7,27.3,13.4,340,100,69,82.93,40
1978,14-4383,2019,49.15822982,-120.7749863,2106,-0.6,9.7,-10.3,20,1024,301,9.2,32.2,1335,389,6757,0,107,189,248,59,915,-39.3,27.9,13.5,354,108,68,80.75,53
1978,14-4384,2019,49.15280151,-120.7717896,2062,-0.3,10,-10.2,20.2,1017,299,9.5,33.4,1303,414,6681,0,110,188,249,60,902,-39.1,28.3,13.5,362,113,68,79,60
1978,14-4385,2019,49.16463088,-120.7775726,2217,-1.1,9,-10.7,19.7,1026,302,8.6,29.9,1443,333,6969,0,100,189,247,57,945,-39.8,27.1,13.4,336,98,69,83.57,38
1978,14-4386,2019,49.10020828,-120.7596817,2009,-0.1,10.3,-10.1,20.5,900,273,11,37.9,1258,448,6580,0,113,187,250,63,783,-38.8,28.6,13.5,371,132,68,65.93,71
1978,14-4387,2019,49.09149169,-120.7733994,1955,0.3,10.7,-9.8,20.6,881,267,11.6,40.1,1196,487,6460,0,117,186,251,65,753,-38.5,29.1,13.6,381,145,67,62.62,85
1978,14-4388,2019,49.06903839,-120.7620316,1624,1.7,12.5,-9.3,21.8,767,245,15.3,51,1001,699,5926,4,133,180,253,73,563,-37.6,31.2,13.8,481,220,64,43.15,179
1978,14-4573,2019,49.07849884,-120.9320297,1590,2.1,12.7,-8.4,21.1,841,281,14.4,45.1,940,738,5794,4,141,176,257,81,585,-37,31.3,13.7,475,180,65,50.75,198
1978,14-4577,2019,49.14511871,-120.7613602,2052,-0.3,10.1,-10.2,20.2,1005,294,9.7,34.2,1290,422,6656,0,110,188,249,61,889,-39.1,28.4,13.5,365,117,67,77.36,62
1978,14-4585,2019,49.07535934,-120.7685013,1752,1.3,11.9,-9,20.9,795,249,14.2,47.7,1037,618,6080,3,128,182,252,70,612,-37.9,30.4,13.8,457,197,65,49,139
1978,14-4587,2019,49.0782814,-120.917923,1679,1.7,12.2,-8.7,20.9,839,279,13.9,43.7,990,670,5948,3,134,179,255,76,613,-37.4,30.7,13.7,462,171,65,52.48,163
1978,14-4588,2019,49.0820198,-120.9236526,1792,1.1,11.6,-9,20.6,850,281,13.1,41.2,1061,594,6143,1,129,181,254,73,657,-37.7,30,13.6,399,153,67,56.31,127
1978,19JCG13,2019,49.11692047,-120.6429367,1080,4.2,15.7,-8.3,24,623,218,22.8,72,776,1178,5039,25,163,164,258,95,319,-35.6,35,14.1,629,322,61,13.21,455
1978,19JCG15,2019,49.11320114,-120.6441498,1046,4.3,15.9,-8.3,24.1,627,218,22.9,72.7,761,1212,4980,27,165,162,259,96,315,-35.5,35.3,14.1,637,327,61,12.5,476
1978,19JCG18,2019,49.11236953,-120.6519089,1088,4.1,15.6,-8.4,24,625,218,22.6,71.6,779,1169,5052,24,162,164,258,94,323,-35.7,35,14.1,627,320,61,13.69,450
1979,MP 291,1976,49.03950881,-120.8720016,1308,3.2,14.3,-12.3,26.6,806,177,16.4,80.8,946,1082,5370,18,151,165,263,98,405,-37,33.2,14.6,618,316,60,32.26,386
1979,MP 292,1976,49.03998947,-120.8811035,1277,3.3,14.4,-12.3,26.8,817,179,16.3,80.5,943,1104,5340,19,152,164,263,99,407,-36.9,33.4,14.6,623,317,60,32.7,398
1979,MP 293,1976,49.04455947,-120.8516998,1259,3.5,14.6,-12.2,26.7,773,170,17.5,85.9,913,1131,5275,20,153,164,264,100,379,-36.9,33.6,14.7,631,334,59,27.06,414
1979,MP 294,1976,49.11808013,-120.8660965,1402,2.9,13.8,-12.5,26.2,790,172,16.3,79.9,980,1005,5505,13,147,167,263,96,423,-37.2,32.6,14.5,560,303,60,33.72,342
1979,MP 295,1976,49.11931991,-120.8755035,1353,3,14,-12.5,26.6,793,173,16.4,80.9,978,1044,5454,16,149,166,263,97,418,-37.1,33,14.5,569,310,60,32.55,365
1979,MP 296,1976,49.12162017,-120.8731003,1381,2.9,13.9,-12.5,26.4,792,174,16.3,80,979,1023,5483,14,148,167,263,96,422,-37.1,32.7,14.5,564,305,61,33.35,352
1979,MP 299,1976,49.04080963,-120.8787003,1311,3.2,14.3,-12.3,26.6,814,179,16.2,79.8,952,1077,5383,18,151,165,263,98,411,-37,33.2,14.6,616,312,60,33.35,383
1979,MP 281,1976,49.10832977,-120.7583008,1921,0.8,11.1,-13.3,24.4,910,191,11.9,58.1,1212,634,6245,4,123,177,259,83,570,-38.4,29.3,14.3,427,209,63,58.76,142
1979,MP 285,1976,49.07500076,-120.7750015,1481,2.7,13.5,-12.4,25.8,741,158,17.2,85.3,979,963,5552,12,143,169,261,92,404,-37.2,32.1,14.6,556,314,60,29.3,315
1979,MP 286,1976,49.07500076,-120.7750015,1326,3.3,14.3,-12.3,26.6,713,154,18.7,92.6,928,1087,5342,18,150,166,261,95,365,-36.8,33.1,14.7,624,344,59,21.75,385
1979,MP 287,1976,49.11643981,-120.8702011,1250,3.3,14.5,-12.6,27.1,791,173,16.8,84.2,962,1121,5344,20,153,164,263,98,404,-37,33.7,14.6,627,328,60,29.52,410
1979,MP 288,1976,49.11574935,-120.8669968,1259,3.3,14.5,-12.6,27.1,791,172,16.8,84.1,958,1114,5346,20,152,165,263,98,405,-37,33.6,14.6,626,327,60,29.71,405
1979,MP 289,1976,49.04022979,-120.8937988,1466,2.7,13.5,-12.1,25.6,828,182,15.4,74,969,958,5547,12,145,168,263,95,438,-37.2,32.1,14.5,548,283,60,39.1,314
1979,MP 290,1976,49.03955841,-120.8881989,1353,3.1,14,-12.2,26.3,824,181,15.9,77.5,953,1044,5422,16,149,165,263,97,421,-37,32.9,14.6,570,303,60,35.56,364
1979,35079,1979,49.18056106,-120.9610977,770,5.9,17.4,-10.5,27.9,787,172,20.2,101.1,677,1632,4469,71,188,147,275,128,312,-33,36.7,14.6,719,411,60,14.75,735
1979,35179,1979,49.08110809,-120.8127975,1210,3.7,14.8,-12.2,27,718,157,19.1,94,891,1165,5210,22,154,164,263,100,350,-36.8,33.9,14.7,641,354,58,20.12,434
1979,35379,1979,49.08889007,-120.8139038,1210,3.6,14.7,-12.4,27.2,736,161,18.4,91.3,919,1154,5253,21,154,164,262,99,364,-36.8,33.8,14.7,639,347,59,22.44,427
1979,SK93710,1993,49.21475894,-121.0660627,695,6.4,17.2,-8.9,26.1,847,182,19.4,94.6,544,1656,4261,69,206,139,284,145,291,-30.2,35.9,14.1,685,369,63,24.82,736
1979,SK93711,1993,49.21441772,-121.0671746,686,6.5,17.2,-8.8,26,847,182,19.4,94.8,540,1664,4240,70,207,139,284,146,289,-30.1,35.9,14.1,686,370,63,24.68,742
1979,SK93721,1993,49.21632862,-121.0684733,698,6.4,17.2,-8.8,26,848,181,19.4,94.6,543,1649,4266,68,206,139,284,145,291,-30.2,35.8,14.1,684,368,63,25.12,732
1979,SK93722,1993,49.21739366,-121.0676078,698,6.4,17.2,-8.9,26,848,182,19.3,94.5,545,1649,4269,68,205,139,284,145,292,-30.3,35.8,14.1,684,368,63,25.16,732
1979,SK93734,1993,49.19803638,-120.9928605,869,5.6,16.7,-10,26.7,802,174,19.5,95.5,651,1524,4540,53,188,147,277,130,317,-32.6,35.5,14.4,679,371,61,21.75,658
1979,SK93735,1993,49.19748268,-120.9920592,869,5.6,16.7,-10.1,26.7,802,174,19.5,95.7,652,1523,4542,53,188,147,277,130,317,-32.7,35.5,14.4,680,372,61,21.63,658
1979,SK93736,1993,49.20192025,-120.9885846,823,5.8,16.9,-10,26.8,792,173,20,97.6,635,1565,4472,59,191,146,278,133,305,-32.3,35.7,14.4,686,379,61,19.66,684
1979,00NCc13,2000,49.22752855,-120.9627241,900,5.4,16.6,-10.8,27.4,817,176,18.8,94.5,710,1501,4641,51,183,150,274,125,344,-33.6,35.6,14.5,684,373,60,22.91,648
1979,00NCe73,2000,49.12286895,-120.8200364,1455,2.5,13.4,-13,26.4,809,174,15.4,77.1,1040,949,5640,11,142,169,260,91,448,-37.5,32.2,14.5,552,295,61,36.99,309
1979,00NCe74,2000,49.12958668,-120.8160951,1620,2,12.6,-12.8,25.3,820,174,14.7,72.1,1060,833,5810,8,136,172,261,88,474,-37.8,31.1,14.5,521,268,61,42.27,243
1979,00NCe75,2000,49.13184343,-120.8212604,1750,1.7,12,-12.4,24.4,818,175,14.3,68.6,1064,750,5918,6,132,173,261,87,484,-37.9,30.3,14.4,452,247,61,45.24,199
1979,00NCe76,2000,49.12956482,-120.8230328,1665,1.9,12.4,-12.6,25,810,174,14.7,71.1,1055,806,5839,8,135,172,261,88,471,-37.8,30.9,14.4,512,261,61,42.41,229
1979,00NCe77,2000,49.06956013,-120.905716,1470,2.7,13.4,-12.2,25.7,835,183,15.2,73.6,985,958,5566,12,145,168,263,96,448,-37.2,32.2,14.5,547,282,61,39.91,314
1979,00NCe78,2000,49.08614425,-120.9258513,1840,1.3,11.6,-12.5,24.1,862,186,13.2,62.2,1119,696,6056,5,131,172,263,91,519,-37.7,29.7,14.2,431,217,64,52.78,172
1979,00NCe79,2000,49.08811762,-120.9446303,1790,1.6,11.8,-12.4,24.2,885,189,13.1,62.4,1081,734,5961,6,136,170,265,94,525,-37.4,30,14.2,435,217,64,54.18,191
1979,00NCe82,2000,49.04462405,-120.9646257,1810,1.5,11.7,-12.3,24,920,198,12.5,59.4,1092,718,5996,6,134,171,263,92,544,-37.4,30,14.2,435,208,64,57.91,183
1979,00NCe83,2000,49.0409285,-120.9723988,1800,1.6,11.8,-12.2,24,935,200,12.4,58.8,1083,726,5975,6,135,171,264,93,551,-37.3,30,14.2,435,206,64,59.31,187
1979,00NCe84,2000,49.04042506,-120.9724193,685,7.1,17.9,-8.4,26.3,933,200,18.4,89.5,493,1821,4032,93,206,134,285,151,278,-32.2,36.1,14.5,734,367,58,27.46,846
1979,00NCe85,2000,49.03686803,-120.9645592,1705,2,12.3,-11.9,24.2,922,198,13,62.2,1020,799,5808,7,140,168,266,97,524,-37,30.6,14.3,495,222,63,55.54,225
1979,00NCe86,2000,49.04063959,-120.9800327,1745,1.8,12.1,-12,24.1,939,200,12.6,60.3,1044,768,5875,7,138,169,265,96,542,-37,30.3,14.2,443,213,64,58.22,208
1979,00NCe87,2000,49.03145849,-120.9420956,1820,1.4,11.7,-12.4,24.1,854,186,13.4,62.9,1109,708,6028,6,132,172,262,91,504,-37.5,30,14.3,436,221,64,51.31,178
1979,00NCe89,2000,49.05549669,-120.9155332,1725,1.9,12.2,-12.1,24.3,836,183,14.3,66.8,1037,782,5847,7,137,171,264,93,478,-37.4,30.5,14.4,453,240,62,46.69,216
1979,00NCe90,2000,49.06442921,-120.8922135,1325,3.1,14.2,-12.4,26.6,826,182,15.9,78,967,1061,5420,17,150,165,263,97,426,-37,33.1,14.6,575,307,60,35.16,374
1979,00NCe91,2000,49.11667802,-120.8651929,1450,2.7,13.5,-12.4,26,790,172,16.1,78.6,988,969,5558,12,145,168,263,95,429,-37.3,32.3,14.5,551,295,60,35,321
1979,00NCe92,2000,49.12229155,-120.8690776,1665,2,12.5,-12.5,24.9,793,173,15.1,71.8,1048,812,5823,8,137,171,262,91,459,-37.6,30.8,14.4,509,259,62,41.03,233
1979,00NCe93,2000,49.13832844,-120.8485222,1615,2.1,12.7,-12.6,25.3,806,178,15,71.3,1050,847,5783,9,138,171,262,91,462,-37.6,31.1,14.4,518,262,61,41.13,252
1979,00NCe94,2000,49.1422333,-120.8451718,1565,2.2,12.9,-12.8,25.8,807,179,15.1,72.4,1054,877,5750,9,140,171,262,91,459,-37.5,31.4,14.4,528,270,62,40,269
1979,00NCe95,2000,49.12585389,-120.8366702,1540,2.4,13,-12.6,25.6,789,173,15.7,75.3,1020,894,5682,10,140,170,261,91,442,-37.6,31.7,14.5,535,282,61,37.06,278
1979,114791,2007,49.1638298,-120.7723007,2225,-0.7,9.3,-14.5,23.8,1015,211,9.2,44.2,1449,431,6805,1,105,181,255,74,694,-39.7,27.1,14.1,375,140,65,77.43,65
1979,114792,2007,49.16588973,-120.7787018,2225,-0.7,9.3,-14.6,23.8,1021,212,9.1,43.7,1455,427,6817,1,104,181,255,74,698,-39.8,27.1,14.1,375,138,65,78.09,64
1979,114793,2007,49.16717147,-120.7802963,2200,-0.6,9.4,-14.5,23.9,1014,211,9.3,44.5,1432,441,6769,1,106,181,255,74,689,-39.7,27.3,14.1,379,143,65,76.75,68
1979,114794,2007,49.16852951,-120.7815018,2145,-0.3,9.7,-14.2,23.9,1002,210,9.7,46.3,1385,474,6665,1,109,180,256,75,672,-39.5,27.6,14.1,388,153,64,73.98,79
1979,114795,2007,49.16878128,-120.781601,2140,-0.3,9.7,-14.2,23.9,1000,209,9.7,46.5,1381,477,6655,1,109,180,256,75,670,-39.5,27.7,14.1,389,154,64,73.67,80
1979,114796,2007,49.17169952,-120.7848969,2100,-0.1,10,-14.1,24,981,207,10.1,48.1,1352,502,6586,1,112,180,256,76,650,-39.3,28,14.2,395,163,64,70.61,89
1979,114797,2007,49.17219924,-120.7894974,2125,-0.2,9.8,-14.1,24,978,206,10,47.8,1372,488,6630,1,110,180,256,76,652,-39.4,27.8,14.1,392,160,64,70.99,83
1979,12-1929,2015,49.20005416,-120.9982758,906,5.5,16.5,-10.1,26.6,812,177,19.1,93.2,666,1495,4591,50,186,148,277,129,329,-32.6,35.4,14.4,674,364,61,23.5,641
1979,02-3085,2019,49.14056015,-120.7638931,2044,0.2,10.3,-13.8,24.1,1001,205,10.2,50.3,1306,544,6474,3,115,179,257,78,656,-39,28.4,14.2,407,176,64,70.96,104
1979,02-3087,2019,49.1199913,-120.752121,1874,1.1,11.3,-13.1,24.5,919,192,12.1,59.1,1172,671,6149,5,126,176,260,84,568,-38.3,29.6,14.3,436,216,63,58.24,159
1979,02-3088,2019,49.13434982,-120.7645264,1928,0.8,11,-13.4,24.4,966,198,11.2,55.4,1217,628,6257,3,122,177,259,82,610,-38.5,29.3,14.3,426,200,63,64.43,139
1979,02-3089,2019,49.14989852,-120.7567673,2136,-0.3,9.8,-14.2,24,1002,206,9.7,47.7,1379,485,6642,1,109,180,256,75,673,-39.4,27.8,14.2,392,161,64,73.39,83
1979,02-3090,2019,49.1461296,-120.7544632,2119,-0.2,9.9,-14.2,24,1001,206,9.8,48.1,1365,495,6611,1,110,180,256,76,670,-39.3,27.9,14.2,394,163,64,72.88,86
1979,12-2000,2019,49.13544082,-120.7637634,1954,0.7,10.8,-13.5,24.3,973,200,11,54.2,1236,609,6305,3,121,178,259,81,620,-38.7,29.1,14.3,422,195,63,65.87,131
1979,12-9554,2019,49.0820198,-120.9237823,1792,1.5,11.8,-12.4,24.2,857,185,13.5,63.7,1095,726,5989,6,133,172,263,91,509,-37.7,30,14.3,439,225,63,51.03,187
1979,12-9555,2019,49.16053009,-120.76474,1876,1.1,11.3,-13.2,24.4,989,207,11.2,54.5,1176,664,6162,5,125,176,260,83,620,-38.4,29.5,14.3,433,198,63,65.65,155
1979,14-4318,2019,49.10192108,-120.7574768,1956,0.6,10.8,-13.4,24.3,906,189,11.7,57.4,1240,607,6313,3,121,177,259,81,573,-38.6,29,14.3,421,205,63,59.33,130
1979,14-4319,2019,49.10179138,-120.7552795,1890,1,11.2,-13.2,24.4,904,189,12.2,59.5,1187,655,6188,5,125,176,260,83,561,-38.3,29.5,14.3,432,215,63,57.39,152
1979,14-4320,2019,49.07690048,-120.7710724,1815,1.4,11.7,-12.6,24.3,807,167,14.2,70,1115,716,6024,6,129,174,261,86,487,-38.1,30,14.4,446,250,62,45.36,181
1979,14-4323,2019,49.16270065,-120.7649994,1994,0.5,10.6,-13.6,24.2,985,206,10.6,51.5,1262,581,6373,3,119,178,258,80,637,-38.8,28.7,14.2,413,180,63,68.2,119
1979,14-4324,2019,49.16270065,-120.7649002,1988,0.5,10.6,-13.6,24.2,984,206,10.7,51.7,1258,585,6362,3,119,178,258,80,635,-38.8,28.8,14.2,414,181,63,67.96,121
1979,14-4325,2019,49.15930175,-120.7705002,1981,0.5,10.6,-13.6,24.2,1013,210,10.4,50.5,1256,584,6360,3,119,178,258,80,654,-38.8,28.8,14.2,415,178,63,70.78,120
1979,14-4326,2019,49.1603012,-120.7731018,2030,0.3,10.3,-13.8,24.1,1013,210,10.1,49.1,1293,549,6452,3,116,179,257,78,661,-39,28.5,14.2,407,170,64,72.09,106
1979,14-4361,2019,49.15879821,-120.7743988,2093,0,10,-14,24,1019,211,9.8,47.3,1341,507,6565,1,112,180,256,77,675,-39.3,28,14.2,396,159,64,74.22,90
1979,14-4382,2019,49.1646614,-120.7790527,2197,-0.6,9.4,-14.5,23.9,1019,212,9.2,44.5,1430,443,6763,1,106,181,255,74,692,-39.7,27.3,14.1,379,143,65,77.16,69
1979,14-4383,2019,49.15822982,-120.7749863,2106,-0.1,9.9,-14,24,1020,211,9.7,46.9,1351,499,6589,1,111,180,256,76,678,-39.3,27.9,14.2,394,157,64,74.71,87
1979,14-4384,2019,49.15280151,-120.7717896,2062,0.1,10.2,-13.9,24.1,1016,209,9.9,48.6,1321,529,6513,1,114,179,257,77,670,-39.1,28.3,14.2,402,167,64,73.06,98
1979,14-4385,2019,49.16463088,-120.7775726,2217,-0.7,9.3,-14.5,23.8,1021,212,9.1,44,1447,432,6800,1,105,181,255,74,697,-39.8,27.1,14.1,376,140,65,77.92,65
1979,14-4386,2019,49.10020828,-120.7596817,2009,0.4,10.5,-13.7,24.2,906,188,11.4,55.9,1283,569,6414,3,118,178,258,80,582,-38.8,28.6,14.2,412,197,64,60.62,114
1979,14-4387,2019,49.09149169,-120.7733994,1955,0.7,10.9,-13.3,24.2,889,183,12,59.8,1232,614,6295,3,121,177,259,82,560,-38.5,29.1,14.3,422,212,63,57.41,133
1979,14-4388,2019,49.06903839,-120.7620316,1624,2.2,12.7,-12.5,25.2,753,161,16.1,78.7,1038,852,5761,9,137,171,261,90,429,-37.6,31.2,14.5,526,286,61,34.86,253
1979,14-4573,2019,49.07849884,-120.9320297,1590,2.5,12.9,-11.8,24.6,852,185,14.7,69.6,969,884,5640,9,145,167,266,99,470,-37,31.3,14.4,518,254,62,45.3,271
1979,14-4577,2019,49.14511871,-120.7613602,2052,0.2,10.2,-13.9,24.1,1004,206,10.1,49.7,1310,538,6487,3,114,179,257,78,661,-39.1,28.4,14.2,405,173,64,71.5,102
1979,14-4585,2019,49.07535934,-120.7685013,1752,1.7,12.1,-12.4,24.5,786,164,14.9,73.3,1072,762,5916,7,132,173,261,88,465,-37.9,30.4,14.4,457,263,61,41.57,205
1979,14-4587,2019,49.0782814,-120.917923,1679,2.1,12.4,-12,24.4,846,184,14.3,67.5,1021,810,5794,8,138,170,264,94,483,-37.4,30.7,14.4,505,245,62,46.74,231
1979,14-4588,2019,49.0820198,-120.9236526,1792,1.5,11.8,-12.4,24.2,857,185,13.5,63.7,1095,726,5989,6,133,172,263,91,509,-37.7,30,14.3,439,225,63,51.02,187
1979,19JCG13,2019,49.11692047,-120.6429367,1080,4.6,15.9,-11.8,27.6,596,153,24.6,103.7,800,1373,4885,37,167,158,267,109,253,-35.6,35,14.8,679,415,58,1.81,566
1979,19JCG15,2019,49.11320114,-120.6441498,1046,4.8,16.1,-11.7,27.7,601,153,24.6,104.8,784,1409,4828,41,169,157,268,111,251,-35.5,35.3,14.8,687,421,58,1.12,590
1979,19JCG18,2019,49.11236953,-120.6519089,1088,4.6,15.8,-11.7,27.6,599,153,24.4,103.6,803,1363,4899,36,166,158,267,109,256,-35.7,35,14.8,677,412,58,2.44,559
1980,MP 291,1976,49.03950881,-120.8720016,1308,3.1,13,-10.1,23,998,283,13.1,45.8,819,860,5445,7,155,156,256,100,441,-37,33.2,13.9,529,206,65,59.52,234
1980,MP 292,1976,49.03998947,-120.8811035,1277,3.1,13.1,-10.1,23.2,1012,288,13,45.7,815,882,5410,7,156,155,256,101,444,-36.9,33.4,13.9,534,207,65,60.29,246
1980,MP 293,1976,49.04455947,-120.8516998,1259,3.3,13.3,-9.9,23.2,956,272,13.9,48.7,785,907,5344,8,157,154,256,102,404,-36.9,33.6,14,541,223,64,53.4,259
1980,MP 294,1976,49.11808013,-120.8660965,1402,2.7,12.5,-10.1,22.6,986,278,12.9,45,848,785,5574,5,150,158,256,98,452,-37.2,32.6,13.9,509,197,65,61.12,197
1980,MP 295,1976,49.11931991,-120.8755035,1353,2.8,12.7,-10.2,22.9,988,279,13,45.6,847,824,5524,6,153,156,256,99,451,-37.1,33,13.9,518,203,65,60.05,216
1980,MP 296,1976,49.12162017,-120.8731003,1381,2.8,12.6,-10.1,22.7,989,280,12.9,45,848,803,5551,6,152,157,256,99,451,-37.1,32.7,13.9,513,199,65,60.83,205
1980,MP 299,1976,49.04080963,-120.8787003,1311,3,13,-10.1,23.1,1009,287,12.9,45.2,825,855,5458,7,155,156,256,100,449,-37,33.2,13.9,527,203,65,60.89,232
1980,MP 281,1976,49.10832977,-120.7583008,1921,0.7,9.8,-10.9,20.7,1122,308,9.5,31.7,1076,441,6317,0,121,171,252,81,649,-38.4,29.3,13.6,420,127,68,87.3,65
1980,MP 285,1976,49.07500076,-120.7750015,1481,2.6,12.2,-10,22.1,915,255,13.7,47.7,845,739,5628,5,145,160,254,94,423,-37.2,32.1,13.9,506,215,65,54.64,174
1980,MP 286,1976,49.07500076,-120.7750015,1326,3.1,13,-9.9,22.9,881,250,14.9,52.1,795,859,5415,7,153,156,254,98,378,-36.8,33.1,14,536,241,64,46.82,232
1980,MP 287,1976,49.11643981,-120.8702011,1250,3.2,13.2,-10.3,23.5,986,278,13.3,47.7,832,901,5406,8,157,154,256,102,442,-37,33.7,13.9,539,218,65,56.99,256
1980,MP 288,1976,49.11574935,-120.8669968,1259,3.1,13.2,-10.2,23.4,986,277,13.3,47.6,828,894,5409,7,157,154,256,101,441,-37,33.6,13.9,537,217,65,57.2,252
1980,MP 289,1976,49.04022979,-120.8937988,1466,2.6,12.2,-9.9,22,1027,292,12.2,41.7,841,739,5626,5,148,159,255,96,465,-37.2,32.1,13.9,498,176,65,66.69,175
1980,MP 290,1976,49.03955841,-120.8881989,1353,2.9,12.7,-10,22.7,1022,291,12.6,43.9,825,823,5500,6,153,157,256,99,454,-37,32.9,13.9,519,194,65,63.29,216
1980,35079,1979,49.18056106,-120.9610977,770,5.7,16.1,-8.2,24.2,989,275,15.9,58.5,560,1422,4488,31,199,134,268,134,280,-33,36.7,13.9,667,297,64,43.54,551
1980,35179,1979,49.08110809,-120.8127975,1210,3.5,13.5,-9.9,23.3,890,255,15.2,52.9,762,941,5274,8,159,153,256,103,366,-36.8,33.9,14,551,246,63,45.26,276
1980,35379,1979,49.08889007,-120.8139038,1210,3.4,13.4,-10.1,23.5,913,260,14.7,51.7,788,930,5317,8,158,153,255,102,387,-36.8,33.8,14,548,238,64,48.19,270
1980,SK93710,1993,49.21475894,-121.0660627,695,6.3,15.9,-6.6,22.4,1084,295,15,53.9,448,1452,4282,30,219,127,278,151,228,-30.2,35.9,13.4,656,244,68,56.66,554
1980,SK93711,1993,49.21441772,-121.0671746,686,6.3,15.9,-6.5,22.4,1085,295,15.1,54,444,1460,4268,31,220,127,278,152,225,-30.1,35.9,13.4,657,245,68,56.55,559
1980,SK93721,1993,49.21632862,-121.0684733,698,6.3,15.9,-6.5,22.4,1085,294,15,53.9,447,1446,4287,30,219,127,278,151,228,-30.2,35.8,13.4,655,243,68,56.9,550
1980,SK93722,1993,49.21739366,-121.0676078,698,6.3,15.9,-6.6,22.4,1085,295,15,53.8,449,1446,4291,30,219,127,278,151,229,-30.3,35.8,13.4,655,243,68,56.95,550
1980,SK93734,1993,49.19803638,-120.9928605,869,5.5,15.4,-7.7,23,1020,282,15.2,54.4,538,1314,4565,23,199,135,271,136,275,-32.6,35.5,13.7,628,251,66,51.51,478
1980,SK93735,1993,49.19748268,-120.9920592,869,5.5,15.4,-7.7,23.1,1019,282,15.2,54.5,539,1314,4567,23,199,135,271,136,276,-32.7,35.5,13.7,628,251,66,51.34,478
1980,SK93736,1993,49.20192025,-120.9885846,823,5.7,15.6,-7.6,23.2,1005,279,15.6,55.7,523,1356,4499,25,203,133,272,139,261,-32.3,35.7,13.7,635,260,66,49.06,502
1980,00NCc13,2000,49.22752855,-120.9627241,900,5.2,15.3,-8.4,23.7,1037,284,14.7,54,587,1290,4663,22,193,137,268,131,312,-33.6,35.6,13.8,632,254,65,53.03,467
1980,00NCe73,2000,49.12286895,-120.8200364,1455,2.3,12.1,-10.6,22.7,1000,279,12.3,43.4,907,728,5712,5,144,160,253,93,491,-37.5,32.2,13.8,502,193,66,63.88,169
1980,00NCe74,2000,49.12958668,-120.8160951,1620,1.9,11.3,-10.3,21.6,1011,280,11.7,40.3,924,619,5880,2,137,164,253,90,510,-37.8,31.1,13.8,471,170,66,69.04,123
1980,00NCe75,2000,49.13184343,-120.8212604,1750,1.6,10.7,-10,20.7,1008,280,11.5,38.1,925,544,5987,1,132,166,254,88,512,-37.9,30.3,13.7,446,152,66,71.76,96
1980,00NCe76,2000,49.12956482,-120.8230328,1665,1.8,11.1,-10.2,21.3,1000,279,11.8,39.7,919,594,5908,2,136,164,254,89,502,-37.8,30.9,13.8,462,163,66,68.99,114
1980,00NCe77,2000,49.06956013,-120.905716,1470,2.5,12.1,-10,22.1,1038,292,12.1,41.6,856,740,5642,5,148,159,256,97,478,-37.2,32.2,13.8,496,173,66,67.96,175
1980,00NCe78,2000,49.08614425,-120.9258513,1840,1.2,10.3,-10.2,20.5,1079,298,10.4,34.4,988,499,6129,1,132,166,256,90,565,-37.7,29.7,13.5,424,118,69,81.57,82
1980,00NCe79,2000,49.08811762,-120.9446303,1790,1.4,10.5,-10.1,20.6,1106,303,10.3,34.6,949,533,6033,1,137,164,258,94,560,-37.4,30,13.5,428,116,69,83.36,92
1980,00NCe82,2000,49.04462405,-120.9646257,1810,1.3,10.4,-10.1,20.5,1143,316,9.9,33,965,520,6072,1,134,166,256,91,586,-37.4,30,13.5,428,109,69,87.29,88
1980,00NCe83,2000,49.0409285,-120.9723988,1800,1.4,10.5,-10.1,20.5,1161,321,9.8,32.7,955,527,6051,1,136,165,257,92,592,-37.3,30,13.5,429,108,69,88.99,91
1980,00NCe84,2000,49.04042506,-120.9724193,685,7,16.6,-6.2,22.8,1159,320,14.6,51.8,403,1609,4047,43,217,123,279,155,210,-32.2,36.1,13.9,700,238,63,58.38,653
1980,00NCe85,2000,49.03686803,-120.9645592,1705,1.9,11,-9.7,20.7,1145,316,10.4,34.8,893,592,5884,1,143,162,258,97,550,-37,30.6,13.6,445,117,68,84.98,114
1980,00NCe86,2000,49.04063959,-120.9800327,1745,1.7,10.8,-9.9,20.6,1165,321,10,33.6,917,565,5951,1,140,163,258,95,574,-37,30.3,13.6,437,112,69,88.06,104
1980,00NCe87,2000,49.03145849,-120.9420956,1820,1.2,10.4,-10.2,20.6,1058,297,10.6,34.9,982,511,6105,1,132,167,255,89,551,-37.5,30,13.6,429,120,69,78.93,86
1980,00NCe89,2000,49.05549669,-120.9155332,1725,1.7,10.9,-9.9,20.8,1039,293,11.3,37.3,907,575,5923,1,138,164,256,92,505,-37.4,30.5,13.7,448,137,67,74.26,108
1980,00NCe90,2000,49.06442921,-120.8922135,1325,2.9,12.9,-10.1,23,1027,292,12.6,44.2,840,841,5494,6,154,156,256,99,461,-37,33.1,13.9,524,195,65,63.25,225
1980,00NCe91,2000,49.11667802,-120.8651929,1450,2.6,12.2,-10.1,22.3,985,277,12.7,44.2,856,749,5629,5,148,159,255,97,457,-37.3,32.3,13.8,500,190,65,62.28,180
1980,00NCe92,2000,49.12229155,-120.8690776,1665,1.8,11.2,-10.1,21.3,990,279,12,39.9,914,602,5893,2,138,163,255,92,488,-37.6,30.8,13.7,459,159,66,68.15,118
1980,00NCe93,2000,49.13832844,-120.8485222,1615,1.9,11.4,-10.2,21.6,1005,286,11.9,39.8,915,633,5852,3,140,162,255,93,492,-37.6,31.1,13.7,468,163,66,68.56,130
1980,00NCe94,2000,49.1422333,-120.8451718,1565,2,11.6,-10.4,22.1,1006,287,12,40.5,920,661,5818,3,142,162,254,93,494,-37.5,31.4,13.8,478,170,66,67.44,141
1980,00NCe95,2000,49.12585389,-120.8366702,1540,2.2,11.7,-10.2,21.9,982,278,12.4,42.2,886,677,5757,3,142,161,254,92,471,-37.6,31.7,13.8,485,180,65,64.07,147
1980,114791,2007,49.1638298,-120.7723007,2225,-0.9,7.9,-12,19.9,1258,344,7.3,23,1317,278,6871,0,98,179,248,70,828,-39.7,27.1,13.4,320,82,70,108.15,28
1980,114792,2007,49.16588973,-120.7787018,2225,-0.9,7.9,-12.1,19.9,1264,346,7.2,22.7,1323,275,6883,0,97,179,248,69,833,-39.8,27.1,13.4,321,81,70,108.89,28
1980,114793,2007,49.16717147,-120.7802963,2200,-0.8,8,-12,20,1256,345,7.4,23.2,1299,286,6834,0,99,179,248,69,817,-39.7,27.3,13.4,325,83,70,107.53,30
1980,114794,2007,49.16852951,-120.7815018,2145,-0.5,8.3,-11.7,20.1,1241,342,7.7,24.3,1250,312,6730,0,103,177,249,71,787,-39.5,27.6,13.4,333,88,69,104.77,34
1980,114795,2007,49.16878128,-120.781601,2140,-0.4,8.4,-11.7,20.1,1238,342,7.7,24.4,1245,314,6721,0,104,177,249,72,784,-39.5,27.7,13.4,334,88,69,104.45,35
1980,114796,2007,49.17169952,-120.7848969,2100,-0.3,8.6,-11.6,20.2,1214,338,8,25.5,1216,334,6651,0,107,176,249,73,755,-39.3,28,13.5,340,92,69,101.15,39
1980,114797,2007,49.17219924,-120.7894974,2125,-0.4,8.5,-11.6,20.1,1211,336,8,25.2,1236,323,6696,0,105,177,249,72,761,-39.4,27.8,13.4,337,90,69,101.29,36
1980,12-1929,2015,49.20005416,-120.9982758,906,5.3,15.2,-7.7,23,1035,287,14.8,53.1,551,1284,4617,22,197,136,271,134,288,-32.6,35.4,13.7,623,242,66,53.77,462
1980,02-3085,2019,49.14056015,-120.7638931,2044,0,9,-11.4,20.3,1241,335,8.1,26.9,1169,367,6542,0,111,175,250,75,761,-39,28.4,13.5,398,107,69,102.28,46
1980,02-3087,2019,49.1199913,-120.752121,1874,0.9,10,-10.7,20.7,1134,311,9.6,32.3,1034,473,6219,0,124,169,253,83,636,-38.3,29.6,13.6,430,132,67,87.11,73
1980,02-3088,2019,49.13434982,-120.7645264,1928,0.6,9.7,-10.9,20.6,1194,323,8.9,30,1079,437,6326,0,120,171,252,81,692,-38.5,29.3,13.6,419,122,68,94.61,63
1980,02-3089,2019,49.14989852,-120.7567673,2136,-0.4,8.4,-11.7,20.2,1243,336,7.7,25.1,1244,320,6710,0,104,177,249,72,794,-39.4,27.8,13.5,337,93,69,104.61,36
1980,02-3090,2019,49.1461296,-120.7544632,2119,-0.3,8.5,-11.7,20.2,1243,336,7.8,25.4,1229,328,6679,0,105,177,249,72,788,-39.3,27.9,13.5,340,95,69,104.18,38
1980,12-2000,2019,49.13544082,-120.7637634,1954,0.5,9.5,-11,20.5,1204,325,8.7,29.3,1099,420,6374,0,118,172,251,79,707,-38.7,29.1,13.6,414,119,68,96.31,59
1980,12-9554,2019,49.0820198,-120.9237823,1792,1.4,10.5,-10.2,20.6,1072,297,10.6,35.3,964,526,6062,1,134,166,256,90,549,-37.7,30,13.6,433,124,68,79.68,90
1980,12-9555,2019,49.16053009,-120.76474,1876,0.9,10,-10.7,20.6,1227,337,8.9,29.5,1036,467,6229,0,124,170,253,83,681,-38.4,29.5,13.6,427,122,68,96.77,71
1980,14-4318,2019,49.10192108,-120.7574768,1956,0.5,9.5,-11,20.6,1116,305,9.4,31.3,1104,418,6386,0,118,172,251,79,660,-38.6,29,13.6,413,124,68,87.75,58
1980,14-4319,2019,49.10179138,-120.7552795,1890,0.8,9.9,-10.7,20.7,1114,304,9.7,32.6,1050,458,6261,0,123,170,252,82,634,-38.3,29.5,13.6,425,131,68,85.73,69
1980,14-4320,2019,49.07690048,-120.7710724,1815,1.3,10.4,-10.2,20.7,993,269,11.3,38.7,979,511,6099,1,128,168,253,85,531,-38.1,30,13.7,441,158,67,71.38,86
1980,14-4323,2019,49.16270065,-120.7649994,1994,0.3,9.3,-11.1,20.4,1220,336,8.5,27.7,1123,397,6439,0,116,173,251,79,720,-38.8,28.7,13.5,405,110,69,99.09,53
1980,14-4324,2019,49.16270065,-120.7649002,1988,0.4,9.3,-11.1,20.4,1219,336,8.5,27.8,1118,401,6429,0,116,172,251,79,717,-38.8,28.8,13.5,406,111,68,98.84,54
1980,14-4325,2019,49.15930175,-120.7705002,1981,0.4,9.3,-11.1,20.4,1256,343,8.3,27.1,1117,400,6427,0,116,173,251,78,739,-38.8,28.8,13.6,407,108,68,102.45,54
1980,14-4326,2019,49.1603012,-120.7731018,2030,0.1,9,-11.3,20.3,1256,343,8.1,26.2,1155,371,6519,0,112,174,250,76,757,-39,28.5,13.5,398,102,69,103.67,47
1980,14-4361,2019,49.15879821,-120.7743988,2093,-0.2,8.6,-11.5,20.1,1263,345,7.8,25.1,1204,338,6632,0,107,176,249,74,784,-39.3,28,13.5,341,91,69,105.88,40
1980,14-4382,2019,49.1646614,-120.7790527,2197,-0.7,8,-11.9,20,1262,345,7.3,23.2,1297,287,6830,0,100,178,248,70,821,-39.7,27.3,13.4,325,83,70,108.08,30
1980,14-4383,2019,49.15822982,-120.7749863,2106,-0.3,8.6,-11.5,20.1,1265,345,7.7,24.8,1214,331,6655,0,106,176,249,73,790,-39.3,27.9,13.5,339,90,69,106.3,38
1980,14-4384,2019,49.15280151,-120.7717896,2062,-0.1,8.8,-11.4,20.3,1260,342,7.9,25.8,1185,355,6580,0,110,175,250,75,775,-39.1,28.3,13.5,393,101,69,104.78,43
1980,14-4385,2019,49.16463088,-120.7775726,2217,-0.8,7.9,-12,19.9,1265,346,7.2,22.9,1314,278,6866,0,98,179,248,69,830,-39.8,27.1,13.4,322,81,70,108.79,28
1980,14-4386,2019,49.10020828,-120.7596817,2009,0.2,9.2,-11.2,20.5,1116,304,9.1,30.4,1149,387,6486,0,114,173,251,77,679,-38.8,28.6,13.5,404,119,69,88.96,51
1980,14-4387,2019,49.09149169,-120.7733994,1955,0.5,9.6,-10.9,20.5,1094,293,9.6,32.9,1097,425,6368,0,119,172,252,80,644,-38.5,29.1,13.6,414,125,69,85.24,60
1980,14-4388,2019,49.06903839,-120.7620316,1624,2,11.4,-10.1,21.5,928,259,12.9,44.1,903,633,5837,3,138,163,254,91,456,-37.6,31.2,13.8,476,190,66,59.97,129
1980,14-4573,2019,49.07849884,-120.9320297,1590,2.3,11.6,-9.5,21.1,1062,297,11.6,39,840,670,5714,3,148,159,259,100,480,-37,31.3,13.7,467,148,67,73.64,144
1980,14-4577,2019,49.14511871,-120.7613602,2052,0,8.9,-11.4,20.3,1246,337,8,26.5,1173,362,6555,0,110,175,250,75,765,-39.1,28.4,13.5,396,106,69,102.99,45
1980,14-4585,2019,49.07535934,-120.7685013,1752,1.6,10.8,-10,20.8,968,264,11.9,40.7,936,551,5991,1,132,166,254,88,497,-37.9,30.4,13.8,452,170,66,67.25,99
1980,14-4587,2019,49.0782814,-120.917923,1679,1.9,11.1,-9.8,20.9,1056,295,11.3,37.6,890,601,5867,2,140,163,257,94,506,-37.4,30.7,13.7,454,141,67,75.1,117
1980,14-4588,2019,49.0820198,-120.9236526,1792,1.4,10.5,-10.2,20.6,1072,297,10.6,35.3,964,526,6062,1,134,166,256,90,549,-37.7,30,13.6,433,124,68,79.66,90
1980,19JCG13,2019,49.11692047,-120.6429367,1080,4.5,14.6,-9.2,23.8,738,236,19.6,61.6,668,1138,4935,15,174,144,260,115,254,-35.6,35,14.1,599,313,63,24.04,382
1980,19JCG15,2019,49.11320114,-120.6441498,1046,4.6,14.8,-9.1,23.9,744,237,19.7,62.3,653,1174,4875,17,176,143,260,117,250,-35.5,35.3,14.1,606,319,62,23.59,402
1980,19JCG18,2019,49.11236953,-120.6519089,1088,4.4,14.5,-9.2,23.7,742,236,19.4,61.5,671,1128,4950,15,173,145,260,115,258,-35.7,35,14.1,597,311,63,24.75,377
1981,MP 291,1976,49.03950881,-120.8720016,1308,4,15.9,-6.3,22.2,1005,288,13.9,55.1,581,953,5110,21,155,153,259,106,427,-37,33.2,14.2,570,179,64,57.09,342
1981,MP 292,1976,49.03998947,-120.8811035,1277,4.1,16,-6.3,22.3,1019,293,13.8,54.7,578,974,5080,23,157,152,259,106,428,-36.9,33.4,14.2,575,179,65,57.83,354
1981,MP 293,1976,49.04455947,-120.8516998,1259,4.3,16.2,-6,22.1,964,276,14.8,58.6,550,999,5013,24,158,152,259,107,386,-36.9,33.6,14.3,596,193,64,51.14,367
1981,MP 294,1976,49.11808013,-120.8660965,1402,3.7,15.4,-6.2,21.6,985,281,13.9,54.9,605,882,5232,17,151,154,258,104,447,-37.2,32.6,14.1,548,168,65,57.82,305
1981,MP 295,1976,49.11931991,-120.8755035,1353,3.8,15.7,-6.4,22,987,283,14,55.5,603,919,5184,19,154,153,258,105,442,-37.1,33,14.2,557,174,65,56.81,325
1981,MP 296,1976,49.12162017,-120.8731003,1381,3.7,15.5,-6.2,21.8,988,283,13.9,54.9,604,899,5210,18,153,154,259,105,446,-37.1,32.7,14.1,551,169,65,57.59,314
1981,MP 299,1976,49.04080963,-120.8787003,1311,4,15.9,-6.3,22.2,1016,291,13.7,54.4,587,949,5123,21,155,153,259,106,435,-37,33.2,14.2,568,176,65,58.41,340
1981,MP 281,1976,49.10832977,-120.7583008,1921,1.6,13,-6.4,19.4,1126,311,10.3,41.8,828,551,5957,5,123,165,255,90,690,-38.4,29.3,13.9,383,112,68,84.59,147
1981,MP 285,1976,49.07500076,-120.7750015,1481,3.5,15.1,-5.7,20.8,922,252,14.7,59.8,600,836,5279,15,146,157,256,100,424,-37.2,32.1,14.2,544,179,65,52.15,279
1981,MP 286,1976,49.07500076,-120.7750015,1326,4.1,15.8,-5.6,21.4,889,246,15.9,64.3,554,952,5072,21,154,153,257,103,366,-36.8,33.1,14.3,577,210,64,44.47,339
1981,MP 287,1976,49.11643981,-120.8702011,1250,4.1,16.2,-6.6,22.8,985,281,14.3,57.4,589,993,5073,24,158,151,258,107,422,-37,33.7,14.2,579,189,65,53.86,365
1981,MP 288,1976,49.11574935,-120.8669968,1259,4.1,16.1,-6.5,22.6,985,281,14.3,57.3,585,986,5076,24,158,151,258,107,421,-37,33.6,14.2,577,188,65,54.04,361
1981,MP 289,1976,49.04022979,-120.8937988,1466,3.5,15.1,-5.8,20.9,1034,298,13.1,50.6,604,837,5286,15,148,156,258,102,470,-37.2,32.1,14.2,536,153,65,64.29,281
1981,MP 290,1976,49.03955841,-120.8881989,1353,3.8,15.6,-6.1,21.7,1028,296,13.5,52.8,588,917,5164,19,153,154,258,105,446,-37,32.9,14.2,559,168,65,60.79,323
1981,35079,1979,49.18056106,-120.9610977,770,6.7,18.9,-4,22.9,978,285,17.1,66.2,355,1495,4190,77,205,134,271,137,234,-33,36.7,14.1,690,248,65,38.99,646
1981,35179,1979,49.08110809,-120.8127975,1210,4.5,16.4,-5.8,22.2,897,254,16.2,64.6,527,1033,4939,26,160,151,258,108,341,-36.8,33.9,14.3,606,215,63,42.81,385
1981,35379,1979,49.08889007,-120.8139038,1210,4.4,16.3,-6,22.3,918,260,15.6,62.5,548,1021,4982,25,160,151,258,107,364,-36.8,33.8,14.3,603,206,64,45.64,378
1981,SK93710,1993,49.21475894,-121.0660627,695,7.2,18.8,-2.2,21,1062,311,16.2,60.4,263,1533,3987,76,229,126,281,154,174,-30.2,35.9,13.7,673,223,68,50.97,650
1981,SK93711,1993,49.21441772,-121.0671746,686,7.3,18.8,-2.1,20.9,1062,311,16.3,60.5,259,1541,3972,77,230,126,281,155,171,-30.1,35.9,13.7,673,223,68,50.85,654
1981,SK93721,1993,49.21632862,-121.0684733,698,7.2,18.8,-2.1,20.9,1062,311,16.2,60.4,262,1526,3991,75,229,126,280,154,174,-30.2,35.8,13.7,671,222,68,51.18,646
1981,SK93722,1993,49.21739366,-121.0676078,698,7.2,18.8,-2.2,20.9,1063,311,16.2,60.4,263,1526,3994,75,229,126,280,154,175,-30.3,35.8,13.7,671,221,68,51.23,646
1981,SK93734,1993,49.19803638,-120.9928605,869,6.4,18.3,-3.4,21.6,1004,294,16.4,62.1,335,1386,4260,61,206,134,273,140,226,-32.6,35.5,14,652,221,66,46.48,579
1981,SK93735,1993,49.19748268,-120.9920592,869,6.4,18.3,-3.4,21.7,1002,293,16.4,62.3,336,1386,4262,61,205,134,273,139,227,-32.7,35.5,14,652,222,66,46.33,578
1981,SK93736,1993,49.20192025,-120.9885846,823,6.6,18.5,-3.2,21.7,989,290,16.8,63.7,322,1431,4197,66,209,132,274,142,211,-32.3,35.7,13.9,658,226,66,43.96,602
1981,00NCc13,2000,49.22752855,-120.9627241,900,6.2,18.2,-4,22.2,1017,292,15.9,62.3,376,1361,4354,59,198,136,270,134,265,-33.6,35.6,14,655,221,65,47.73,569
1981,00NCe73,2000,49.12286895,-120.8200364,1455,3.3,15.1,-6.6,21.7,1001,281,13.3,53.7,656,827,5364,15,145,156,256,100,494,-37.5,32.2,14.1,540,162,66,61.03,275
1981,00NCe74,2000,49.12958668,-120.8160951,1620,2.8,14.3,-6.2,20.5,1011,282,12.7,50.9,677,721,5525,10,138,159,256,97,529,-37.8,31.1,14.1,472,146,66,65.97,223
1981,00NCe75,2000,49.13184343,-120.8212604,1750,2.5,13.8,-5.7,19.5,1009,282,12.4,49,685,653,5631,8,133,161,256,96,541,-37.9,30.3,14.1,406,133,66,68.45,191
1981,00NCe76,2000,49.12956482,-120.8230328,1665,2.7,14.2,-6,20.2,1002,281,12.7,50.4,675,699,5552,9,137,159,256,97,524,-37.8,30.9,14.1,464,141,66,65.9,212
1981,00NCe77,2000,49.06956013,-120.905716,1470,3.5,15.1,-6,21.1,1041,299,12.9,50.6,616,838,5301,15,149,156,259,103,485,-37.2,32.2,14.1,534,153,65,65.22,282
1981,00NCe78,2000,49.08614425,-120.9258513,1840,2.1,13.4,-5.9,19.3,1076,307,11.3,43.8,749,608,5780,7,132,161,259,98,614,-37.7,29.7,13.9,386,112,68,78.21,172
1981,00NCe79,2000,49.08811762,-120.9446303,1790,2.4,13.7,-5.7,19.4,1104,313,11.2,43.8,711,641,5685,7,138,159,261,102,605,-37.4,30,13.8,389,110,69,80.04,186
1981,00NCe82,2000,49.04462405,-120.9646257,1810,2.3,13.6,-5.8,19.3,1147,328,10.7,41.3,729,627,5728,7,135,160,259,99,640,-37.4,30,13.9,389,107,68,84.62,180
1981,00NCe83,2000,49.0409285,-120.9723988,1800,2.3,13.6,-5.7,19.3,1165,332,10.6,41,720,633,5707,7,136,160,260,100,645,-37.3,30,13.9,390,105,69,86.27,182
1981,00NCe84,2000,49.04042506,-120.9724193,685,7.9,19.5,-1.7,21.2,1163,332,15.4,58.8,230,1691,3763,97,224,123,281,158,149,-32.2,36.1,14.1,717,214,63,54.65,738
1981,00NCe85,2000,49.03686803,-120.9645592,1705,2.8,14.1,-5.4,19.5,1149,327,11.1,43.1,659,696,5539,9,143,157,261,104,589,-37,30.6,13.9,447,116,68,82.41,211
1981,00NCe86,2000,49.04063959,-120.9800327,1745,2.6,13.9,-5.5,19.4,1169,333,10.8,41.7,683,670,5607,8,140,158,260,102,619,-37,30.3,13.9,440,110,68,85.36,198
1981,00NCe87,2000,49.03145849,-120.9420956,1820,2.2,13.5,-5.9,19.4,1064,306,11.4,44.1,745,618,5760,7,133,161,258,97,599,-37.5,30,13.9,391,115,68,76.38,176
1981,00NCe89,2000,49.05549669,-120.9155332,1725,2.7,14,-5.6,19.5,1043,300,12.2,46.6,670,681,5575,8,138,159,259,100,540,-37.4,30.5,14,450,126,67,71.57,203
1981,00NCe90,2000,49.06442921,-120.8922135,1325,3.9,15.8,-6.4,22.1,1033,298,13.4,52.8,599,934,5158,20,155,153,258,105,454,-37,33.1,14.2,564,171,65,60.71,333
1981,00NCe91,2000,49.11667802,-120.8651929,1450,3.5,15.2,-6.1,21.3,984,281,13.7,54.2,613,848,5285,16,149,155,258,103,457,-37.3,32.3,14.1,538,162,65,59.01,287
1981,00NCe92,2000,49.12229155,-120.8690776,1665,2.8,14.2,-5.9,20.1,988,283,12.9,50.2,671,706,5540,9,139,159,258,99,510,-37.6,30.8,14,461,138,66,64.85,216
1981,00NCe93,2000,49.13832844,-120.8485222,1615,2.9,14.5,-6,20.4,1004,289,12.9,49.9,668,734,5499,10,141,158,258,100,513,-37.6,31.1,14,470,140,66,65.38,231
1981,00NCe94,2000,49.1422333,-120.8451718,1565,3,14.6,-6.3,20.9,1005,290,12.9,50.5,671,760,5467,12,142,157,257,100,511,-37.5,31.4,14,480,146,66,64.38,244
1981,00NCe95,2000,49.12585389,-120.8366702,1540,3.2,14.7,-6.1,20.8,982,280,13.4,52.5,641,775,5407,13,143,157,257,99,480,-37.6,31.7,14.1,487,153,65,60.99,251
1981,114791,2007,49.1638298,-120.7723007,2225,0.1,11.3,-7.3,18.6,1257,345,8.1,32.8,1082,388,6511,3,103,170,251,81,901,-39.7,27.1,13.7,312,70,70,105.03,78
1981,114792,2007,49.16588973,-120.7787018,2225,0.1,11.3,-7.3,18.6,1264,347,8,32.5,1088,385,6523,3,102,170,251,80,908,-39.8,27.1,13.7,312,70,70,105.83,77
1981,114793,2007,49.16717147,-120.7802963,2200,0.2,11.4,-7.2,18.7,1256,346,8.1,33.1,1062,397,6474,3,104,170,251,81,892,-39.7,27.3,13.7,316,72,70,104.48,81
1981,114794,2007,49.16852951,-120.7815018,2145,0.5,11.7,-7,18.8,1241,343,8.5,34.2,1010,424,6370,3,107,169,252,82,859,-39.5,27.6,13.8,324,77,69,101.74,92
1981,114795,2007,49.16878128,-120.781601,2140,0.5,11.7,-7,18.8,1239,342,8.5,34.3,1006,427,6361,3,108,169,252,83,856,-39.5,27.7,13.8,325,78,69,101.42,93
1981,114796,2007,49.17169952,-120.7848969,2100,0.7,12,-6.9,18.9,1216,338,8.8,35.4,974,448,6291,3,110,168,252,84,825,-39.3,28,13.8,331,82,69,98.18,102
1981,114797,2007,49.17219924,-120.7894974,2125,0.6,11.8,-7,18.9,1212,337,8.7,35.2,996,436,6336,3,109,169,252,83,832,-39.4,27.8,13.8,327,81,69,98.33,97
1981,12-1929,2015,49.20005416,-120.9982758,906,6.3,18.1,-3.4,21.6,1017,299,16,60.6,346,1358,4310,58,203,135,273,138,241,-32.6,35.4,14,646,216,66,48.68,565
1981,02-3085,2019,49.14056015,-120.7638931,2044,1,12.3,-6.8,19.1,1238,336,8.9,36.6,925,480,6182,5,114,168,253,85,818,-39,28.4,13.9,363,93,68,98.9,116
1981,02-3087,2019,49.1199913,-120.752121,1874,1.9,13.3,-6.1,19.4,1136,313,10.5,42.4,785,583,5860,6,126,164,255,92,672,-38.3,29.6,14,391,117,67,84.2,161
1981,02-3088,2019,49.13434982,-120.7645264,1928,1.6,13,-6.4,19.3,1193,325,9.7,39.9,831,548,5966,5,122,165,255,90,736,-38.5,29.3,13.9,382,107,68,91.41,146
1981,02-3089,2019,49.14989852,-120.7567673,2136,0.6,11.8,-7.1,18.9,1240,337,8.5,35.1,1003,433,6349,3,108,169,252,82,857,-39.4,27.8,13.8,327,84,69,101.17,96
1981,02-3090,2019,49.1461296,-120.7544632,2119,0.6,11.9,-7,18.9,1240,337,8.6,35.3,987,441,6318,3,109,169,252,83,849,-39.3,27.9,13.8,330,86,69,100.78,99
1981,12-2000,2019,49.13544082,-120.7637634,1954,1.5,12.8,-6.5,19.3,1202,327,9.5,39.1,851,532,6014,5,120,166,254,89,754,-38.7,29.1,13.9,378,104,68,93.06,139
1981,12-9554,2019,49.0820198,-120.9237823,1792,2.3,13.6,-5.8,19.4,1070,305,11.5,44.6,725,633,5713,7,134,160,259,98,593,-37.7,30,13.9,394,117,68,76.36,183
1981,12-9555,2019,49.16053009,-120.76474,1876,1.9,13.2,-6.2,19.4,1225,338,9.7,39.1,787,577,5868,6,126,163,255,92,730,-38.4,29.5,13.9,388,105,67,93.42,158
1981,14-4318,2019,49.10192108,-120.7574768,1956,1.4,12.8,-6.5,19.3,1119,307,10.2,41.7,857,529,6027,5,120,166,254,89,703,-38.6,29,13.9,377,110,68,84.91,138
1981,14-4319,2019,49.10179138,-120.7552795,1890,1.8,13.1,-6.2,19.4,1116,306,10.6,42.9,803,568,5901,6,124,164,255,91,671,-38.3,29.5,13.9,387,116,68,82.89,155
1981,14-4320,2019,49.07690048,-120.7710724,1815,2.2,13.5,-5.8,19.4,996,268,12.3,50.6,734,620,5742,7,129,163,256,94,560,-38.1,30,14,401,134,67,68.47,177
1981,14-4323,2019,49.16270065,-120.7649994,1994,1.3,12.6,-6.5,19.1,1219,336,9.3,37.4,877,510,6079,5,118,166,254,88,779,-38.8,28.7,13.9,369,95,68,95.85,129
1981,14-4324,2019,49.16270065,-120.7649002,1988,1.3,12.6,-6.5,19.1,1218,336,9.3,37.6,872,513,6068,6,119,166,254,89,776,-38.8,28.8,13.9,370,95,68,95.59,130
1981,14-4325,2019,49.15930175,-120.7705002,1981,1.3,12.6,-6.5,19.2,1255,344,9,36.7,871,513,6066,6,118,166,254,88,800,-38.8,28.8,13.9,371,93,68,99.19,130
1981,14-4326,2019,49.1603012,-120.7731018,2030,1.1,12.4,-6.7,19,1255,345,8.8,35.8,911,485,6158,5,115,167,253,86,822,-39,28.5,13.9,363,88,68,100.51,118
1981,14-4361,2019,49.15879821,-120.7743988,2093,0.8,12,-6.9,18.9,1263,346,8.5,34.7,962,451,6272,3,111,168,252,84,853,-39.3,28,13.8,331,81,69,102.74,103
1981,14-4382,2019,49.1646614,-120.7790527,2197,0.2,11.4,-7.2,18.7,1262,346,8.1,33,1060,398,6469,3,104,170,251,81,896,-39.7,27.3,13.7,316,72,70,105.01,82
1981,14-4383,2019,49.15822982,-120.7749863,2106,0.7,11.9,-6.9,18.8,1264,347,8.5,34.4,973,444,6295,3,110,168,252,84,859,-39.3,27.9,13.8,330,80,69,103.17,100
1981,14-4384,2019,49.15280151,-120.7717896,2062,0.9,12.2,-6.8,19,1258,344,8.7,35.5,941,468,6220,5,113,168,253,85,840,-39.1,28.3,13.8,358,86,69,101.51,111
1981,14-4385,2019,49.16463088,-120.7775726,2217,0.1,11.3,-7.3,18.6,1265,347,8,32.7,1079,389,6506,3,103,170,251,81,905,-39.8,27.1,13.7,313,70,70,105.71,78
1981,14-4386,2019,49.10020828,-120.7596817,2009,1.2,12.5,-6.7,19.2,1118,305,10,40.9,903,500,6128,4,116,167,254,87,726,-38.8,28.6,13.9,368,106,69,86.14,124
1981,14-4387,2019,49.09149169,-120.7733994,1955,1.5,12.8,-6.4,19.3,1093,294,10.5,43.6,851,536,6011,5,121,165,255,90,684,-38.5,29.1,13.9,378,114,68,82.12,140
1981,14-4388,2019,49.06903839,-120.7620316,1624,2.9,14.4,-5.9,20.4,936,256,13.8,56.5,657,734,5482,10,139,159,257,98,472,-37.6,31.2,14.1,478,156,66,57.67,230
1981,14-4573,2019,49.07849884,-120.9320297,1590,3.3,14.7,-5.2,19.8,1064,305,12.5,48,604,768,5370,11,148,155,261,106,500,-37,31.3,14,469,134,66,70.79,247
1981,14-4577,2019,49.14511871,-120.7613602,2052,1,12.3,-6.8,19,1243,338,8.8,36.3,929,475,6195,5,113,168,253,85,824,-39.1,28.4,13.9,361,91,68,99.59,114
1981,14-4585,2019,49.07535934,-120.7685013,1752,2.5,13.8,-5.6,19.5,972,262,12.9,52.9,692,659,5633,8,133,161,257,95,520,-37.9,30.4,14.1,412,141,66,64.34,193
1981,14-4587,2019,49.0782814,-120.917923,1679,2.8,14.2,-5.4,19.6,1057,302,12.2,46.9,653,705,5518,9,141,158,259,101,535,-37.4,30.7,14,456,129,67,72.04,215
1981,14-4588,2019,49.0820198,-120.9236526,1792,2.3,13.6,-5.8,19.4,1070,305,11.5,44.6,725,633,5713,7,134,160,259,98,593,-37.7,30,13.9,394,117,68,76.35,183
1981,19JCG13,2019,49.11692047,-120.6429367,1080,5.4,17.4,-4.8,22.2,755,238,20.5,73.2,438,1219,4601,42,176,144,263,119,221,-35.6,35,14.4,643,274,63,22.8,488
1981,19JCG15,2019,49.11320114,-120.6441498,1046,5.6,17.6,-4.7,22.3,762,239,20.5,73.8,426,1255,4545,46,179,143,263,120,215,-35.5,35.3,14.4,651,280,62,22.19,508
1981,19JCG18,2019,49.11236953,-120.6519089,1088,5.4,17.4,-4.8,22.2,758,238,20.3,73.1,441,1210,4615,41,175,144,263,119,224,-35.7,35,14.4,641,272,63,23.36,483
1982,MP 291,1976,49.03950881,-120.8720016,1308,2.5,12.6,-7.3,19.9,1117,307,11.2,41.2,979,914,5646,11,141,176,258,82,637,-37,33.2,14.1,534,162,63,71.96,294
1982,MP 292,1976,49.03998947,-120.8811035,1277,2.6,12.8,-7.3,20.1,1131,310,11.1,41.2,974,935,5614,12,142,176,258,83,642,-36.9,33.4,14.1,539,163,63,72.74,308
1982,MP 293,1976,49.04455947,-120.8516998,1259,2.8,12.9,-7.1,20,1071,296,11.9,43.6,942,958,5548,13,143,176,259,83,592,-36.9,33.6,14.2,546,179,62,65.71,323
1982,MP 294,1976,49.11808013,-120.8660965,1402,2.1,12.2,-7.4,19.5,1097,299,11.1,40.6,1013,846,5772,9,138,178,258,81,649,-37.2,32.6,14,467,153,64,72.42,250
1982,MP 295,1976,49.11931991,-120.8755035,1353,2.3,12.4,-7.5,19.9,1099,301,11.2,41.3,1009,884,5721,10,140,177,258,81,645,-37.1,33,14,524,160,64,71.39,274
1982,MP 296,1976,49.12162017,-120.8731003,1381,2.2,12.3,-7.4,19.7,1099,301,11.1,40.7,1011,864,5748,9,139,177,259,81,647,-37.1,32.7,14,519,155,64,72.1,261
1982,MP 299,1976,49.04080963,-120.8787003,1311,2.5,12.6,-7.4,20,1127,310,11,40.7,985,910,5659,11,141,176,258,82,647,-37,33.2,14.1,533,159,63,73.26,291
1982,MP 281,1976,49.10832977,-120.7583008,1921,0.1,9.7,-8,17.7,1249,335,8.1,28.9,1272,504,6517,2,119,184,256,72,871,-38.4,29.3,13.7,385,70,67,99.37,82
1982,MP 285,1976,49.07500076,-120.7750015,1481,2,11.8,-7.1,18.9,1023,280,11.7,42.1,1015,798,5829,8,135,179,257,77,606,-37.2,32.1,14.1,463,169,63,65.71,220
1982,MP 286,1976,49.07500076,-120.7750015,1326,2.6,12.5,-7,19.5,984,274,12.8,45.7,954,911,5616,11,140,177,256,79,547,-36.8,33.1,14.2,540,196,62,57.99,291
1982,MP 287,1976,49.11643981,-120.8702011,1250,2.6,12.9,-7.5,20.4,1098,299,11.5,43,987,955,5607,13,143,176,258,82,631,-37,33.7,14.1,545,176,63,68.68,322
1982,MP 288,1976,49.11574935,-120.8669968,1259,2.6,12.8,-7.5,20.3,1097,299,11.5,42.9,983,949,5610,12,142,176,258,82,631,-37,33.6,14.1,543,174,63,68.9,317
1982,MP 289,1976,49.04022979,-120.8937988,1466,2,11.9,-7.1,19,1147,315,10.5,37.7,1013,800,5826,8,136,178,258,80,676,-37.2,32.1,14,456,132,64,78.91,221
1982,MP 290,1976,49.03955841,-120.8881989,1353,2.3,12.4,-7.3,19.7,1141,313,10.8,39.6,989,880,5701,10,140,177,258,81,658,-37,32.9,14.1,525,149,63,75.65,271
1982,35079,1979,49.18056106,-120.9610977,770,5.2,15.6,-5.6,21.2,1073,293,14.1,53.3,674,1418,4706,46,174,160,269,109,437,-33,36.7,14.1,668,248,63,53.61,632
1982,35179,1979,49.08110809,-120.8127975,1210,3,13.1,-7,20.1,997,276,13,47.5,913,988,5471,14,144,175,258,83,538,-36.8,33.9,14.2,556,203,61,57.06,344
1982,35379,1979,49.08889007,-120.8139038,1210,2.8,13,-7.3,20.2,1024,283,12.5,45.9,940,978,5514,13,143,175,257,82,564,-36.8,33.8,14.2,554,195,62,60.18,337
1982,SK93710,1993,49.21475894,-121.0660627,695,5.8,15.6,-4.1,19.7,1150,298,13.7,52.1,533,1436,4496,44,190,152,277,125,372,-30.2,35.9,13.6,635,216,66,64.77,633
1982,SK93711,1993,49.21441772,-121.0671746,686,5.8,15.6,-4.1,19.7,1150,298,13.7,52.3,528,1443,4482,45,191,152,278,126,368,-30.1,35.9,13.6,635,217,66,64.65,637
1982,SK93721,1993,49.21632862,-121.0684733,698,5.7,15.5,-4.1,19.6,1151,298,13.7,52.1,532,1430,4501,44,190,152,277,125,372,-30.2,35.8,13.6,633,215,66,64.99,629
1982,SK93722,1993,49.21739366,-121.0676078,698,5.7,15.5,-4.1,19.7,1151,298,13.7,52,534,1430,4504,44,190,153,277,125,374,-30.3,35.8,13.6,633,215,66,65.04,629
1982,SK93734,1993,49.19803638,-120.9928605,869,4.9,15,-5.2,20.1,1096,293,13.6,51.1,648,1312,4775,34,174,160,272,112,434,-32.6,35.5,13.9,629,214,64,60.69,561
1982,SK93735,1993,49.19748268,-120.9920592,869,4.9,15,-5.2,20.2,1094,293,13.7,51.2,649,1311,4777,34,174,160,271,111,435,-32.7,35.5,13.9,629,214,64,60.52,560
1982,SK93736,1993,49.20192025,-120.9885846,823,5.1,15.2,-5.1,20.2,1081,291,14,52.1,629,1352,4712,38,177,159,272,114,414,-32.3,35.7,13.9,635,222,64,58.29,585
1982,00NCc13,2000,49.22752855,-120.9627241,900,4.7,14.9,-5.9,20.8,1116,298,13.2,50.1,709,1295,4872,34,169,162,269,106,482,-33.6,35.6,14,633,217,64,62.36,552
1982,00NCe73,2000,49.12286895,-120.8200364,1455,1.8,11.8,-7.8,19.6,1111,303,10.6,38.8,1073,791,5910,7,134,180,256,76,688,-37.5,32.2,14,460,145,64,75.02,216
1982,00NCe74,2000,49.12958668,-120.8160951,1620,1.3,11,-7.6,18.6,1123,304,10.1,36.2,1104,685,6078,6,130,181,256,75,714,-37.8,31.1,13.9,432,122,64,79.77,158
1982,00NCe75,2000,49.13184343,-120.8212604,1750,1,10.5,-7.2,17.7,1120,304,9.8,34.5,1117,611,6185,5,127,182,257,75,716,-37.9,30.3,13.9,410,105,65,82.23,123
1982,00NCe76,2000,49.12956482,-120.8230328,1665,1.2,10.9,-7.4,18.3,1111,304,10.1,35.8,1103,660,6106,5,129,182,257,75,703,-37.8,30.9,13.9,424,116,64,79.45,146
1982,00NCe77,2000,49.06956013,-120.905716,1470,2,11.9,-7.3,19.2,1155,314,10.3,37.9,1027,803,5841,8,137,178,259,80,689,-37.2,32.2,14,455,131,64,79.77,223
1982,00NCe78,2000,49.08614425,-120.9258513,1840,0.6,10.2,-7.6,17.8,1202,318,8.8,32,1183,565,6327,2,126,181,259,78,796,-37.7,29.7,13.7,390,88,67,93.21,103
1982,00NCe79,2000,49.08811762,-120.9446303,1790,0.9,10.5,-7.5,18,1231,324,8.8,32.3,1142,599,6231,4,130,180,261,81,799,-37.4,30,13.7,393,89,67,95.3,117
1982,00NCe82,2000,49.04462405,-120.9646257,1810,0.8,10.3,-7.5,17.8,1269,336,8.5,30.8,1160,585,6271,2,128,180,260,79,830,-37.4,30,13.7,393,79,67,99.25,111
1982,00NCe83,2000,49.0409285,-120.9723988,1800,0.8,10.4,-7.4,17.8,1289,340,8.4,30.6,1150,591,6250,2,129,180,260,80,840,-37.3,30,13.7,394,78,67,101.18,114
1982,00NCe84,2000,49.04042506,-120.9724193,685,6.4,16.3,-3.6,19.9,1287,339,12.7,48,469,1565,4278,61,190,149,278,129,357,-32.2,36.1,14,665,197,61,73.4,723
1982,00NCe85,2000,49.03686803,-120.9645592,1705,1.3,10.9,-7.1,18,1272,335,8.9,32.5,1081,657,6083,4,134,179,261,83,796,-37,30.6,13.8,408,87,66,97.24,144
1982,00NCe86,2000,49.04063959,-120.9800327,1745,1.1,10.7,-7.3,17.9,1293,340,8.6,31.5,1107,630,6149,4,132,179,261,82,824,-37,30.3,13.7,402,82,67,100.26,131
1982,00NCe87,2000,49.03145849,-120.9420956,1820,0.7,10.3,-7.6,17.9,1180,318,9.1,32.4,1177,575,6305,2,126,181,259,78,775,-37.5,30,13.7,394,90,67,90.4,108
1982,00NCe89,2000,49.05549669,-120.9155332,1725,1.2,10.7,-7.2,17.9,1157,314,9.7,34.2,1096,640,6122,5,130,180,259,79,723,-37.4,30.5,13.9,411,101,65,85.53,135
1982,00NCe90,2000,49.06442921,-120.8922135,1325,2.4,12.5,-7.4,19.9,1143,314,10.8,39.9,1001,898,5694,11,140,177,258,81,663,-37,33.1,14.1,530,152,64,75.23,284
1982,00NCe91,2000,49.11667802,-120.8651929,1450,2,11.9,-7.4,19.3,1096,299,10.9,39.9,1025,812,5827,8,137,178,258,80,655,-37.3,32.3,14,459,147,64,73.51,229
1982,00NCe92,2000,49.12229155,-120.8690776,1665,1.3,10.9,-7.4,18.3,1100,301,10.2,36.3,1099,669,6090,5,131,181,258,78,689,-37.6,30.8,13.9,421,115,65,78.66,150
1982,00NCe93,2000,49.13832844,-120.8485222,1615,1.4,11.2,-7.5,18.7,1114,310,10.2,35.9,1094,700,6048,6,132,180,258,78,693,-37.6,31.1,13.9,430,116,65,79.08,166
1982,00NCe94,2000,49.1422333,-120.8451718,1565,1.5,11.3,-7.7,19,1114,311,10.3,36.5,1095,727,6015,5,133,180,257,77,692,-37.5,31.4,13.9,439,123,65,77.97,180
1982,00NCe95,2000,49.12585389,-120.8366702,1540,1.6,11.4,-7.4,18.9,1093,301,10.6,38,1061,742,5955,6,133,180,257,77,668,-37.6,31.7,14,445,135,64,75.07,188
1982,114791,2007,49.1638298,-120.7723007,2225,-1.4,8,-9.2,17.2,1386,368,6.2,21.6,1537,330,7068,1,103,185,252,68,1056,-39.7,27.1,13.5,314,33,69,120.31,35
1982,114792,2007,49.16588973,-120.7787018,2225,-1.4,7.9,-9.3,17.2,1393,370,6.1,21.4,1543,327,7080,1,102,185,252,67,1063,-39.8,27.1,13.5,314,32,69,121.03,34
1982,114793,2007,49.16717147,-120.7802963,2200,-1.3,8.1,-9.2,17.2,1384,369,6.3,21.9,1517,339,7031,1,103,185,252,67,1047,-39.7,27.3,13.5,318,35,68,119.6,37
1982,114794,2007,49.16852951,-120.7815018,2145,-1,8.4,-8.9,17.3,1367,367,6.6,22.8,1461,367,6927,1,106,185,253,67,1017,-39.5,27.6,13.6,348,40,68,116.74,43
1982,114795,2007,49.16878128,-120.781601,2140,-1,8.4,-8.9,17.3,1365,366,6.6,22.9,1456,370,6918,1,107,185,253,67,1013,-39.5,27.7,13.6,349,40,68,116.4,43
1982,114796,2007,49.17169952,-120.7848969,2100,-0.8,8.6,-8.8,17.4,1340,362,6.9,23.8,1424,392,6848,1,109,185,253,68,982,-39.3,28,13.6,355,45,68,112.96,49
1982,114797,2007,49.17219924,-120.7894974,2125,-0.9,8.5,-8.9,17.4,1336,361,6.8,23.6,1446,379,6892,1,108,185,253,68,987,-39.4,27.8,13.6,351,45,68,113.06,46
1982,12-1929,2015,49.20005416,-120.9982758,906,4.8,14.9,-5.2,20.1,1111,298,13.3,49.9,666,1288,4825,32,173,161,271,110,452,-32.6,35.4,13.9,624,207,64,62.9,545
1982,02-3085,2019,49.14056015,-120.7638931,2044,-0.5,9,-8.5,17.5,1372,358,6.9,25,1375,427,6741,1,112,185,254,69,1000,-39,28.4,13.7,366,47,67,114.63,58
1982,02-3087,2019,49.1199913,-120.752121,1874,0.4,9.9,-7.8,17.7,1262,337,8.2,29.5,1230,537,6419,2,121,184,256,73,863,-38.3,29.6,13.8,394,74,66,99.19,93
1982,02-3088,2019,49.13434982,-120.7645264,1928,0.1,9.6,-8,17.7,1324,347,7.6,27.7,1275,500,6524,2,118,184,255,71,929,-38.5,29.3,13.7,385,63,66,106.95,80
1982,02-3089,2019,49.14989852,-120.7567673,2136,-1,8.5,-8.9,17.4,1373,360,6.6,23.5,1455,376,6908,1,107,185,253,68,1026,-39.4,27.8,13.6,351,40,68,116.85,45
1982,02-3090,2019,49.1461296,-120.7544632,2119,-0.9,8.6,-8.8,17.4,1373,361,6.6,23.7,1439,384,6877,1,108,185,253,68,1021,-39.3,27.9,13.6,354,41,68,116.53,47
1982,12-2000,2019,49.13544082,-120.7637634,1954,-0.1,9.5,-8.2,17.6,1335,350,7.5,27.1,1297,483,6573,1,117,184,255,71,945,-38.7,29.1,13.7,381,60,67,108.66,75
1982,12-9554,2019,49.0820198,-120.9237823,1792,0.8,10.4,-7.5,17.9,1194,318,9,32.7,1157,591,6260,3,128,181,259,78,779,-37.7,30,13.8,398,93,66,91.28,114
1982,12-9555,2019,49.16053009,-120.76474,1876,0.3,9.9,-7.8,17.7,1354,362,7.6,27.3,1231,532,6426,2,121,184,256,72,923,-38.4,29.5,13.8,392,63,66,108.64,91
1982,14-4318,2019,49.10192108,-120.7574768,1956,-0.1,9.5,-8.1,17.6,1245,331,8,28.6,1304,480,6586,1,117,184,255,71,881,-38.6,29,13.7,379,68,67,99.87,73
1982,14-4319,2019,49.10179138,-120.7552795,1890,0.3,9.8,-7.9,17.7,1242,331,8.3,29.7,1244,522,6461,2,120,184,256,72,857,-38.3,29.5,13.8,390,74,66,97.86,88
1982,14-4320,2019,49.07690048,-120.7710724,1815,0.7,10.2,-7.4,17.6,1111,295,9.6,34.7,1174,576,6300,3,124,183,257,74,735,-38.1,30,13.9,404,108,65,82.56,108
1982,14-4323,2019,49.16270065,-120.7649994,1994,-0.2,9.2,-8.3,17.5,1347,361,7.3,25.6,1324,459,6636,1,115,184,255,71,955,-38.8,28.7,13.7,372,52,67,111.02,67
1982,14-4324,2019,49.16270065,-120.7649002,1988,-0.2,9.3,-8.2,17.5,1346,361,7.3,25.7,1319,463,6626,1,116,184,255,71,953,-38.8,28.8,13.7,373,53,67,110.76,68
1982,14-4325,2019,49.15930175,-120.7705002,1981,-0.2,9.3,-8.3,17.5,1384,368,7.1,25.2,1318,462,6624,1,115,185,255,70,982,-38.8,28.8,13.7,374,50,67,114.55,68
1982,14-4326,2019,49.1603012,-120.7731018,2030,-0.4,9,-8.5,17.5,1384,368,6.9,24.4,1360,431,6716,1,113,185,254,69,997,-39,28.5,13.7,366,45,67,115.8,59
1982,14-4361,2019,49.15879821,-120.7743988,2093,-0.8,8.7,-8.7,17.3,1392,370,6.6,23.4,1413,395,6829,1,109,185,253,68,1022,-39.3,28,13.6,356,41,68,118.08,50
1982,14-4382,2019,49.1646614,-120.7790527,2197,-1.3,8.1,-9.1,17.2,1391,370,6.3,21.9,1515,341,7026,1,104,185,252,67,1052,-39.7,27.3,13.5,319,34,68,120.22,37
1982,14-4383,2019,49.15822982,-120.7749863,2106,-0.8,8.6,-8.7,17.3,1394,370,6.6,23.2,1424,388,6853,1,109,185,253,68,1027,-39.3,27.9,13.6,354,40,68,118.52,48
1982,14-4384,2019,49.15280151,-120.7717896,2062,-0.6,8.8,-8.6,17.4,1389,367,6.8,24.1,1391,414,6777,1,111,185,254,69,1015,-39.1,28.3,13.6,361,44,67,116.96,54
1982,14-4385,2019,49.16463088,-120.7775726,2217,-1.4,8,-9.2,17.2,1394,370,6.2,21.6,1534,331,7063,1,103,185,252,67,1061,-39.8,27.1,13.5,316,33,69,120.95,35
1982,14-4386,2019,49.10020828,-120.7596817,2009,-0.4,9.2,-8.4,17.5,1244,330,7.7,27.8,1353,447,6687,1,114,185,254,70,897,-38.8,28.6,13.7,371,63,67,101.1,64
1982,14-4387,2019,49.09149169,-120.7733994,1955,0,9.5,-8.1,17.6,1223,319,8.1,29.9,1297,487,6569,1,117,184,256,72,867,-38.5,29.1,13.7,380,75,67,97.52,76
1982,14-4388,2019,49.06903839,-120.7620316,1624,1.4,11.1,-7.3,18.4,1037,285,11,39.1,1084,697,6039,6,130,181,257,76,643,-37.6,31.2,14,436,144,64,70.76,164
1982,14-4573,2019,49.07849884,-120.9320297,1590,1.8,11.4,-6.8,18.3,1181,317,10,36.1,1018,734,5911,5,137,178,261,84,704,-37,31.3,13.9,429,111,65,85.5,183
1982,14-4577,2019,49.14511871,-120.7613602,2052,-0.5,8.9,-8.5,17.5,1376,361,6.9,24.7,1379,421,6753,1,111,185,254,69,1003,-39.1,28.4,13.7,364,46,67,115.27,56
1982,14-4585,2019,49.07535934,-120.7685013,1752,1,10.5,-7.2,17.7,1083,291,10.1,36.3,1127,616,6192,5,126,182,257,75,697,-37.9,30.4,13.9,415,121,65,78.22,125
1982,14-4587,2019,49.0782814,-120.917923,1679,1.3,10.9,-7.1,18,1177,316,9.6,34.7,1076,667,6066,5,132,180,260,80,730,-37.4,30.7,13.9,417,104,65,86.71,148
1982,14-4588,2019,49.0820198,-120.9236526,1792,0.8,10.4,-7.5,17.9,1194,318,9,32.7,1157,591,6260,3,128,181,259,78,779,-37.7,30,13.8,398,93,66,91.28,114
1982,19JCG13,2019,49.11692047,-120.6429367,1080,3.9,14.1,-6.3,20.4,841,269,16.5,52.4,801,1160,5136,23,154,170,262,92,379,-35.6,35,14.3,590,245,61,36.41,459
1982,19JCG15,2019,49.11320114,-120.6441498,1046,4.1,14.3,-6.2,20.5,848,270,16.6,53,783,1192,5077,26,156,169,262,94,376,-35.5,35.3,14.3,632,251,61,36.12,481
1982,19JCG18,2019,49.11236953,-120.6519089,1088,3.9,14.1,-6.3,20.4,845,269,16.4,52.3,805,1152,5150,23,154,170,262,92,384,-35.7,35,14.3,588,243,61,37.09,452
1983,MP 291,1976,49.03950881,-120.8720016,1308,3.2,13.8,-12,25.8,1093,331,12.1,41.7,772,870,5381,8,153,155,242,87,437,-37,33.2,13.9,563,119,65,68.86,243
1983,MP 292,1976,49.03998947,-120.8811035,1277,3.3,13.9,-12,25.9,1106,335,12,41.6,769,893,5348,9,155,154,242,88,438,-36.9,33.4,13.9,568,118,65,69.5,254
1983,MP 293,1976,49.04455947,-120.8516998,1259,3.5,14.1,-11.7,25.7,1048,317,12.9,44.4,740,917,5282,9,156,154,243,89,400,-36.9,33.6,14,576,136,64,62.42,265
1983,MP 294,1976,49.11808013,-120.8660965,1402,2.9,13.3,-11.9,25.3,1059,315,12.2,42.3,793,794,5502,6,149,156,242,86,445,-37.2,32.6,13.8,541,118,65,68.17,210
1983,MP 295,1976,49.11931991,-120.8755035,1353,3,13.6,-12.1,25.7,1059,317,12.3,42.9,793,834,5451,6,152,155,242,87,438,-37.1,33,13.8,551,123,66,66.93,227
1983,MP 296,1976,49.12162017,-120.8731003,1381,3,13.5,-12,25.4,1059,317,12.2,42.4,793,813,5478,6,151,156,242,87,441,-37.1,32.7,13.8,545,119,66,67.68,218
1983,MP 299,1976,49.04080963,-120.8787003,1311,3.2,13.8,-12,25.8,1103,334,12,41.2,777,865,5393,7,153,155,242,87,444,-37,33.2,13.9,561,115,65,70.14,241
1983,MP 281,1976,49.10832977,-120.7583008,1921,0.8,10.9,-12.2,23.1,1207,348,9,31.2,1014,443,6251,1,119,168,238,70,682,-38.4,29.3,13.6,375,50,68,96,77
1983,MP 285,1976,49.07500076,-120.7750015,1481,2.7,13,-11.5,24.5,996,289,12.8,44.9,791,741,5565,4,144,159,240,81,432,-37.2,32.1,13.9,504,133,65,62.78,186
1983,MP 286,1976,49.07500076,-120.7750015,1326,3.3,13.7,-11.5,25.1,960,281,13.9,48.6,745,864,5352,7,152,156,240,84,377,-36.8,33.1,14,569,167,64,54.72,239
1983,MP 287,1976,49.11643981,-120.8702011,1250,3.4,14.1,-12.3,26.4,1059,315,12.6,44.6,780,914,5336,9,156,154,242,89,422,-37,33.7,13.9,573,138,65,64.05,264
1983,MP 288,1976,49.11574935,-120.8669968,1259,3.3,14,-12.2,26.3,1060,315,12.6,44.5,776,906,5339,9,155,154,242,88,422,-37,33.6,13.9,571,137,65,64.32,260
1983,MP 289,1976,49.04022979,-120.8937988,1466,2.7,13,-11.4,24.5,1122,342,11.4,38.1,789,745,5559,4,146,158,242,84,476,-37.2,32.1,13.8,497,93,65,76.09,189
1983,MP 290,1976,49.03955841,-120.8881989,1353,3.1,13.6,-11.7,25.3,1116,339,11.7,40,776,832,5434,6,151,156,242,86,454,-37,32.9,13.9,552,107,65,72.6,226
1983,35079,1979,49.18056106,-120.9610977,770,6,16.8,-9.7,26.5,1029,314,15.5,53.6,522,1441,4419,40,202,136,256,119,255,-33,36.7,13.9,690,231,65,46.84,571
1983,35179,1979,49.08110809,-120.8127975,1210,3.7,14.3,-11.6,25.9,968,287,14.2,49.6,716,952,5210,11,158,153,242,89,356,-36.8,33.9,14,586,174,63,52.98,282
1983,35379,1979,49.08889007,-120.8139038,1210,3.6,14.2,-11.8,25.9,994,295,13.7,48,739,940,5252,11,157,153,241,88,378,-36.8,33.8,14,583,163,64,56.2,276
1983,SK93710,1993,49.21475894,-121.0660627,695,6.5,16.8,-7.7,24.5,1106,330,15,50.8,421,1480,4206,40,225,129,267,138,204,-30.2,35.9,13.4,667,185,68,58.13,578
1983,SK93711,1993,49.21441772,-121.0671746,686,6.6,16.8,-7.6,24.4,1107,330,15,50.9,417,1488,4192,40,226,129,268,139,201,-30.1,35.9,13.4,667,186,68,58.05,582
1983,SK93721,1993,49.21632862,-121.0684733,698,6.5,16.7,-7.7,24.4,1106,329,14.9,50.8,420,1474,4211,39,225,129,267,138,204,-30.2,35.8,13.4,665,184,68,58.25,573
1983,SK93722,1993,49.21739366,-121.0676078,698,6.5,16.7,-7.7,24.4,1106,329,14.9,50.8,421,1473,4214,39,225,129,267,138,205,-30.3,35.8,13.4,665,185,68,58.25,574
1983,SK93734,1993,49.19803638,-120.9928605,869,5.7,16.2,-9,25.2,1052,317,14.9,51.1,501,1337,4487,30,203,136,259,123,249,-32.6,35.5,13.7,652,192,66,53.88,498
1983,SK93735,1993,49.19748268,-120.9920592,869,5.7,16.2,-9,25.2,1051,316,15,51.2,502,1337,4489,30,202,136,259,122,249,-32.7,35.5,13.7,652,193,66,53.71,498
1983,SK93736,1993,49.20192025,-120.9885846,823,5.9,16.4,-8.8,25.2,1036,313,15.4,52.4,488,1379,4424,33,207,135,260,125,236,-32.3,35.7,13.7,658,202,66,51.26,523
1983,00NCc13,2000,49.22752855,-120.9627241,900,5.5,16.1,-9.7,25.8,1063,314,14.5,51.4,542,1311,4582,29,195,138,255,117,283,-33.6,35.6,13.8,655,197,65,54.78,487
1983,00NCe73,2000,49.12286895,-120.8200364,1455,2.5,13,-12.4,25.4,1069,315,11.7,41.1,848,735,5642,4,143,159,239,81,486,-37.5,32.2,13.8,501,112,66,70.77,184
1983,00NCe74,2000,49.12958668,-120.8160951,1620,2.1,12.2,-12,24.2,1077,315,11.2,38.8,864,623,5809,3,136,162,239,78,516,-37.8,31.1,13.8,470,92,66,75.72,139
1983,00NCe75,2000,49.13184343,-120.8212604,1750,1.8,11.7,-11.5,23.2,1074,315,11,37.1,867,548,5916,2,131,163,240,77,525,-37.9,30.3,13.7,446,79,66,78.28,112
1983,00NCe76,2000,49.12956482,-120.8230328,1665,2,12.1,-11.8,23.8,1067,315,11.2,38.3,860,599,5837,2,135,162,240,78,510,-37.8,30.9,13.7,462,87,66,75.65,130
1983,00NCe77,2000,49.06956013,-120.905716,1470,2.7,13.1,-11.6,24.7,1125,340,11.3,38.5,802,748,5572,4,147,157,242,85,482,-37.2,32.2,13.8,497,94,66,76.47,190
1983,00NCe78,2000,49.08614425,-120.9258513,1840,1.4,11.4,-11.5,22.8,1167,345,9.8,32.9,927,504,6056,2,131,163,243,80,597,-37.7,29.7,13.5,379,63,69,90.39,97
1983,00NCe79,2000,49.08811762,-120.9446303,1790,1.6,11.6,-11.3,22.9,1193,353,9.8,33,888,538,5960,2,136,160,245,84,589,-37.4,30,13.5,428,64,69,92.13,109
1983,00NCe82,2000,49.04462405,-120.9646257,1810,1.5,11.5,-11.3,22.8,1237,373,9.3,30.9,906,524,6001,2,133,162,243,81,620,-37.4,30,13.5,428,54,69,96.76,104
1983,00NCe83,2000,49.0409285,-120.9723988,1800,1.6,11.6,-11.3,22.8,1256,378,9.2,30.6,897,532,5980,2,135,161,244,82,625,-37.3,30,13.5,429,53,69,98.52,106
1983,00NCe84,2000,49.04042506,-120.9724193,685,7.2,17.5,-7.3,24.7,1254,378,13.7,46.2,385,1627,3996,54,222,127,268,141,197,-32.2,36.1,13.8,708,151,63,67.55,668
1983,00NCe85,2000,49.03686803,-120.9645592,1705,2,12.1,-10.9,23,1241,373,9.7,32.3,837,596,5814,3,141,159,245,86,577,-37,30.6,13.6,445,59,68,94.64,130
1983,00NCe86,2000,49.04063959,-120.9800327,1745,1.9,11.8,-11.1,22.9,1259,379,9.4,31.3,859,569,5879,2,139,160,245,85,601,-37,30.3,13.6,438,56,69,97.47,120
1983,00NCe87,2000,49.03145849,-120.9420956,1820,1.4,11.4,-11.5,22.9,1152,351,9.9,32.6,923,515,6037,2,131,163,242,79,587,-37.5,30,13.6,429,61,69,88.44,100
1983,00NCe89,2000,49.05549669,-120.9155332,1725,1.9,11.9,-11.2,23.1,1128,342,10.6,34.9,850,579,5854,2,137,161,243,82,531,-37.4,30.5,13.7,448,70,67,83.21,123
1983,00NCe90,2000,49.06442921,-120.8922135,1325,3.1,13.7,-12,25.7,1115,339,11.8,40.4,789,851,5426,7,152,155,242,87,456,-37,33.1,13.9,557,111,65,71.91,235
1983,00NCe91,2000,49.11667802,-120.8651929,1450,2.8,13.1,-11.8,24.9,1058,315,12,41.7,800,758,5557,4,147,157,242,85,453,-37.3,32.3,13.8,532,112,66,69.4,194
1983,00NCe92,2000,49.12229155,-120.8690776,1665,2,12.1,-11.6,23.7,1061,317,11.3,38.2,854,607,5820,3,137,161,242,81,499,-37.6,30.8,13.7,459,87,67,75.25,134
1983,00NCe93,2000,49.13832844,-120.8485222,1615,2.1,12.3,-11.8,24.1,1072,323,11.3,38.2,853,638,5778,3,139,160,241,81,500,-37.6,31.1,13.7,468,88,67,75.25,146
1983,00NCe94,2000,49.1422333,-120.8451718,1565,2.2,12.5,-12.1,24.6,1071,323,11.4,38.8,858,667,5744,3,140,160,241,81,496,-37.5,31.4,13.7,478,93,67,73.95,157
1983,00NCe95,2000,49.12585389,-120.8366702,1540,2.4,12.6,-11.8,24.5,1054,314,11.8,40.2,828,683,5685,3,141,160,240,81,474,-37.6,31.7,13.8,485,103,66,71.24,163
1983,114791,2007,49.1638298,-120.7723007,2225,-0.7,9.2,-13.2,22.4,1324,376,7.1,24.4,1253,287,6799,0,98,173,234,61,884,-39.7,27.1,13.3,304,26,71,114.96,34
1983,114792,2007,49.16588973,-120.7787018,2225,-0.7,9.2,-13.2,22.4,1329,378,7,24.2,1258,285,6810,0,97,174,234,60,890,-39.8,27.1,13.4,304,26,70,115.58,33
1983,114793,2007,49.16717147,-120.7802963,2200,-0.5,9.3,-13.1,22.4,1320,377,7.2,24.7,1234,295,6761,0,98,173,234,61,872,-39.7,27.3,13.4,329,28,70,114.05,36
1983,114794,2007,49.16852951,-120.7815018,2145,-0.3,9.6,-12.9,22.5,1303,374,7.5,25.7,1184,320,6657,0,103,173,235,62,836,-39.5,27.6,13.4,338,32,70,111.08,42
1983,114795,2007,49.16878128,-120.781601,2140,-0.2,9.6,-12.9,22.5,1301,373,7.5,25.8,1180,322,6648,0,103,172,235,62,832,-39.5,27.7,13.4,339,33,70,110.73,42
1983,114796,2007,49.17169952,-120.7848969,2100,0,9.8,-12.8,22.6,1276,369,7.8,26.7,1150,342,6577,0,106,171,235,64,797,-39.3,28,13.4,345,37,70,107.21,47
1983,114797,2007,49.17219924,-120.7894974,2125,-0.2,9.7,-12.9,22.6,1271,367,7.7,26.5,1170,331,6621,0,104,172,235,63,805,-39.4,27.8,13.4,342,36,70,107.31,44
1983,12-1929,2015,49.20005416,-120.9982758,906,5.6,16.1,-9.1,25.1,1068,322,14.6,49.9,512,1308,4536,28,200,137,259,121,261,-32.6,35.4,13.7,646,182,66,56.17,481
1983,02-3085,2019,49.14056015,-120.7638931,2044,0.2,10.2,-12.6,22.8,1317,369,7.8,27.6,1105,373,6473,0,110,171,236,65,804,-39,28.4,13.5,356,38,69,109.83,56
1983,02-3087,2019,49.1199913,-120.752121,1874,1.1,11.1,-12,23.2,1217,348,9.1,32,972,475,6153,2,123,167,239,72,664,-38.3,29.6,13.6,384,53,68,95.58,87
1983,02-3088,2019,49.13434982,-120.7645264,1928,0.8,10.8,-12.3,23.1,1272,358,8.5,30.2,1015,440,6257,1,119,168,238,70,722,-38.5,29.3,13.6,375,48,68,102.52,75
1983,02-3089,2019,49.14989852,-120.7567673,2136,-0.2,9.7,-12.9,22.6,1316,368,7.4,26.3,1180,327,6640,0,103,173,235,62,845,-39.4,27.8,13.4,341,32,70,111.96,44
1983,02-3090,2019,49.1461296,-120.7544632,2119,-0.1,9.8,-12.9,22.6,1318,369,7.5,26.5,1165,334,6609,0,104,172,235,63,838,-39.3,27.9,13.5,344,33,70,111.74,45
1983,12-2000,2019,49.13544082,-120.7637634,1954,0.7,10.7,-12.3,23,1282,361,8.3,29.6,1035,424,6305,1,117,169,237,69,740,-38.7,29.1,13.6,371,45,68,104.15,71
1983,12-9554,2019,49.0820198,-120.9237823,1792,1.6,11.6,-11.4,23,1160,345,10,33.6,904,530,5990,2,133,162,242,80,579,-37.7,30,13.6,433,66,68,88.57,106
1983,12-9555,2019,49.16053009,-120.76474,1876,1.1,11.1,-12,23.1,1295,369,8.6,30,971,470,6157,2,123,167,239,72,706,-38.4,29.5,13.6,382,49,68,103.59,85
1983,14-4318,2019,49.10192108,-120.7574768,1956,0.7,10.7,-12.4,23,1204,344,8.9,31,1043,421,6321,1,116,169,237,69,698,-38.6,29,13.5,369,48,69,96.6,70
1983,14-4319,2019,49.10179138,-120.7552795,1890,1,11,-12.1,23.1,1201,344,9.2,32,989,460,6196,1,121,167,238,71,667,-38.3,29.5,13.6,380,52,68,94.71,82
1983,14-4320,2019,49.07690048,-120.7710724,1815,1.4,11.4,-11.7,23.1,1079,306,10.6,37.4,920,512,6036,2,127,165,239,74,565,-38.1,30,13.7,394,80,67,80.24,99
1983,14-4323,2019,49.16270065,-120.7649994,1994,0.5,10.5,-12.4,22.9,1286,367,8.2,28.5,1057,402,6367,1,115,169,237,68,754,-38.8,28.7,13.5,362,42,69,105.65,64
1983,14-4324,2019,49.16270065,-120.7649002,1988,0.6,10.5,-12.4,22.9,1285,367,8.2,28.6,1053,405,6356,1,115,169,237,69,750,-38.8,28.8,13.5,363,42,69,105.4,65
1983,14-4325,2019,49.15930175,-120.7705002,1981,0.6,10.5,-12.4,22.9,1324,376,8,27.9,1052,406,6355,1,115,169,237,68,774,-38.8,28.8,13.5,364,41,69,109.26,65
1983,14-4326,2019,49.1603012,-120.7731018,2030,0.3,10.2,-12.5,22.8,1324,377,7.8,27.1,1090,377,6446,0,111,170,236,66,797,-39,28.5,13.5,356,38,69,110.39,57
1983,14-4361,2019,49.15879821,-120.7743988,2093,0,9.9,-12.7,22.6,1332,379,7.5,26.1,1139,344,6560,0,106,171,236,64,830,-39.3,28,13.5,346,34,69,112.72,48
1983,14-4382,2019,49.1646614,-120.7790527,2197,-0.5,9.3,-13.1,22.4,1328,378,7.1,24.6,1232,296,6757,0,99,173,234,61,876,-39.7,27.3,13.4,330,28,70,114.77,36
1983,14-4383,2019,49.15822982,-120.7749863,2106,-0.1,9.8,-12.8,22.6,1334,379,7.5,25.8,1149,338,6583,0,105,172,235,64,837,-39.3,27.9,13.5,344,33,69,113.2,46
1983,14-4384,2019,49.15280151,-120.7717896,2062,0.1,10.1,-12.7,22.7,1330,376,7.6,26.7,1119,361,6509,0,109,171,236,65,818,-39.1,28.3,13.5,352,36,69,111.77,52
1983,14-4385,2019,49.16463088,-120.7775726,2217,-0.6,9.2,-13.2,22.4,1331,378,7,24.3,1250,288,6793,0,97,174,234,60,887,-39.8,27.1,13.4,305,26,70,115.54,34
1983,14-4386,2019,49.10020828,-120.7596817,2009,0.4,10.4,-12.6,22.9,1203,343,8.6,30.2,1087,391,6422,1,113,170,237,67,721,-38.8,28.6,13.5,361,45,69,97.79,61
1983,14-4387,2019,49.09149169,-120.7733994,1955,0.7,10.7,-12.3,23,1183,333,9,32.2,1036,427,6304,1,118,168,238,70,684,-38.5,29.1,13.5,370,51,69,94.37,72
1983,14-4388,2019,49.06903839,-120.7620316,1624,2.2,12.3,-11.8,24.1,1012,293,12,42,848,634,5775,3,137,162,240,79,479,-37.6,31.2,13.8,475,107,66,68.72,144
1983,14-4573,2019,49.07849884,-120.9320297,1590,2.5,12.6,-10.8,23.4,1147,345,10.9,36.5,784,676,5641,3,147,157,245,89,494,-37,31.3,13.7,468,78,67,82.03,160
1983,14-4577,2019,49.14511871,-120.7613602,2052,0.2,10.1,-12.6,22.8,1320,370,7.7,27.4,1109,368,6485,0,109,171,236,65,808,-39.1,28.4,13.5,354,37,69,110.37,54
1983,14-4585,2019,49.07535934,-120.7685013,1752,1.7,11.7,-11.4,23.2,1053,300,11.1,39.1,879,552,5928,2,130,164,240,76,528,-37.9,30.4,13.7,451,90,66,75.99,113
1983,14-4587,2019,49.0782814,-120.917923,1679,2.1,12.1,-11.1,23.2,1143,342,10.6,35.4,833,606,5796,3,139,160,243,83,526,-37.4,30.7,13.7,455,73,67,83.82,133
1983,14-4588,2019,49.0820198,-120.9236526,1792,1.6,11.6,-11.4,23,1160,345,10,33.6,904,530,5990,2,133,162,242,80,579,-37.7,30,13.6,433,66,68,88.56,106
1983,19JCG13,2019,49.11692047,-120.6429367,1080,4.6,15.3,-10.7,26,833,271,17.6,56.4,626,1146,4878,19,173,148,247,99,255,-35.6,35,14.1,620,248,63,33.55,387
1983,19JCG15,2019,49.11320114,-120.6441498,1046,4.8,15.5,-10.7,26.2,841,272,17.6,57,613,1183,4819,21,175,147,247,100,250,-35.5,35.3,14.1,639,254,63,33.14,409
1983,19JCG18,2019,49.11236953,-120.6519089,1088,4.6,15.3,-10.8,26,837,271,17.5,56.2,629,1137,4892,19,172,148,247,99,258,-35.7,35,14.1,618,246,63,34.21,381
1984,MP 291,1976,49.03950881,-120.8720016,1308,2.6,13.8,-11.3,25.1,1109,260,11.3,53,873,832,5623,10,137,173,242,70,409,-37,33.2,13.8,550,198,65,72.84,280
1984,MP 292,1976,49.03998947,-120.8811035,1277,2.7,13.9,-11.3,25.3,1125,265,11.3,52.6,868,852,5591,11,139,172,242,70,408,-36.9,33.4,13.8,555,199,65,73.89,291
1984,MP 293,1976,49.04455947,-120.8516998,1259,2.8,14.1,-11,25.1,1059,248,12.1,56.7,836,872,5527,12,139,172,242,71,377,-36.9,33.6,13.9,563,215,64,66.14,302
1984,MP 294,1976,49.11808013,-120.8660965,1402,2.2,13.3,-11.2,24.6,1092,251,11.2,53.2,902,767,5744,8,133,174,242,67,429,-37.2,32.6,13.7,528,192,65,73.81,245
1984,MP 295,1976,49.11931991,-120.8755035,1353,2.4,13.6,-11.4,25,1097,252,11.3,53.7,898,801,5695,9,136,174,242,68,421,-37.1,33,13.8,538,197,65,73.03,264
1984,MP 296,1976,49.12162017,-120.8731003,1381,2.3,13.4,-11.3,24.7,1096,253,11.2,53.2,900,783,5721,9,135,174,242,68,426,-37.1,32.7,13.7,532,193,65,73.67,253
1984,MP 299,1976,49.04080963,-120.8787003,1311,2.5,13.8,-11.4,25.1,1121,264,11.2,52.2,879,829,5635,10,137,173,242,70,415,-37,33.2,13.8,548,195,65,74.37,278
1984,MP 281,1976,49.10832977,-120.7583008,1921,0.2,10.6,-11.5,22.2,1203,271,8.5,39.2,1178,461,6495,1,108,183,239,56,633,-38.4,29.3,13.5,351,122,68,96.03,89
1984,MP 285,1976,49.07500076,-120.7750015,1481,2.1,13,-10.9,23.9,999,225,12.1,57.8,904,723,5802,6,129,177,240,63,411,-37.2,32.1,13.8,523,206,65,65.22,221
1984,MP 286,1976,49.07500076,-120.7750015,1326,2.6,13.8,-10.8,24.6,964,220,13.1,62.7,845,826,5596,10,135,174,239,66,358,-36.8,33.1,13.9,555,230,64,57.73,277
1984,MP 287,1976,49.11643981,-120.8702011,1250,2.7,14.1,-11.7,25.7,1094,251,11.6,56.1,879,869,5584,12,139,172,242,70,401,-37,33.7,13.8,559,212,65,70.1,300
1984,MP 288,1976,49.11574935,-120.8669968,1259,2.7,14,-11.6,25.6,1093,251,11.6,56,876,862,5588,12,139,172,242,70,401,-37,33.6,13.8,557,211,65,70.23,297
1984,MP 289,1976,49.04022979,-120.8937988,1466,2.1,13,-10.8,23.8,1143,270,10.6,48.1,901,726,5800,6,131,175,242,67,453,-37.2,32.1,13.7,517,174,65,80.34,222
1984,MP 290,1976,49.03955841,-120.8881989,1353,2.4,13.6,-11.1,24.7,1137,268,10.9,50.5,880,800,5675,9,136,173,242,69,428,-37,32.9,13.8,539,187,65,76.98,263
1984,35079,1979,49.18056106,-120.9610977,770,5.3,16.9,-9,25.9,1099,252,13.9,67.1,584,1330,4676,48,182,154,253,100,244,-33,36.7,13.8,665,268,65,57.18,569
1984,35179,1979,49.08110809,-120.8127975,1210,3,14.3,-10.9,25.3,981,228,13.3,62.7,810,901,5456,13,141,171,241,70,342,-36.8,33.9,13.9,572,237,63,56.97,317
1984,35379,1979,49.08889007,-120.8139038,1210,2.9,14.3,-11.1,25.4,1007,232,12.8,61.5,834,891,5499,13,140,171,241,69,359,-36.8,33.8,13.9,569,230,64,60.18,312
1984,SK93710,1993,49.21475894,-121.0660627,695,5.9,16.7,-7,23.8,1228,277,12.9,60.4,463,1353,4463,46,205,144,263,119,209,-30.2,35.9,13.3,631,224,68,73.69,567
1984,SK93711,1993,49.21441772,-121.0671746,686,5.9,16.8,-7,23.8,1229,277,12.9,60.6,459,1361,4448,47,206,144,264,120,206,-30.1,35.9,13.3,631,224,68,73.61,571
1984,SK93721,1993,49.21632862,-121.0684733,698,5.8,16.7,-7,23.7,1229,277,12.9,60.4,462,1348,4467,45,205,144,263,119,209,-30.2,35.8,13.3,629,223,68,73.93,563
1984,SK93722,1993,49.21739366,-121.0676078,698,5.8,16.7,-7,23.7,1230,277,12.9,60.3,464,1347,4471,46,204,144,263,119,210,-30.3,35.8,13.3,629,223,68,73.98,563
1984,SK93734,1993,49.19803638,-120.9928605,869,5,16.2,-8.3,24.5,1144,261,13.2,62.1,560,1229,4748,36,183,153,256,103,250,-32.6,35.5,13.6,626,235,66,66.46,501
1984,SK93735,1993,49.19748268,-120.9920592,869,5,16.2,-8.3,24.6,1143,260,13.2,62.3,561,1229,4750,36,182,153,256,103,250,-32.7,35.5,13.6,626,236,66,66.26,501
1984,SK93736,1993,49.20192025,-120.9885846,823,5.2,16.4,-8.2,24.6,1127,258,13.5,63.7,544,1267,4683,39,186,151,257,106,236,-32.3,35.7,13.6,632,242,66,63.76,523
1984,00NCc13,2000,49.22752855,-120.9627241,900,4.8,16.2,-9,25.2,1162,259,12.7,62.6,610,1208,4846,35,175,156,253,97,280,-33.6,35.6,13.7,630,239,65,68.08,493
1984,00NCe73,2000,49.12286895,-120.8200364,1455,1.8,12.9,-11.8,24.7,1093,248,10.8,52.1,964,718,5887,6,128,177,239,62,464,-37.5,32.2,13.7,520,187,66,75.33,217
1984,00NCe74,2000,49.12958668,-120.8160951,1620,1.4,12.1,-11.3,23.4,1102,249,10.3,48.7,994,621,6054,4,122,179,240,61,500,-37.8,31.1,13.7,393,166,66,79.83,165
1984,00NCe75,2000,49.13184343,-120.8212604,1750,1.1,11.5,-10.8,22.3,1101,249,10.1,46.3,1007,552,6161,3,118,180,240,60,512,-37.9,30.3,13.6,373,151,66,82.21,131
1984,00NCe76,2000,49.12956482,-120.8230328,1665,1.3,11.9,-11.1,23,1094,248,10.3,48,993,598,6082,4,121,179,240,61,495,-37.8,30.9,13.7,386,160,66,79.83,154
1984,00NCe77,2000,49.06956013,-120.905716,1470,2,13,-11,24,1157,270,10.4,48,914,727,5814,6,132,175,243,67,461,-37.2,32.2,13.7,515,172,66,81.9,223
1984,00NCe78,2000,49.08614425,-120.9258513,1840,0.7,11.1,-10.8,21.9,1207,276,8.9,40.1,1074,512,6300,2,118,179,243,64,567,-37.7,29.7,13.4,354,129,69,95.32,112
1984,00NCe79,2000,49.08811762,-120.9446303,1790,1,11.3,-10.6,21.9,1240,282,8.9,40.2,1029,542,6203,3,123,177,245,68,566,-37.4,30,13.4,357,128,69,97.9,125
1984,00NCe82,2000,49.04462405,-120.9646257,1810,0.9,11.2,-10.7,21.9,1285,300,8.5,37.4,1048,530,6243,3,120,178,244,66,591,-37.4,30,13.4,358,121,69,102.53,120
1984,00NCe83,2000,49.0409285,-120.9723988,1800,0.9,11.3,-10.6,21.9,1307,305,8.4,37,1037,536,6221,3,121,178,244,67,597,-37.3,30,13.4,358,120,69,104.59,123
1984,00NCe84,2000,49.04042506,-120.9724193,685,6.5,17.4,-6.6,24,1304,305,12.7,57.1,420,1495,4242,64,203,140,264,124,198,-32.2,36.1,13.7,680,228,63,75.83,652
1984,00NCe85,2000,49.03686803,-120.9645592,1705,1.4,11.8,-10.3,22.1,1288,301,8.8,39.2,965,594,6055,4,127,175,246,70,557,-37,30.6,13.5,371,130,68,100.67,152
1984,00NCe86,2000,49.04063959,-120.9800327,1745,1.2,11.6,-10.4,22,1313,307,8.5,37.8,992,570,6120,3,125,176,245,69,580,-37,30.3,13.5,365,125,69,104.08,139
1984,00NCe87,2000,49.03145849,-120.9420956,1820,0.8,11.2,-10.9,22,1186,280,9.1,39.9,1068,522,6278,3,118,179,243,64,553,-37.5,30,13.5,359,132,69,92.74,117
1984,00NCe89,2000,49.05549669,-120.9155332,1725,1.3,11.7,-10.5,22.3,1160,272,9.7,43.1,982,579,6095,3,123,178,243,66,510,-37.4,30.5,13.6,374,144,67,87.76,144
1984,00NCe90,2000,49.06442921,-120.8922135,1325,2.4,13.7,-11.4,25.1,1142,268,10.9,51.1,892,816,5669,10,137,173,242,69,428,-37,33.1,13.8,544,190,65,76.98,272
1984,00NCe91,2000,49.11667802,-120.8651929,1450,2.1,13.1,-11.1,24.2,1092,250,11.1,52.2,913,736,5797,6,131,175,242,67,439,-37.3,32.3,13.7,519,185,65,74.9,228
1984,00NCe92,2000,49.12229155,-120.8690776,1665,1.4,12,-10.9,22.9,1096,252,10.4,47.6,985,605,6065,4,123,178,242,64,485,-37.6,30.8,13.6,383,159,67,80.25,158
1984,00NCe93,2000,49.13832844,-120.8485222,1615,1.5,12.3,-11.1,23.3,1108,256,10.4,47.9,981,633,6024,4,125,178,242,64,486,-37.6,31.1,13.6,413,162,66,80.46,173
1984,00NCe94,2000,49.1422333,-120.8451718,1565,1.6,12.5,-11.4,23.8,1107,256,10.4,48.7,982,659,5990,5,126,178,241,63,481,-37.5,31.4,13.6,422,167,67,79.37,186
1984,00NCe95,2000,49.12585389,-120.8366702,1540,1.7,12.6,-11.2,23.7,1082,248,10.8,50.6,949,672,5930,5,126,178,240,63,459,-37.6,31.7,13.7,428,176,66,75.97,193
1984,114791,2007,49.1638298,-120.7723007,2225,-1.3,8.8,-12.5,21.3,1362,298,6.4,29.4,1458,308,7046,0,91,185,236,51,790,-39.7,27.1,13.3,260,95,70,118.78,37
1984,114792,2007,49.16588973,-120.7787018,2225,-1.4,8.7,-12.5,21.2,1372,301,6.3,29,1463,305,7057,0,90,185,235,50,795,-39.8,27.1,13.3,260,95,70,119.89,36
1984,114793,2007,49.16717147,-120.7802963,2200,-1.2,8.9,-12.4,21.3,1365,300,6.4,29.6,1436,316,7008,0,91,186,236,50,784,-39.7,27.3,13.3,263,97,70,118.57,39
1984,114794,2007,49.16852951,-120.7815018,2145,-0.9,9.2,-12.2,21.4,1348,298,6.7,30.9,1380,340,6904,0,95,185,236,51,760,-39.5,27.6,13.3,270,101,70,115.74,46
1984,114795,2007,49.16878128,-120.781601,2140,-0.9,9.2,-12.2,21.4,1346,297,6.7,31,1375,343,6895,0,95,185,236,51,757,-39.5,27.7,13.3,270,101,69,115.4,47
1984,114796,2007,49.17169952,-120.7848969,2100,-0.7,9.5,-12.1,21.6,1322,293,7,32.3,1339,362,6824,0,97,185,237,51,733,-39.3,28,13.3,323,105,69,112.02,52
1984,114797,2007,49.17219924,-120.7894974,2125,-0.8,9.3,-12.2,21.5,1319,293,6.9,31.9,1363,351,6869,0,96,185,236,51,738,-39.4,27.8,13.3,273,104,70,112.3,49
1984,12-1929,2015,49.20005416,-120.9982758,906,4.9,16.1,-8.4,24.5,1162,266,12.8,60.6,574,1203,4799,34,180,154,256,102,264,-32.6,35.4,13.6,621,229,66,68.96,486
1984,02-3085,2019,49.14056015,-120.7638931,2044,-0.4,9.8,-11.9,21.8,1337,292,7.2,33.7,1287,393,6718,0,100,185,237,52,736,-39,28.4,13.4,333,110,69,112.03,63
1984,02-3087,2019,49.1199913,-120.752121,1874,0.4,10.9,-11.3,22.2,1218,272,8.6,40.1,1129,488,6398,1,111,183,239,57,625,-38.3,29.6,13.5,359,126,68,96.34,101
1984,02-3088,2019,49.13434982,-120.7645264,1928,0.2,10.5,-11.6,22.1,1287,282,7.9,37.4,1180,456,6502,1,108,184,239,55,675,-38.5,29.3,13.5,350,120,68,104.49,87
1984,02-3089,2019,49.14989852,-120.7567673,2136,-0.9,9.3,-12.2,21.5,1339,291,6.8,31.9,1374,348,6886,0,95,186,236,51,762,-39.4,27.8,13.3,273,104,69,114.32,48
1984,02-3090,2019,49.1461296,-120.7544632,2119,-0.8,9.4,-12.2,21.6,1338,292,6.9,32.2,1357,356,6855,0,96,185,236,51,757,-39.3,27.9,13.4,275,105,69,113.84,51
1984,12-2000,2019,49.13544082,-120.7637634,1954,0,10.4,-11.6,22,1298,284,7.7,36.5,1203,442,6551,1,106,184,238,55,689,-38.7,29.1,13.5,346,118,68,106.09,81
1984,12-9554,2019,49.0820198,-120.9237823,1792,0.9,11.3,-10.8,22.1,1199,275,9.1,41.1,1046,536,6233,3,120,179,243,64,552,-37.7,30,13.5,362,134,68,93.48,123
1984,12-9555,2019,49.16053009,-120.76474,1876,0.4,10.8,-11.3,22.2,1324,292,7.9,37,1129,483,6404,1,111,183,239,57,673,-38.4,29.5,13.5,356,120,68,107.27,98
1984,14-4318,2019,49.10192108,-120.7574768,1956,0,10.4,-11.7,22.1,1198,269,8.3,38.7,1212,440,6565,1,106,183,238,55,642,-38.6,29,13.4,345,120,68,96.33,81
1984,14-4319,2019,49.10179138,-120.7552795,1890,0.3,10.8,-11.4,22.2,1195,268,8.6,40.2,1149,476,6440,1,110,182,239,57,621,-38.3,29.5,13.5,355,126,68,94.66,96
1984,14-4320,2019,49.07690048,-120.7710724,1815,0.8,11.2,-11,22.2,1078,238,10,47.2,1068,522,6279,3,114,181,240,59,529,-38.1,30,13.6,368,155,67,81.06,117
1984,14-4323,2019,49.16270065,-120.7649994,1994,-0.1,10.2,-11.7,21.9,1319,291,7.5,34.9,1232,421,6614,0,105,184,238,54,705,-38.8,28.7,13.4,339,112,69,109.13,73
1984,14-4324,2019,49.16270065,-120.7649002,1988,-0.1,10.2,-11.7,21.9,1318,291,7.5,35.1,1226,424,6603,0,105,184,238,54,702,-38.8,28.8,13.4,340,113,69,108.89,74
1984,14-4325,2019,49.15930175,-120.7705002,1981,-0.1,10.2,-11.7,21.9,1358,298,7.3,34.1,1225,423,6601,0,105,184,238,54,722,-38.8,28.8,13.4,340,112,68,112.85,74
1984,14-4326,2019,49.1603012,-120.7731018,2030,-0.4,9.9,-11.8,21.7,1360,298,7.1,33.1,1270,397,6693,0,101,185,238,53,736,-39,28.5,13.4,333,108,69,114.17,64
1984,14-4361,2019,49.15879821,-120.7743988,2093,-0.7,9.5,-12,21.5,1368,300,6.8,31.7,1328,365,6806,0,98,185,237,52,758,-39.3,28,13.4,323,104,69,116.46,53
1984,14-4382,2019,49.1646614,-120.7790527,2197,-1.2,8.9,-12.4,21.3,1370,300,6.4,29.6,1434,317,7003,0,91,185,236,50,787,-39.7,27.3,13.3,264,97,70,119.06,39
1984,14-4383,2019,49.15822982,-120.7749863,2106,-0.7,9.4,-12.1,21.5,1369,300,6.8,31.5,1340,359,6830,0,97,185,237,51,762,-39.3,27.9,13.4,322,103,69,116.91,51
1984,14-4384,2019,49.15280151,-120.7717896,2062,-0.5,9.7,-12,21.7,1361,298,7,32.6,1304,382,6755,0,100,185,237,52,750,-39.1,28.3,13.4,329,107,69,115.06,59
1984,14-4385,2019,49.16463088,-120.7775726,2217,-1.3,8.8,-12.5,21.2,1372,300,6.3,29.2,1454,309,7040,0,90,185,236,50,793,-39.8,27.1,13.3,261,95,70,119.71,37
1984,14-4386,2019,49.10020828,-120.7596817,2009,-0.3,10.1,-11.9,21.9,1198,268,8.1,37.6,1263,412,6665,0,103,184,238,54,656,-38.8,28.6,13.4,338,116,69,97.34,70
1984,14-4387,2019,49.09149169,-120.7733994,1955,0,10.5,-11.6,22,1182,260,8.5,40.2,1204,446,6547,1,107,183,239,56,629,-38.5,29.1,13.5,346,125,69,94.51,83
1984,14-4388,2019,49.06903839,-120.7620316,1624,1.5,12.2,-11.1,23.3,1011,228,11.4,53.6,975,632,6018,4,123,179,240,62,449,-37.6,31.2,13.7,420,182,66,70.17,172
1984,14-4573,2019,49.07849884,-120.9320297,1590,1.9,12.4,-10.1,22.5,1188,276,10,44.9,900,662,5884,5,132,174,245,71,485,-37,31.3,13.6,412,153,67,88.07,187
1984,14-4577,2019,49.14511871,-120.7613602,2052,-0.5,9.8,-11.9,21.7,1342,293,7.1,33.4,1292,388,6731,0,100,185,237,52,740,-39.1,28.4,13.4,331,110,69,112.76,61
1984,14-4585,2019,49.07535934,-120.7685013,1752,1.1,11.6,-10.8,22.4,1052,233,10.5,49.7,1019,558,6171,3,117,180,240,60,498,-37.9,30.4,13.6,377,165,66,77.05,135
1984,14-4587,2019,49.0782814,-120.917923,1679,1.4,11.9,-10.4,22.4,1181,273,9.7,43.7,961,602,6039,4,125,177,244,67,510,-37.4,30.7,13.6,379,147,67,89.05,156
1984,14-4588,2019,49.0820198,-120.9236526,1792,0.9,11.3,-10.8,22.1,1199,275,9.1,41.1,1046,536,6233,3,120,179,243,64,552,-37.7,30,13.5,362,134,68,93.46,123
1984,19JCG13,2019,49.11692047,-120.6429367,1080,4,15.4,-10.1,25.5,789,202,17.7,76.3,707,1067,5133,24,154,165,245,80,235,-35.6,35,14,607,288,63,32.37,412
1984,19JCG15,2019,49.11320114,-120.6441498,1046,4.1,15.6,-10,25.6,796,203,17.7,77,691,1104,5075,27,156,164,245,81,229,-35.5,35.3,14,614,293,62,32.02,432
1984,19JCG18,2019,49.11236953,-120.6519089,1088,3.9,15.3,-10.1,25.5,794,202,17.5,75.9,710,1059,5147,24,154,165,245,80,238,-35.7,35,14,605,285,63,33.14,407
1985,MP 291,1976,49.03950881,-120.8720016,1308,2.2,16.5,-10.5,27,791,191,15.5,86.3,1118,990,5743,24,143,157,239,82,531,-37,33.2,14.2,566,326,63,35.5,376
1985,MP 292,1976,49.03998947,-120.8811035,1277,2.3,16.7,-10.5,27.2,801,194,15.4,85.8,1113,1012,5712,25,144,156,239,83,533,-36.9,33.4,14.2,571,328,63,35.9,389
1985,MP 293,1976,49.04455947,-120.8516998,1259,2.5,16.8,-10.3,27.1,759,184,16.5,91.4,1082,1034,5650,28,145,155,239,84,493,-36.9,33.6,14.2,578,340,62,30.69,402
1985,MP 294,1976,49.11808013,-120.8660965,1402,1.9,16,-11,27,771,181,15.4,88.7,1158,918,5875,19,140,159,238,80,551,-37.2,32.6,14.1,545,316,63,36.22,334
1985,MP 295,1976,49.11931991,-120.8755035,1353,2,16.3,-11,27.3,774,182,15.5,89.4,1154,955,5825,21,142,158,238,81,543,-37.1,33,14.1,555,323,63,35.17,355
1985,MP 296,1976,49.12162017,-120.8731003,1381,1.9,16.1,-11,27.1,774,182,15.4,88.6,1156,935,5851,20,141,158,238,80,548,-37.1,32.7,14.1,549,318,63,35.92,344
1985,MP 299,1976,49.04080963,-120.8787003,1311,2.2,16.5,-10.6,27.1,799,193,15.3,85.3,1124,986,5755,23,143,157,239,82,540,-37,33.2,14.2,564,323,63,36.52,373
1985,MP 281,1976,49.10832977,-120.7583008,1921,-0.2,13.3,-12.6,26,856,197,11.5,67.8,1425,583,6613,3,116,171,235,64,759,-38.4,29.3,13.8,412,237,66,56.69,158
1985,MP 285,1976,49.07500076,-120.7750015,1481,1.7,15.7,-11,26.7,735,172,15.9,91.5,1163,873,5933,15,135,161,236,75,528,-37.2,32.1,14.2,541,323,63,33.48,306
1985,MP 286,1976,49.07500076,-120.7750015,1326,2.3,16.5,-10.6,27.1,716,169,17.2,98,1104,988,5726,23,142,157,236,79,473,-36.8,33.1,14.2,571,348,62,27.3,373
1985,MP 287,1976,49.11643981,-120.8702011,1250,2.3,16.8,-10.8,27.6,772,181,16,92.7,1134,1030,5715,28,145,156,238,83,522,-37,33.7,14.2,576,338,63,32.27,400
1985,MP 288,1976,49.11574935,-120.8669968,1259,2.3,16.7,-10.8,27.6,771,181,16,92.6,1130,1023,5719,27,145,156,238,82,522,-37,33.6,14.2,574,337,63,32.44,395
1985,MP 289,1976,49.04022979,-120.8937988,1466,1.8,15.7,-10.7,26.4,811,196,14.5,79.9,1147,874,5915,15,137,160,238,78,580,-37.2,32.1,14.1,534,298,63,41.91,308
1985,MP 290,1976,49.03955841,-120.8881989,1353,2.1,16.3,-10.6,26.9,808,196,15,83.1,1126,955,5794,21,141,157,238,81,554,-37,32.9,14.1,556,315,63,38.53,355
1985,35079,1979,49.18056106,-120.9610977,770,4.9,19.6,-8.5,28.2,751,172,19.9,113.9,806,1505,4833,97,179,136,251,115,373,-33,36.7,14.1,699,403,62,16.37,703
1985,35179,1979,49.08110809,-120.8127975,1210,2.7,17,-10.1,27.1,711,170,17.9,100.2,1058,1065,5587,31,146,154,238,84,447,-36.8,33.9,14.3,587,356,61,24.6,420
1985,35379,1979,49.08889007,-120.8139038,1210,2.6,17,-10.4,27.4,726,172,17.3,98.5,1089,1056,5631,30,146,155,237,83,467,-36.8,33.8,14.2,585,352,62,26.49,414
1985,SK93710,1993,49.21475894,-121.0660627,695,5.5,19.5,-7.4,26.9,817,183,19,106.1,647,1524,4611,93,195,127,261,134,347,-30.2,35.9,13.7,666,372,66,26.63,703
1985,SK93711,1993,49.21441772,-121.0671746,686,5.6,19.5,-7.4,26.9,817,183,19.1,106.3,641,1532,4598,94,195,127,262,135,344,-30.1,35.9,13.7,667,372,66,26.51,707
1985,SK93721,1993,49.21632862,-121.0684733,698,5.5,19.4,-7.4,26.8,817,183,19,106.1,646,1518,4615,91,195,127,261,134,348,-30.2,35.8,13.7,665,371,66,26.8,698
1985,SK93722,1993,49.21739366,-121.0676078,698,5.5,19.4,-7.4,26.9,817,183,19,106,648,1518,4619,92,194,127,261,134,349,-30.3,35.8,13.7,665,371,66,26.85,699
1985,SK93734,1993,49.19803638,-120.9928605,869,4.7,18.9,-8.4,27.3,776,176,18.9,107.5,775,1400,4893,74,179,136,254,118,385,-32.6,35.5,13.9,660,372,64,23.95,629
1985,SK93735,1993,49.19748268,-120.9920592,869,4.7,18.9,-8.4,27.3,775,176,19,107.7,776,1400,4895,74,179,136,254,118,384,-32.7,35.5,14,660,373,64,23.85,629
1985,SK93736,1993,49.20192025,-120.9885846,823,4.9,19.1,-8.2,27.4,764,174,19.5,109.7,755,1438,4834,81,182,134,255,121,367,-32.3,35.7,13.9,667,379,64,21.74,654
1985,00NCc13,2000,49.22752855,-120.9627241,900,4.4,18.9,-8.9,27.8,791,176,18.2,107.4,844,1381,4997,73,174,138,251,112,419,-33.6,35.6,14,664,378,63,25.25,620
1985,00NCe73,2000,49.12286895,-120.8200364,1455,1.5,15.7,-11.5,27.1,777,181,14.8,86.5,1225,864,6016,14,135,161,236,74,584,-37.5,32.2,14.1,537,311,64,38.21,302
1985,00NCe74,2000,49.12958668,-120.8160951,1620,1,14.8,-11.6,26.4,782,181,14.1,81.8,1252,755,6180,10,129,165,236,71,622,-37.8,31.1,14,506,288,64,42.76,244
1985,00NCe75,2000,49.13184343,-120.8212604,1750,0.7,14.2,-11.6,25.8,781,181,13.7,78.6,1260,684,6284,7,125,166,237,70,640,-37.9,30.3,13.9,482,270,64,45.64,208
1985,00NCe76,2000,49.12956482,-120.8230328,1665,0.9,14.6,-11.5,26.2,778,181,14.1,81,1248,732,6207,9,128,165,236,71,621,-37.8,30.9,14,497,282,64,43.39,232
1985,00NCe77,2000,49.06956013,-120.905716,1470,1.7,15.7,-10.9,26.6,815,194,14.4,81,1164,875,5932,15,138,160,239,79,591,-37.2,32.2,14.1,533,298,64,42.34,308
1985,00NCe78,2000,49.08614425,-120.9258513,1840,0.4,13.8,-11.9,25.7,842,196,12.3,70.3,1316,640,6407,6,125,166,239,73,691,-37.7,29.7,13.8,460,243,66,54.16,185
1985,00NCe79,2000,49.08811762,-120.9446303,1790,0.6,14,-11.6,25.6,862,199,12.4,70.5,1271,673,6311,6,129,163,241,78,696,-37.4,30,13.8,464,244,67,55.49,201
1985,00NCe82,2000,49.04462405,-120.9646257,1810,0.6,14,-11.6,25.5,895,209,11.8,66.6,1285,660,6345,6,126,165,240,75,724,-37.4,30,13.8,465,234,67,58.93,195
1985,00NCe83,2000,49.0409285,-120.9723988,1800,0.6,14,-11.5,25.5,910,213,11.7,65.8,1274,667,6323,6,128,164,240,76,732,-37.3,30,13.8,466,233,67,60.29,198
1985,00NCe84,2000,49.04042506,-120.9724193,685,6.2,20.1,-6.2,26.3,908,213,17.8,94.6,590,1663,4405,120,196,123,262,139,323,-32.2,36.1,14.1,698,374,61,31.11,797
1985,00NCe85,2000,49.03686803,-120.9645592,1705,1.1,14.5,-11.1,25.6,897,210,12.3,69.1,1205,730,6159,8,133,161,242,80,696,-37,30.6,13.8,482,246,66,56.93,230
1985,00NCe86,2000,49.04063959,-120.9800327,1745,0.9,14.3,-11.2,25.5,913,213,11.9,67.1,1230,704,6223,7,131,162,241,79,720,-37,30.3,13.8,475,239,66,59.4,217
1985,00NCe87,2000,49.03145849,-120.9420956,1820,0.5,13.9,-11.6,25.5,834,199,12.5,69.7,1304,652,6379,6,125,166,239,73,674,-37.5,30,13.8,466,244,66,52.82,191
1985,00NCe89,2000,49.05549669,-120.9155332,1725,0.9,14.4,-11.2,25.6,817,195,13.4,74,1225,713,6204,8,130,164,239,76,638,-37.4,30.5,13.9,484,261,65,48.81,222
1985,00NCe90,2000,49.06442921,-120.8922135,1325,2.1,16.4,-10.8,27.2,809,194,15,84.7,1141,972,5791,22,142,157,238,81,557,-37,33.1,14.1,561,319,63,37.98,366
1985,00NCe91,2000,49.11667802,-120.8651929,1450,1.7,15.8,-11,26.8,771,181,15.2,87.4,1169,884,5928,15,138,160,238,78,561,-37.3,32.3,14.1,536,310,63,37.48,314
1985,00NCe92,2000,49.12229155,-120.8690776,1665,1,14.7,-11.4,26.1,773,182,14.2,81,1238,739,6186,9,130,164,238,74,608,-37.6,30.8,13.9,495,279,65,43.2,236
1985,00NCe93,2000,49.13832844,-120.8485222,1615,1.1,15,-11.5,26.5,786,185,14.1,80.8,1240,768,6149,10,131,163,238,75,612,-37.6,31.1,13.9,504,284,65,43.29,251
1985,00NCe94,2000,49.1422333,-120.8451718,1565,1.2,15.2,-11.6,26.8,786,185,14.2,82,1243,801,6117,11,132,163,237,74,605,-37.5,31.4,14,514,291,65,42.1,267
1985,00NCe95,2000,49.12585389,-120.8366702,1540,1.4,15.3,-11.3,26.5,770,180,14.8,84.6,1207,815,6057,12,133,162,237,74,581,-37.6,31.7,14,521,299,64,39.58,274
1985,114791,2007,49.1638298,-120.7723007,2225,-1.7,11.5,-13.9,25.4,970,217,8.5,53,1675,405,7173,1,97,177,231,54,934,-39.7,27.1,13.6,346,186,69,75.01,78
1985,114792,2007,49.16588973,-120.7787018,2225,-1.8,11.4,-13.9,25.3,979,218,8.4,52.4,1679,402,7184,1,97,178,231,53,941,-39.8,27.1,13.6,346,186,68,75.9,76
1985,114793,2007,49.16717147,-120.7802963,2200,-1.6,11.6,-13.8,25.4,974,218,8.6,53.1,1656,415,7135,1,98,177,231,54,930,-39.7,27.3,13.6,350,189,68,74.91,81
1985,114794,2007,49.16852951,-120.7815018,2145,-1.3,11.9,-13.6,25.5,963,216,9,55,1606,444,7031,2,101,176,232,55,909,-39.5,27.6,13.6,358,198,68,72.71,93
1985,114795,2007,49.16878128,-120.781601,2140,-1.3,11.9,-13.5,25.5,962,216,9,55.2,1602,447,7022,2,102,176,232,55,906,-39.5,27.7,13.6,359,199,68,72.45,95
1985,114796,2007,49.17169952,-120.7848969,2100,-1.1,12.2,-13.5,25.6,945,214,9.4,57,1572,470,6952,2,104,175,232,57,882,-39.3,28,13.7,365,206,67,69.92,104
1985,114797,2007,49.17219924,-120.7894974,2125,-1.2,12,-13.5,25.6,943,213,9.3,56.6,1593,457,6996,2,103,176,232,56,884,-39.4,27.8,13.6,362,203,68,70.2,99
1985,12-1929,2015,49.20005416,-120.9982758,906,4.6,18.8,-8.6,27.4,785,179,18.5,105.1,794,1375,4940,71,178,137,254,117,402,-32.6,35.4,14,655,367,64,25.63,613
1985,02-3085,2019,49.14056015,-120.7638931,2044,-0.8,12.6,-13.1,25.7,947,211,9.7,59.4,1524,506,6843,2,107,174,233,58,879,-39,28.4,13.7,375,213,67,68.64,121
1985,02-3087,2019,49.1199913,-120.752121,1874,0.1,13.6,-12.4,26,865,197,11.6,68.9,1382,615,6519,5,118,170,235,66,755,-38.3,29.6,13.8,421,244,66,56.47,173
1985,02-3088,2019,49.13434982,-120.7645264,1928,-0.2,13.3,-12.7,25.9,910,204,10.7,65,1429,578,6623,3,115,171,235,63,814,-38.5,29.3,13.8,411,232,66,62.24,155
1985,02-3089,2019,49.14989852,-120.7567673,2136,-1.3,12,-13.5,25.5,951,212,9.2,56.6,1601,453,7012,2,102,176,232,55,903,-39.4,27.8,13.7,361,201,68,71.07,97
1985,02-3090,2019,49.1461296,-120.7544632,2119,-1.2,12.1,-13.4,25.5,950,212,9.3,57.1,1586,462,6981,2,103,176,232,56,898,-39.3,27.9,13.7,364,203,67,70.64,101
1985,12-2000,2019,49.13544082,-120.7637634,1954,-0.4,13.1,-12.8,25.9,918,205,10.5,63.8,1450,562,6670,3,113,172,234,62,828,-38.7,29.1,13.8,407,228,66,63.65,147
1985,12-9554,2019,49.0820198,-120.9237823,1792,0.6,14,-11.7,25.8,837,196,12.6,71.6,1289,666,6342,6,126,165,239,74,676,-37.7,30,13.8,469,250,66,52.61,198
1985,12-9555,2019,49.16053009,-120.76474,1876,0,13.5,-12.5,26,942,212,10.7,63.7,1386,609,6531,4,118,170,235,65,824,-38.4,29.5,13.8,418,235,66,64.46,169
1985,14-4318,2019,49.10192108,-120.7574768,1956,-0.4,13.1,-12.8,25.9,851,195,11.3,67.1,1454,559,6680,3,113,172,234,63,765,-38.6,29,13.8,388,234,67,57.15,146
1985,14-4319,2019,49.10179138,-120.7552795,1890,0,13.5,-12.5,26,849,195,11.7,69.2,1398,600,6558,4,117,170,235,65,746,-38.3,29.5,13.8,416,243,66,55.45,166
1985,14-4320,2019,49.07690048,-120.7710724,1815,0.4,14,-11.9,25.9,779,179,13.4,77.9,1319,652,6395,6,122,168,236,68,653,-38.1,30,13.9,475,269,65,46.5,192
1985,14-4323,2019,49.16270065,-120.7649994,1994,-0.5,12.9,-13,25.9,940,212,10.1,60.8,1478,537,6742,3,111,173,234,62,853,-38.8,28.7,13.7,381,220,67,66.92,135
1985,14-4324,2019,49.16270065,-120.7649002,1988,-0.5,12.9,-13,25.9,939,212,10.1,61,1473,541,6731,3,112,172,234,62,850,-38.8,28.8,13.7,382,221,67,66.69,137
1985,14-4325,2019,49.15930175,-120.7705002,1981,-0.5,12.9,-12.9,25.8,966,216,9.8,59.6,1471,541,6728,3,111,173,234,61,877,-38.8,28.8,13.7,383,218,67,69.38,136
1985,14-4326,2019,49.1603012,-120.7731018,2030,-0.8,12.6,-13.1,25.7,969,217,9.5,58.1,1510,510,6820,2,108,174,233,59,891,-39,28.5,13.7,375,211,67,70.74,122
1985,14-4361,2019,49.15879821,-120.7743988,2093,-1.1,12.2,-13.3,25.5,974,217,9.2,56.2,1560,473,6933,2,105,175,232,57,912,-39.3,28,13.7,366,202,67,72.69,106
1985,14-4382,2019,49.1646614,-120.7790527,2197,-1.6,11.6,-13.8,25.4,977,218,8.6,53.2,1653,416,7130,1,98,177,231,54,934,-39.7,27.3,13.6,350,189,68,75.16,82
1985,14-4383,2019,49.15822982,-120.7749863,2106,-1.1,12.1,-13.4,25.5,975,218,9.1,55.8,1570,466,6956,2,104,176,232,57,916,-39.3,27.9,13.7,364,201,67,73.08,103
1985,14-4384,2019,49.15280151,-120.7717896,2062,-0.9,12.4,-13.3,25.7,968,216,9.4,57.4,1540,492,6881,2,106,175,233,58,901,-39.1,28.3,13.7,371,207,67,71.32,114
1985,14-4385,2019,49.16463088,-120.7775726,2217,-1.7,11.5,-13.9,25.3,978,218,8.5,52.7,1671,406,7167,1,97,178,231,53,939,-39.8,27.1,13.6,347,186,68,75.69,78
1985,14-4386,2019,49.10020828,-120.7596817,2009,-0.7,12.8,-13,25.8,850,195,11,65.6,1500,527,6784,3,110,173,234,61,778,-38.8,28.6,13.7,380,227,67,58.26,131
1985,14-4387,2019,49.09149169,-120.7733994,1955,-0.3,13.2,-12.7,25.9,835,189,11.6,69.5,1445,566,6660,3,114,171,235,64,751,-38.5,29.1,13.8,407,239,67,55.34,149
1985,14-4388,2019,49.06903839,-120.7620316,1624,1.1,14.9,-11.3,26.3,745,175,15,85.5,1232,768,6139,10,130,164,237,73,571,-37.6,31.2,14,511,301,64,38.54,250
1985,14-4573,2019,49.07849884,-120.9320297,1590,1.5,15.1,-10.9,26,831,195,13.9,77.2,1149,807,5998,11,138,159,242,82,619,-37,31.3,13.9,504,274,64,47.43,268
1985,14-4577,2019,49.14511871,-120.7613602,2052,-0.9,12.5,-13.2,25.7,952,213,9.6,58.8,1528,500,6856,2,107,175,233,58,885,-39.1,28.4,13.7,374,212,67,69.42,118
1985,14-4585,2019,49.07535934,-120.7685013,1752,0.7,14.3,-11.6,25.9,765,177,14,80.7,1272,691,6289,7,125,167,237,70,621,-37.9,30.4,14,486,281,64,43.61,211
1985,14-4587,2019,49.0782814,-120.917923,1679,1.1,14.6,-11.2,25.8,827,194,13.4,75.3,1207,738,6151,9,131,163,240,77,641,-37.4,30.7,13.9,491,266,65,48.87,235
1985,14-4588,2019,49.0820198,-120.9236526,1792,0.6,14,-11.7,25.8,837,196,12.6,71.6,1289,667,6342,6,126,165,239,74,676,-37.7,30,13.8,469,250,66,52.6,199
1985,19JCG13,2019,49.11692047,-120.6429367,1080,3.6,18.1,-9.5,27.6,570,156,23.8,116.3,966,1243,5283,51,158,147,242,95,322,-35.6,35,14.3,621,403,61,5.21,530
1985,19JCG15,2019,49.11320114,-120.6441498,1046,3.7,18.3,-9.3,27.6,575,156,23.9,117.2,947,1276,5226,56,160,146,243,97,319,-35.5,35.3,14.3,629,408,61,4.55,552
1985,19JCG18,2019,49.11236953,-120.6519089,1088,3.5,18,-9.5,27.5,573,156,23.6,116,969,1234,5295,49,158,148,242,95,326,-35.7,35,14.3,619,400,61,5.82,524
1986,MP 291,1976,49.03950881,-120.8720016,1308,3.7,16,-6.2,22.2,1047,225,13.1,71.3,714,992,5201,21,158,155,247,92,382,-37,33.2,14.1,580,252,65,60.66,346
1986,MP 292,1976,49.03998947,-120.8811035,1277,3.8,16.2,-6.2,22.4,1062,228,13,70.8,711,1015,5170,23,160,154,247,93,382,-36.9,33.4,14.1,586,253,65,61.49,359
1986,MP 293,1976,49.04455947,-120.8516998,1259,4,16.3,-5.9,22.2,1003,216,14,75.4,682,1040,5105,25,160,154,247,93,355,-36.9,33.6,14.1,594,268,64,54.48,374
1986,MP 294,1976,49.11808013,-120.8660965,1402,3.4,15.5,-6.1,21.6,1052,223,12.7,69.8,744,913,5330,17,154,157,247,90,405,-37.2,32.6,14,558,236,65,63.82,303
1986,MP 295,1976,49.11931991,-120.8755035,1353,3.5,15.8,-6.3,22.1,1055,225,12.8,70.3,743,953,5282,19,156,156,247,91,400,-37.1,33,14,568,242,65,62.89,325
1986,MP 296,1976,49.12162017,-120.8731003,1381,3.4,15.7,-6.1,21.8,1055,225,12.7,69.5,744,931,5308,18,155,156,247,91,403,-37.1,32.7,14,562,237,66,63.67,313
1986,MP 299,1976,49.04080963,-120.8787003,1311,3.7,16,-6.2,22.2,1059,227,12.9,70.3,720,987,5213,21,158,155,247,92,387,-37,33.2,14,579,249,65,62.07,344
1986,MP 281,1976,49.10832977,-120.7583008,1921,1.3,13.1,-7.4,20.4,1180,240,9.6,54.6,965,563,6062,4,127,167,243,76,605,-38.4,29.3,13.7,399,157,68,89.66,143
1986,MP 285,1976,49.07500076,-120.7750015,1481,3.2,15.2,-5.9,21.1,968,202,13.7,75.3,740,866,5380,13,150,159,244,85,395,-37.2,32.1,14,554,255,65,56.08,278
1986,MP 286,1976,49.07500076,-120.7750015,1326,3.8,15.9,-5.6,21.5,934,198,14.8,80.5,692,989,5173,20,157,156,245,89,350,-36.8,33.1,14.1,586,280,64,48.49,343
1986,MP 287,1976,49.11643981,-120.8702011,1250,3.8,16.3,-6.5,22.8,1052,223,13.1,73,728,1032,5171,24,160,154,247,93,384,-37,33.7,14,590,259,65,59.91,370
1986,MP 288,1976,49.11574935,-120.8669968,1259,3.8,16.2,-6.4,22.6,1052,222,13.1,72.9,724,1025,5174,24,160,154,247,92,384,-37,33.6,14,588,257,65,60.09,365
1986,MP 289,1976,49.04022979,-120.8937988,1466,3.2,15.2,-5.7,21,1078,232,12.3,65.7,736,867,5374,14,152,158,246,89,415,-37.2,32.1,14,546,223,65,67.85,279
1986,MP 290,1976,49.03955841,-120.8881989,1353,3.6,15.8,-6,21.8,1072,231,12.7,68.4,721,954,5253,19,156,156,247,91,397,-37,32.9,14,570,240,65,64.47,325
1986,35079,1979,49.18056106,-120.9610977,770,6.4,19,-3.9,22.9,1057,225,15.5,84.3,462,1547,4287,78,203,137,261,124,243,-33,36.7,14,679,316,65,45.87,684
1986,35179,1979,49.08110809,-120.8127975,1210,4.2,16.5,-5.8,22.3,944,202,15,81.8,659,1073,5038,27,162,154,247,93,332,-36.8,33.9,14.2,603,286,63,47.21,393
1986,35379,1979,49.08889007,-120.8139038,1210,4.1,16.4,-5.9,22.3,969,206,14.5,79.4,685,1062,5081,26,162,154,246,92,347,-36.8,33.8,14.1,600,280,64,50.28,386
1986,SK93710,1993,49.21475894,-121.0660627,695,7,18.9,-2.3,21.2,1164,243,14.6,78,348,1581,4070,76,225,128,272,144,201,-30.2,35.9,13.5,665,275,68,60.17,686
1986,SK93711,1993,49.21441772,-121.0671746,686,7,18.9,-2.2,21.2,1164,242,14.6,78.1,345,1589,4057,76,226,128,272,144,199,-30.1,35.9,13.5,666,275,68,60.07,691
1986,SK93721,1993,49.21632862,-121.0684733,698,6.9,18.9,-2.2,21.1,1165,242,14.5,77.9,348,1575,4075,75,225,128,272,144,201,-30.2,35.8,13.5,663,274,68,60.43,682
1986,SK93722,1993,49.21739366,-121.0676078,698,6.9,18.9,-2.3,21.2,1165,243,14.5,77.8,350,1574,4078,75,225,128,272,143,202,-30.3,35.8,13.5,664,274,68,60.5,682
1986,SK93734,1993,49.19803638,-120.9928605,869,6.2,18.4,-3.3,21.6,1093,231,14.8,79.4,438,1441,4352,61,204,136,264,127,242,-32.6,35.5,13.8,640,280,66,54.52,608
1986,SK93735,1993,49.19748268,-120.9920592,869,6.1,18.3,-3.3,21.6,1092,231,14.8,79.6,439,1440,4354,61,203,136,263,127,242,-32.7,35.5,13.8,640,281,66,54.35,608
1986,SK93736,1993,49.20192025,-120.9885846,823,6.3,18.5,-3.1,21.6,1076,229,15.2,80.8,423,1482,4291,66,207,135,265,130,230,-32.3,35.7,13.8,646,287,66,51.82,634
1986,00NCc13,2000,49.22752855,-120.9627241,900,5.9,18.3,-3.9,22.2,1118,233,14.2,78.4,490,1415,4452,59,196,139,260,121,274,-33.6,35.6,13.9,644,284,65,56.94,598
1986,00NCe73,2000,49.12286895,-120.8200364,1455,3,15.2,-6.6,21.7,1061,222,12.2,68.2,800,856,5467,13,148,159,244,85,445,-37.5,32.2,13.9,550,232,66,66.11,273
1986,00NCe74,2000,49.12958668,-120.8160951,1620,2.5,14.4,-6.4,20.8,1072,223,11.7,64.6,819,741,5628,9,142,162,244,82,474,-37.8,31.1,13.9,477,209,66,71.34,218
1986,00NCe75,2000,49.13184343,-120.8212604,1750,2.2,13.9,-6.5,20.4,1071,223,11.4,62.2,823,666,5733,6,138,163,245,81,482,-37.9,30.3,13.8,424,191,66,74.32,184
1986,00NCe76,2000,49.12956482,-120.8230328,1665,2.4,14.3,-6.4,20.6,1063,223,11.7,64,815,716,5655,7,141,162,245,82,467,-37.8,30.9,13.9,438,203,66,71.42,206
1986,00NCe77,2000,49.06956013,-120.905716,1470,3.2,15.3,-5.9,21.2,1098,233,12,65.5,751,868,5392,14,152,158,247,89,426,-37.2,32.2,13.9,545,219,66,69.93,279
1986,00NCe78,2000,49.08614425,-120.9258513,1840,1.9,13.6,-6.7,20.3,1151,240,10.3,56.6,879,621,5870,5,137,162,247,85,517,-37.7,29.7,13.7,404,161,69,85.28,166
1986,00NCe79,2000,49.08811762,-120.9446303,1790,2.1,13.8,-6.5,20.3,1182,245,10.2,56.5,842,655,5774,6,142,160,249,89,517,-37.4,30,13.6,407,159,69,87.46,180
1986,00NCe82,2000,49.04462405,-120.9646257,1810,2,13.7,-6.5,20.2,1206,253,10,54.3,856,642,5810,6,140,161,247,86,531,-37.4,30,13.7,408,155,69,90.04,174
1986,00NCe83,2000,49.0409285,-120.9723988,1800,2.1,13.8,-6.5,20.3,1226,256,9.9,53.7,847,649,5789,6,141,161,248,87,536,-37.3,30,13.7,408,154,69,91.82,177
1986,00NCe84,2000,49.04042506,-120.9724193,685,7.6,19.7,-1.6,21.3,1223,256,14.4,76.9,301,1738,3853,102,222,125,272,148,194,-32.2,36.1,14,705,288,63,60.18,788
1986,00NCe85,2000,49.03686803,-120.9645592,1705,2.5,14.3,-6.1,20.3,1207,252,10.4,56.6,786,715,5623,7,148,158,250,92,501,-37,30.6,13.7,423,165,68,87.51,205
1986,00NCe86,2000,49.04063959,-120.9800327,1745,2.4,14,-6.2,20.3,1231,257,10,54.7,810,687,5687,7,145,159,249,90,520,-37,30.3,13.7,416,159,69,90.92,192
1986,00NCe87,2000,49.03145849,-120.9420956,1820,1.9,13.6,-6.6,20.3,1113,237,10.7,57.6,871,633,5843,5,138,162,246,84,496,-37.5,30,13.7,409,166,69,80.73,171
1986,00NCe89,2000,49.05549669,-120.9155332,1725,2.4,14.1,-6.2,20.4,1096,233,11.3,60.5,801,697,5662,7,143,161,247,87,462,-37.4,30.5,13.8,426,184,67,76.24,197
1986,00NCe90,2000,49.06442921,-120.8922135,1325,3.6,15.9,-6.3,22.2,1083,232,12.5,68.4,734,972,5250,20,157,155,247,91,401,-37,33.1,14,574,241,65,65.1,335
1986,00NCe91,2000,49.11667802,-120.8651929,1450,3.2,15.3,-6,21.3,1051,222,12.6,68.9,752,876,5384,14,152,158,247,89,412,-37.3,32.3,13.9,548,230,65,64.9,284
1986,00NCe92,2000,49.12229155,-120.8690776,1665,2.5,14.3,-6.3,20.6,1056,225,11.8,63.7,809,724,5639,9,143,161,246,85,451,-37.6,30.8,13.8,435,198,67,71.02,210
1986,00NCe93,2000,49.13832844,-120.8485222,1615,2.6,14.5,-6.3,20.9,1073,230,11.7,63.1,809,754,5601,10,145,160,246,86,456,-37.6,31.1,13.8,444,202,67,71.44,225
1986,00NCe94,2000,49.1422333,-120.8451718,1565,2.7,14.7,-6.3,21,1073,231,11.8,63.8,814,783,5569,11,146,160,245,85,454,-37.5,31.4,13.8,524,208,67,70.28,239
1986,00NCe95,2000,49.12585389,-120.8366702,1540,2.9,14.8,-6.1,20.9,1048,222,12.3,66.7,781,799,5508,11,146,160,245,85,433,-37.6,31.7,13.9,532,220,66,66.76,246
1986,114791,2007,49.1638298,-120.7723007,2225,-0.2,11.4,-8.8,20.2,1341,271,7.3,41.9,1197,389,6620,2,106,173,239,66,753,-39.7,27.1,13.5,348,107,71,112.95,75
1986,114792,2007,49.16588973,-120.7787018,2225,-0.2,11.3,-8.8,20.2,1350,273,7.2,41.5,1202,387,6632,2,105,173,238,65,758,-39.8,27.1,13.5,348,107,70,113.88,74
1986,114793,2007,49.16717147,-120.7802963,2200,-0.1,11.5,-8.7,20.2,1342,273,7.4,42.1,1180,399,6584,2,107,173,239,66,747,-39.7,27.3,13.5,352,110,70,112.5,78
1986,114794,2007,49.16852951,-120.7815018,2145,0.2,11.8,-8.5,20.2,1325,271,7.7,43.4,1133,427,6480,2,111,172,239,67,723,-39.5,27.6,13.5,361,116,70,109.68,89
1986,114795,2007,49.16878128,-120.781601,2140,0.2,11.8,-8.4,20.2,1323,271,7.7,43.6,1129,430,6470,2,111,172,239,67,720,-39.5,27.7,13.5,362,117,70,109.35,90
1986,114796,2007,49.17169952,-120.7848969,2100,0.4,12,-8.3,20.3,1299,269,8,44.7,1101,452,6401,2,114,171,240,69,697,-39.3,28,13.6,368,122,69,106.01,98
1986,114797,2007,49.17219924,-120.7894974,2125,0.3,11.9,-8.4,20.3,1295,268,7.9,44.4,1120,439,6445,2,112,172,239,68,701,-39.4,27.8,13.5,364,121,70,106.17,93
1986,12-1929,2015,49.20005416,-120.9982758,906,6,18.2,-3.4,21.6,1110,235,14.4,77.4,452,1412,4401,58,201,137,263,126,251,-32.6,35.4,13.8,635,274,66,56.98,591
1986,02-3085,2019,49.14056015,-120.7638931,2044,0.7,12.4,-8,20.4,1315,261,8.1,47.4,1055,487,6290,3,118,170,241,70,700,-39,28.4,13.6,379,132,69,106.15,112
1986,02-3087,2019,49.1199913,-120.752121,1874,1.6,13.3,-7.1,20.5,1195,242,9.7,55.2,925,594,5966,5,130,166,243,77,597,-38.3,29.6,13.7,408,163,68,89.76,155
1986,02-3088,2019,49.13434982,-120.7645264,1928,1.3,13,-7.4,20.5,1263,252,8.9,51.7,968,558,6073,4,126,168,243,75,643,-38.5,29.3,13.7,398,147,68,98.06,141
1986,02-3089,2019,49.14989852,-120.7567673,2136,0.2,11.9,-8.4,20.3,1321,263,7.8,45.2,1127,436,6459,2,111,172,239,67,728,-39.4,27.8,13.6,364,122,70,108.83,92
1986,02-3090,2019,49.1461296,-120.7544632,2119,0.3,12,-8.3,20.3,1319,263,7.8,45.6,1113,445,6427,2,113,172,240,68,722,-39.3,27.9,13.6,367,123,69,108.26,96
1986,12-2000,2019,49.13544082,-120.7637634,1954,1.2,12.9,-7.6,20.4,1274,254,8.8,50.8,987,542,6122,4,124,168,242,74,655,-38.7,29.1,13.7,394,143,68,99.84,134
1986,12-9554,2019,49.0820198,-120.9237823,1792,2,13.8,-6.6,20.3,1142,239,10.5,57.7,856,648,5803,6,139,162,247,85,504,-37.7,30,13.7,412,168,68,83.11,176
1986,12-9555,2019,49.16053009,-120.76474,1876,1.6,13.3,-7.2,20.5,1306,265,8.8,50.1,928,588,5978,5,130,167,244,77,642,-38.4,29.5,13.7,405,146,68,101.17,152
1986,14-4318,2019,49.10192108,-120.7574768,1956,1.1,12.9,-7.5,20.4,1173,236,9.5,54.5,992,540,6131,4,125,168,242,74,612,-38.6,29,13.7,393,156,69,89.9,133
1986,14-4319,2019,49.10179138,-120.7552795,1890,1.5,13.2,-7.2,20.4,1170,236,9.8,56.1,940,581,6006,4,129,167,243,76,591,-38.3,29.5,13.7,404,164,68,87.86,150
1986,14-4320,2019,49.07690048,-120.7710724,1815,1.9,13.7,-6.8,20.4,1046,212,11.4,64.5,871,634,5842,6,134,165,244,79,498,-38.1,30,13.8,418,199,67,73.11,171
1986,14-4323,2019,49.16270065,-120.7649994,1994,1,12.6,-7.7,20.4,1300,265,8.4,47.8,1012,517,6189,3,122,169,242,73,671,-38.8,28.7,13.6,385,134,69,103.49,124
1986,14-4324,2019,49.16270065,-120.7649002,1988,1,12.7,-7.7,20.4,1298,264,8.5,47.9,1007,521,6178,3,123,169,242,74,669,-38.8,28.8,13.6,386,135,69,103.23,125
1986,14-4325,2019,49.15930175,-120.7705002,1981,1,12.7,-7.7,20.4,1338,270,8.2,47,1006,521,6176,3,122,169,242,73,688,-38.8,28.8,13.6,387,132,69,107.07,125
1986,14-4326,2019,49.1603012,-120.7731018,2030,0.8,12.4,-7.9,20.3,1338,271,8,45.8,1043,491,6268,3,119,170,241,71,701,-39,28.5,13.6,379,127,69,108.36,113
1986,14-4361,2019,49.15879821,-120.7743988,2093,0.5,12.1,-8.2,20.2,1346,272,7.8,44.3,1090,455,6381,3,115,171,240,69,721,-39.3,28,13.6,369,120,69,110.6,99
1986,14-4382,2019,49.1646614,-120.7790527,2197,-0.1,11.5,-8.7,20.2,1347,273,7.4,42.1,1178,400,6579,2,107,173,239,66,749,-39.7,27.3,13.5,352,110,70,113.02,79
1986,14-4383,2019,49.15822982,-120.7749863,2106,0.4,12,-8.2,20.2,1348,272,7.7,44,1099,448,6404,2,114,171,240,69,725,-39.3,27.9,13.6,367,118,69,111.04,97
1986,14-4384,2019,49.15280151,-120.7717896,2062,0.6,12.2,-8.1,20.3,1340,269,7.9,45.5,1071,474,6328,3,117,171,241,70,713,-39.1,28.3,13.6,375,125,69,109.24,107
1986,14-4385,2019,49.16463088,-120.7775726,2217,-0.2,11.4,-8.8,20.2,1350,273,7.3,41.7,1194,391,6615,2,106,173,238,66,756,-39.8,27.1,13.5,349,107,70,113.73,75
1986,14-4386,2019,49.10020828,-120.7596817,2009,0.9,12.6,-7.8,20.4,1172,235,9.3,53.5,1034,508,6231,3,121,169,241,72,625,-38.8,28.6,13.6,384,149,69,91.07,121
1986,14-4387,2019,49.09149169,-120.7733994,1955,1.2,12.9,-7.5,20.4,1149,228,9.7,56.8,985,546,6112,4,126,168,243,75,593,-38.5,29.1,13.7,394,163,69,87.25,136
1986,14-4388,2019,49.06903839,-120.7620316,1624,2.6,14.6,-6.2,20.7,978,203,12.9,71.5,796,756,5583,10,143,162,245,83,428,-37.6,31.2,13.9,450,233,66,61.25,226
1986,14-4573,2019,49.07849884,-120.9320297,1590,3,14.8,-5.8,20.6,1129,238,11.5,62.1,735,793,5460,11,152,156,250,93,444,-37,31.3,13.8,513,192,67,76.42,242
1986,14-4577,2019,49.14511871,-120.7613602,2052,0.7,12.3,-8,20.3,1322,263,8.1,46.8,1059,481,6303,3,117,171,241,70,705,-39.1,28.4,13.6,378,130,69,107.04,110
1986,14-4585,2019,49.07535934,-120.7685013,1752,2.2,14,-6.5,20.5,1020,208,12,67,829,674,5734,6,138,164,245,81,470,-37.9,30.4,13.9,428,211,66,68.85,188
1986,14-4587,2019,49.0782814,-120.917923,1679,2.6,14.3,-6.2,20.5,1123,236,11.2,60.6,785,724,5610,8,145,160,248,88,465,-37.4,30.7,13.8,431,185,67,77.99,209
1986,14-4588,2019,49.0820198,-120.9236526,1792,2,13.8,-6.6,20.3,1142,239,10.5,57.7,856,648,5803,6,139,162,247,85,503,-37.7,30,13.7,412,168,68,83.1,177
1986,19JCG13,2019,49.11692047,-120.6429367,1080,5.1,17.5,-4.7,22.2,757,187,20,93.7,566,1263,4714,43,176,148,251,103,233,-35.6,35,14.2,638,334,63,22.79,507
1986,19JCG15,2019,49.11320114,-120.6441498,1046,5.3,17.7,-4.6,22.3,763,187,20,94.6,551,1300,4657,47,178,147,252,105,229,-35.5,35.3,14.2,646,340,63,22.21,529
1986,19JCG18,2019,49.11236953,-120.6519089,1088,5.1,17.5,-4.8,22.2,762,187,19.8,93.6,569,1254,4727,42,175,148,251,103,236,-35.7,35,14.2,636,332,63,23.56,502
1987,MP 291,1976,49.03950881,-120.8720016,1308,4.5,13.6,-7.7,21.3,811,203,17.9,66.9,687,1167,4920,18,172,163,263,100,319,-37,33.2,14.4,623,324,63,29.61,408
1987,MP 292,1976,49.03998947,-120.8811035,1277,4.6,13.7,-7.7,21.4,822,206,17.8,66.5,685,1192,4884,19,173,162,263,101,320,-36.9,33.4,14.4,628,325,63,29.97,423
1987,MP 293,1976,49.04455947,-120.8516998,1259,4.8,13.8,-7.4,21.2,779,195,19,71,657,1220,4817,20,174,162,263,102,293,-36.9,33.6,14.5,648,343,62,24.42,441
1987,MP 294,1976,49.11808013,-120.8660965,1402,4.2,13.1,-7.6,20.6,802,199,17.7,65.8,703,1082,5042,14,167,166,262,96,329,-37.2,32.6,14.3,569,310,64,31.47,356
1987,MP 295,1976,49.11931991,-120.8755035,1353,4.3,13.3,-7.7,21.1,803,200,17.8,66.7,705,1126,4994,16,170,165,263,98,324,-37.1,33,14.3,611,317,64,30.23,383
1987,MP 296,1976,49.12162017,-120.8731003,1381,4.2,13.2,-7.6,20.8,803,201,17.7,65.7,704,1102,5020,15,168,165,263,97,327,-37.1,32.7,14.3,605,311,64,31.06,369
1987,MP 299,1976,49.04080963,-120.8787003,1311,4.5,13.5,-7.7,21.3,820,205,17.7,66,692,1162,4933,17,171,163,263,100,324,-37,33.2,14.4,621,320,63,30.7,405
1987,MP 281,1976,49.10832977,-120.7583008,1921,2.1,10.6,-7.7,18.3,913,217,13.3,48.7,886,670,5778,5,140,181,259,78,492,-38.4,29.3,14.1,476,209,67,56.06,138
1987,MP 285,1976,49.07500076,-120.7750015,1481,4,12.7,-7.1,19.8,744,180,18.9,70.6,698,1032,5090,13,163,169,261,92,309,-37.2,32.1,14.4,564,325,63,26.3,323
1987,MP 286,1976,49.07500076,-120.7750015,1326,4.6,13.4,-7,20.4,714,176,20.5,76.3,660,1169,4881,17,171,164,261,97,269,-36.8,33.1,14.5,641,357,62,18.78,406
1987,MP 287,1976,49.11643981,-120.8702011,1250,4.6,13.8,-8,21.8,802,199,18.2,69.5,695,1211,4877,20,174,162,263,100,312,-37,33.7,14.4,633,337,63,27.18,437
1987,MP 288,1976,49.11574935,-120.8669968,1259,4.6,13.8,-7.9,21.7,802,198,18.2,69.3,691,1204,4880,19,173,162,263,100,312,-37,33.6,14.4,631,336,63,27.42,432
1987,MP 289,1976,49.04022979,-120.8937988,1466,4,12.8,-7.2,20,833,210,16.8,61,700,1029,5098,13,164,167,262,95,350,-37.2,32.1,14.3,557,288,64,36.33,323
1987,MP 290,1976,49.03955841,-120.8881989,1353,4.4,13.3,-7.5,20.8,829,208,17.3,64,691,1125,4974,16,170,164,263,98,333,-37,32.9,14.4,612,309,63,32.85,382
1987,35079,1979,49.18056106,-120.9610977,770,7.2,16.5,-5.5,22,792,201,21.7,82.3,460,1767,4000,67,216,140,275,135,211,-33,36.7,14.3,738,413,63,11.15,797
1987,35179,1979,49.08110809,-120.8127975,1210,5,14,-7.2,21.2,726,180,20.7,77.7,635,1258,4737,22,176,161,263,102,262,-36.8,33.9,14.5,659,367,62,17.45,464
1987,35379,1979,49.08889007,-120.8139038,1210,4.9,13.9,-7.4,21.3,746,184,19.9,75.5,657,1246,4781,21,176,161,262,101,276,-36.8,33.8,14.4,655,360,62,20.02,456
1987,SK93710,1993,49.21475894,-121.0660627,695,7.7,16.5,-3.6,20.2,858,214,20.7,77.3,347,1799,3799,66,236,130,285,154,186,-30.2,35.9,13.9,720,369,66,21.89,804
1987,SK93711,1993,49.21441772,-121.0671746,686,7.8,16.6,-3.6,20.1,858,214,20.7,77.5,343,1808,3785,67,237,130,285,155,184,-30.1,35.9,13.9,721,370,66,21.77,810
1987,SK93721,1993,49.21632862,-121.0684733,698,7.7,16.5,-3.6,20.1,859,214,20.6,77.2,346,1792,3803,65,236,130,285,154,186,-30.2,35.8,13.9,719,368,66,22.18,799
1987,SK93722,1993,49.21739366,-121.0676078,698,7.7,16.5,-3.6,20.1,859,214,20.6,77.1,348,1792,3806,66,236,130,285,154,186,-30.3,35.8,13.9,719,368,66,22.21,800
1987,SK93734,1993,49.19803638,-120.9928605,869,6.9,16,-4.8,20.7,814,205,20.8,77.7,432,1651,4075,51,216,140,277,137,210,-32.6,35.5,14.2,698,374,64,18.82,711
1987,SK93735,1993,49.19748268,-120.9920592,869,6.9,15.9,-4.8,20.8,813,205,20.8,77.9,433,1651,4077,51,216,140,277,137,210,-32.7,35.5,14.2,699,375,64,18.66,711
1987,SK93736,1993,49.20192025,-120.9885846,823,7.1,16.1,-4.6,20.8,804,203,21.3,79.4,418,1696,4011,56,219,138,278,140,201,-32.3,35.7,14.1,722,382,64,16.72,742
1987,00NCc13,2000,49.22752855,-120.9627241,900,6.7,15.9,-5.4,21.3,827,205,20.2,77.4,478,1624,4169,50,209,143,274,131,231,-33.6,35.6,14.3,703,378,64,19.81,698
1987,00NCe73,2000,49.12286895,-120.8200364,1455,3.8,12.7,-8,20.7,813,198,17,64.1,752,1019,5175,12,162,169,260,91,353,-37.5,32.2,14.3,561,304,64,33.92,316
1987,00NCe74,2000,49.12958668,-120.8160951,1620,3.3,12,-7.5,19.5,823,199,16.2,60.2,762,891,5343,9,155,173,260,87,379,-37.8,31.1,14.3,529,275,64,39.09,243
1987,00NCe75,2000,49.13184343,-120.8212604,1750,3,11.4,-7,18.5,820,198,15.9,57.5,757,800,5451,7,150,176,261,85,390,-37.9,30.3,14.2,504,253,65,41.87,196
1987,00NCe76,2000,49.12956482,-120.8230328,1665,3.3,11.8,-7.3,19.1,813,198,16.3,59.5,755,862,5372,7,153,174,261,87,376,-37.8,30.9,14.3,520,268,64,39.05,227
1987,00NCe77,2000,49.06956013,-120.905716,1470,4,12.8,-7.4,20.2,841,210,16.6,61,712,1030,5113,13,165,167,263,96,356,-37.2,32.2,14.3,556,287,64,37.24,324
1987,00NCe78,2000,49.08614425,-120.9258513,1840,2.6,11.1,-7.3,18.4,876,215,14.4,51.7,816,741,5601,6,149,175,263,88,447,-37.7,29.7,14,481,215,67,50.81,170
1987,00NCe79,2000,49.08811762,-120.9446303,1790,2.9,11.4,-7.1,18.5,898,220,14.3,51.8,783,783,5507,6,154,172,265,92,444,-37.4,30,14,486,214,67,52.1,189
1987,00NCe82,2000,49.04462405,-120.9646257,1810,2.8,11.3,-7.2,18.5,926,231,13.8,48.9,800,766,5550,5,151,174,263,90,465,-37.4,30,14,485,210,67,55.14,181
1987,00NCe83,2000,49.0409285,-120.9723988,1800,2.8,11.4,-7.2,18.5,941,234,13.6,48.5,792,774,5529,5,152,173,264,91,470,-37.3,30,14,486,208,67,56.49,185
1987,00NCe84,2000,49.04042506,-120.9724193,685,8.4,17.3,-3.1,20.4,939,234,19.6,73.7,315,1968,3588,92,233,126,286,160,184,-32.2,36.1,14.3,760,374,61,23.98,920
1987,00NCe85,2000,49.03686803,-120.9645592,1705,3.3,11.9,-6.8,18.7,928,231,14.3,51.4,739,856,5362,7,159,169,265,96,434,-37,30.6,14.1,503,223,66,52.71,225
1987,00NCe86,2000,49.04063959,-120.9800327,1745,3.1,11.7,-7,18.6,944,235,13.9,49.5,759,821,5429,7,156,171,265,94,454,-37,30.3,14.1,495,215,67,55.37,208
1987,00NCe87,2000,49.03145849,-120.9420956,1820,2.7,11.2,-7.3,18.6,859,216,14.8,52.1,815,755,5582,5,149,175,262,87,436,-37.5,30,14.1,486,220,67,48.47,176
1987,00NCe89,2000,49.05549669,-120.9155332,1725,3.2,11.7,-7,18.7,842,211,15.7,55.4,749,837,5396,7,155,172,263,91,395,-37.4,30.5,14.2,506,241,65,43.81,214
1987,00NCe90,2000,49.06442921,-120.8922135,1325,4.4,13.5,-7.8,21.2,832,210,17.3,64.2,703,1145,4968,17,171,164,263,99,333,-37,33.1,14.4,617,313,64,32.54,395
1987,00NCe91,2000,49.11667802,-120.8651929,1450,4,12.9,-7.5,20.3,801,198,17.5,64.9,709,1041,5096,13,165,167,262,95,335,-37.3,32.3,14.3,559,302,64,32.69,331
1987,00NCe92,2000,49.12229155,-120.8690776,1665,3.3,11.9,-7.3,19.1,804,201,16.5,59.1,752,870,5360,8,155,172,262,90,371,-37.6,30.8,14.2,517,262,65,38.63,232
1987,00NCe93,2000,49.13832844,-120.8485222,1615,3.4,12.1,-7.4,19.4,815,205,16.5,59,753,907,5317,9,157,172,262,90,369,-37.6,31.1,14.2,527,267,65,38.52,253
1987,00NCe94,2000,49.1422333,-120.8451718,1565,3.5,12.3,-7.7,19.9,815,205,16.6,59.9,759,940,5283,10,159,171,261,90,364,-37.5,31.4,14.2,537,275,65,37.3,271
1987,00NCe95,2000,49.12585389,-120.8366702,1540,3.7,12.4,-7.4,19.8,798,198,17.1,62.5,731,960,5219,11,159,170,261,90,348,-37.6,31.7,14.3,544,289,64,34.46,281
1987,114791,2007,49.1638298,-120.7723007,2225,0.6,8.9,-8.6,17.5,1013,239,10.5,37.1,1091,447,6331,3,119,189,255,66,632,-39.7,27.1,13.9,377,158,68,75.26,65
1987,114792,2007,49.16588973,-120.7787018,2225,0.6,8.8,-8.7,17.5,1018,241,10.4,36.7,1096,443,6343,3,118,190,255,65,637,-39.8,27.1,13.9,377,157,68,75.79,64
1987,114793,2007,49.16717147,-120.7802963,2200,0.7,9,-8.6,17.6,1011,240,10.6,37.4,1075,459,6294,3,119,189,255,66,626,-39.7,27.3,13.9,423,160,68,74.41,68
1987,114794,2007,49.16852951,-120.7815018,2145,1,9.3,-8.4,17.7,999,239,11,38.9,1033,495,6190,3,123,188,256,68,602,-39.5,27.6,13.9,433,166,68,71.62,78
1987,114795,2007,49.16878128,-120.781601,2140,1,9.3,-8.4,17.7,997,238,11.1,39.1,1029,498,6181,3,124,188,256,68,600,-39.5,27.7,13.9,434,166,68,71.32,79
1987,114796,2007,49.17169952,-120.7848969,2100,1.2,9.5,-8.3,17.8,980,236,11.5,40.4,1004,527,6111,3,126,187,256,69,578,-39.3,28,14,441,171,67,68.37,87
1987,114797,2007,49.17219924,-120.7894974,2125,1.1,9.4,-8.4,17.8,977,236,11.4,39.9,1021,510,6156,3,125,187,256,68,584,-39.4,27.8,13.9,437,170,68,68.82,82
1987,12-1929,2015,49.20005416,-120.9982758,906,6.8,15.8,-4.9,20.7,825,209,20.4,75.8,442,1618,4125,48,214,142,277,135,217,-32.6,35.4,14.2,693,366,65,20.81,691
1987,02-3085,2019,49.14056015,-120.7638931,2044,1.5,9.9,-8.1,18,1003,233,11.5,42.4,965,572,6002,3,130,185,257,72,578,-39,28.4,14,454,181,67,68.74,102
1987,02-3087,2019,49.1199913,-120.752121,1874,2.4,10.8,-7.5,18.3,923,218,13.4,49.7,850,711,5680,5,143,180,260,80,481,-38.3,29.6,14.1,486,217,66,55.27,155
1987,02-3088,2019,49.13434982,-120.7645264,1928,2.1,10.5,-7.7,18.3,969,226,12.5,46.6,888,664,5786,5,139,182,259,77,523,-38.5,29.3,14.1,476,202,66,61.63,136
1987,02-3089,2019,49.14989852,-120.7567673,2136,1.1,9.4,-8.4,17.8,1004,233,11,40.2,1029,507,6169,3,124,188,256,68,604,-39.4,27.8,14,437,170,68,71.53,81
1987,02-3090,2019,49.1461296,-120.7544632,2119,1.2,9.5,-8.3,17.8,1004,234,11.1,40.5,1016,518,6138,3,125,188,256,69,599,-39.3,27.9,14,440,172,68,71.1,84
1987,12-2000,2019,49.13544082,-120.7637634,1954,2,10.4,-7.8,18.2,976,227,12.3,45.6,905,643,5834,5,137,183,259,76,535,-38.7,29.1,14.1,471,197,66,63.2,127
1987,12-9554,2019,49.0820198,-120.9237823,1792,2.8,11.3,-7.2,18.5,871,215,14.7,52.8,796,774,5535,6,151,174,263,89,433,-37.7,30,14.1,491,224,66,48.96,185
1987,12-9555,2019,49.16053009,-120.76474,1876,2.4,10.8,-7.5,18.3,990,234,12.5,45.9,850,703,5688,5,142,180,260,80,513,-38.4,29.5,14.1,484,201,66,62.32,152
1987,14-4318,2019,49.10192108,-120.7574768,1956,2,10.4,-7.8,18.2,910,214,13.1,48.4,911,640,5847,5,137,182,259,77,502,-38.6,29,14.1,469,206,67,56.9,126
1987,14-4319,2019,49.10179138,-120.7552795,1890,2.3,10.7,-7.6,18.3,908,214,13.5,50.1,865,693,5722,5,141,180,260,80,482,-38.3,29.5,14.1,481,217,66,54.61,147
1987,14-4320,2019,49.07690048,-120.7710724,1815,2.7,11.1,-7.2,18.3,811,190,15.7,58.8,805,760,5562,6,147,178,261,83,408,-38.1,30,14.2,497,255,65,42.29,177
1987,14-4323,2019,49.16270065,-120.7649994,1994,1.8,10.1,-7.9,18,985,234,12,43.4,924,612,5898,3,135,183,258,75,546,-38.8,28.7,14,462,185,67,65.41,116
1987,14-4324,2019,49.16270065,-120.7649002,1988,1.8,10.2,-7.9,18,984,234,12,43.6,920,617,5888,3,135,183,258,75,544,-38.8,28.8,14,463,186,67,65.14,117
1987,14-4325,2019,49.15930175,-120.7705002,1981,1.8,10.2,-7.9,18,1012,239,11.7,42.6,919,617,5886,3,135,184,258,75,559,-38.8,28.8,14,464,183,67,67.88,117
1987,14-4326,2019,49.1603012,-120.7731018,2030,1.6,9.9,-8,17.9,1012,240,11.5,41.4,952,577,5978,3,131,185,257,72,575,-39,28.5,14,454,177,67,69.42,103
1987,14-4361,2019,49.15879821,-120.7743988,2093,1.3,9.6,-8.2,17.8,1018,241,11.1,39.7,994,532,6092,3,127,187,257,70,597,-39.3,28,14,443,171,67,71.95,89
1987,14-4382,2019,49.1646614,-120.7790527,2197,0.7,9,-8.6,17.6,1016,241,10.6,37.4,1074,461,6289,3,120,189,255,66,628,-39.7,27.3,13.9,423,160,68,74.84,68
1987,14-4383,2019,49.15822982,-120.7749863,2106,1.2,9.5,-8.2,17.7,1019,241,11,39.4,1002,522,6115,3,126,187,256,69,601,-39.3,27.9,14,440,169,67,72.45,86
1987,14-4384,2019,49.15280151,-120.7717896,2062,1.4,9.8,-8.2,17.9,1016,239,11.2,40.8,978,555,6040,3,129,186,257,71,589,-39.1,28.3,14,449,175,67,70.79,96
1987,14-4385,2019,49.16463088,-120.7775726,2217,0.6,8.9,-8.6,17.5,1018,241,10.5,36.9,1089,448,6326,3,118,190,255,65,635,-39.8,27.1,13.9,378,158,68,75.64,65
1987,14-4386,2019,49.10020828,-120.7596817,2009,1.7,10.1,-8,18.1,910,213,12.8,47.3,950,599,5948,3,133,184,258,74,518,-38.8,28.6,14,459,199,67,58.46,111
1987,14-4387,2019,49.09149169,-120.7733994,1955,2,10.4,-7.8,18.2,896,207,13.4,50.5,906,648,5831,5,138,182,259,78,495,-38.5,29.1,14.1,470,214,67,55.2,130
1987,14-4388,2019,49.06903839,-120.7620316,1624,3.5,12,-7.3,19.3,752,181,17.9,66.6,745,911,5300,9,156,172,262,89,340,-37.6,31.2,14.3,534,297,64,31.33,253
1987,14-4573,2019,49.07849884,-120.9320297,1590,3.8,12.4,-6.6,19,862,215,16,57.6,691,950,5184,10,164,167,265,99,373,-37,31.3,14.2,526,255,65,42.9,276
1987,14-4577,2019,49.14511871,-120.7613602,2052,1.5,9.8,-8.1,17.9,1006,234,11.4,41.9,968,565,6015,3,130,186,257,71,581,-39.1,28.4,14,452,179,67,69.32,99
1987,14-4585,2019,49.07535934,-120.7685013,1752,3,11.4,-7,18.4,790,186,16.5,61.6,769,811,5454,7,150,176,261,85,381,-37.9,30.4,14.2,509,270,65,38.41,201
1987,14-4587,2019,49.0782814,-120.917923,1679,3.3,11.9,-6.9,18.7,858,213,15.6,55.8,734,868,5340,7,157,171,263,92,394,-37.4,30.7,14.2,513,245,65,44.41,231
1987,14-4588,2019,49.0820198,-120.9236526,1792,2.8,11.3,-7.2,18.5,871,215,14.7,52.8,796,774,5534,6,151,174,263,89,433,-37.7,30,14.1,491,224,66,48.95,185
1987,19JCG13,2019,49.11692047,-120.6429367,1080,6,15,-6.1,21,602,163,26.5,91.7,548,1466,4414,36,191,153,267,114,184,-35.6,35,14.6,697,430,61,-1.29,599
1987,19JCG15,2019,49.11320114,-120.6441498,1046,6.1,15.2,-6,21.2,607,164,26.6,92.6,536,1509,4358,39,193,152,268,116,182,-35.5,35.3,14.6,705,437,61,-2,624
1987,19JCG18,2019,49.11236953,-120.6519089,1088,5.9,14.9,-6.1,21,605,163,26.3,91.3,551,1456,4428,35,190,153,267,114,187,-35.7,35,14.6,695,428,61,-0.59,593
1988,MP 291,1976,49.03950881,-120.8720016,1308,3.7,13.3,-7,20.3,1014,221,13.5,60.2,735,986,5197,12,162,163,250,87,449,-37,33.2,14.1,554,244,65,56.3,315
1988,MP 292,1976,49.03998947,-120.8811035,1277,3.8,13.4,-7.1,20.5,1029,224,13.4,59.9,733,1009,5166,12,164,162,250,88,449,-36.9,33.4,14.1,559,244,65,57.06,328
1988,MP 293,1976,49.04455947,-120.8516998,1259,4,13.6,-6.9,20.4,971,211,14.4,64.3,703,1035,5099,13,165,162,251,89,412,-36.9,33.6,14.2,566,264,64,50,343
1988,MP 294,1976,49.11808013,-120.8660965,1402,3.4,12.8,-7.1,19.9,1005,217,13.3,59,760,913,5322,8,158,165,250,85,469,-37.2,32.6,14,535,232,65,58.26,273
1988,MP 295,1976,49.11931991,-120.8755035,1353,3.5,13,-7.2,20.2,1008,219,13.4,59.6,760,953,5267,9,161,164,250,86,462,-37.1,33,14.1,545,238,65,57.18,296
1988,MP 296,1976,49.12162017,-120.8731003,1381,3.4,12.9,-7.2,20.1,1008,219,13.3,58.9,760,932,5299,9,159,165,250,86,466,-37.1,32.7,14,539,233,65,58,284
1988,MP 299,1976,49.04080963,-120.8787003,1311,3.7,13.3,-7.1,20.3,1025,223,13.3,59.4,741,981,5210,11,162,163,250,87,456,-37,33.2,14.1,553,240,65,57.73,313
1988,MP 281,1976,49.10832977,-120.7583008,1921,1.4,10.3,-7.9,18.2,1099,234,10.3,44,971,545,6061,3,129,179,245,67,679,-38.4,29.3,13.8,444,143,68,80.62,99
1988,MP 285,1976,49.07500076,-120.7750015,1481,3.2,12.5,-7,19.4,928,194,14.3,64.3,756,866,5375,7,153,168,248,80,448,-37.2,32.1,14.1,531,251,65,51.47,245
1988,MP 286,1976,49.07500076,-120.7750015,1326,3.8,13.3,-6.9,20.1,900,190,15.4,70.1,710,989,5160,11,161,164,248,84,391,-36.8,33.1,14.2,561,280,64,43.85,314
1988,MP 287,1976,49.11643981,-120.8702011,1250,3.8,13.5,-7.3,20.8,1006,217,13.8,62.4,747,1031,5157,13,165,162,250,88,442,-37,33.7,14.1,565,257,65,53.85,341
1988,MP 288,1976,49.11574935,-120.8669968,1259,3.8,13.5,-7.2,20.7,1005,217,13.8,62.3,742,1024,5160,13,164,162,250,88,442,-37,33.6,14.1,563,256,65,54.02,337
1988,MP 289,1976,49.04022979,-120.8937988,1466,3.2,12.5,-6.8,19.3,1044,228,12.7,54.6,755,863,5380,7,155,166,249,83,493,-37.2,32.1,14,523,210,65,64.09,246
1988,MP 290,1976,49.03955841,-120.8881989,1353,3.6,13.1,-7,20,1038,227,13.1,57.5,741,949,5250,9,160,164,250,86,468,-37,32.9,14.1,544,229,65,60.32,294
1988,35079,1979,49.18056106,-120.9610977,770,6.4,16.4,-5.2,21.6,1012,220,16.2,74.4,486,1560,4255,48,207,141,265,124,291,-33,36.7,14.1,688,326,64,40.44,664
1988,35179,1979,49.08110809,-120.8127975,1210,4.2,13.8,-6.8,20.6,906,196,15.7,70.5,679,1071,5024,14,167,161,250,89,369,-36.8,33.9,14.2,610,288,63,41.9,362
1988,35379,1979,49.08889007,-120.8139038,1210,4.1,13.7,-7,20.8,930,200,15.1,68.7,704,1062,5067,14,166,161,249,88,390,-36.8,33.8,14.2,574,281,64,44.85,356
1988,SK93710,1993,49.21475894,-121.0660627,695,7,16.2,-3.6,19.9,1128,239,15.1,67.7,369,1590,4047,46,228,132,277,145,250,-30.2,35.9,13.6,680,279,68,55.79,669
1988,SK93711,1993,49.21441772,-121.0671746,686,7,16.3,-3.6,19.8,1128,239,15.1,67.9,365,1598,4033,47,229,131,277,146,247,-30.1,35.9,13.6,680,280,68,55.68,674
1988,SK93721,1993,49.21632862,-121.0684733,698,7,16.2,-3.6,19.8,1128,239,15,67.7,368,1584,4052,46,228,132,277,145,250,-30.2,35.8,13.6,678,278,68,56.06,665
1988,SK93722,1993,49.21739366,-121.0676078,698,7,16.2,-3.6,19.8,1129,240,15,67.6,369,1584,4055,46,227,132,277,145,251,-30.3,35.8,13.6,678,278,68,56.11,665
1988,SK93734,1993,49.19803638,-120.9928605,869,6.2,15.7,-4.7,20.4,1054,227,15.4,69.1,460,1451,4329,36,207,141,268,128,294,-32.6,35.5,13.9,658,288,66,49.85,587
1988,SK93735,1993,49.19748268,-120.9920592,869,6.2,15.7,-4.8,20.4,1053,226,15.4,69.3,460,1450,4331,36,207,141,268,127,294,-32.7,35.5,13.9,658,289,66,49.67,587
1988,SK93736,1993,49.20192025,-120.9885846,823,6.4,15.9,-4.7,20.5,1038,225,15.8,70.7,445,1494,4259,39,211,139,270,130,280,-32.3,35.7,13.9,682,295,66,47.23,614
1988,00NCc13,2000,49.22752855,-120.9627241,900,5.9,15.6,-5.5,21.1,1071,227,14.9,68.8,510,1429,4423,35,201,144,265,121,327,-33.6,35.6,14,653,291,65,51.22,577
1988,00NCe73,2000,49.12286895,-120.8200364,1455,3,12.4,-7.6,20,1005,216,13,57.5,814,856,5458,7,152,168,247,79,503,-37.5,32.2,14,527,227,66,59.73,241
1988,00NCe74,2000,49.12958668,-120.8160951,1620,2.6,11.7,-7.4,19,1013,216,12.4,53.9,829,741,5625,5,145,172,247,75,540,-37.8,31.1,14,496,200,66,64.85,181
1988,00NCe75,2000,49.13184343,-120.8212604,1750,2.3,11.1,-7,18.1,1013,217,12.1,51.3,830,660,5733,4,140,174,247,74,554,-37.9,30.3,13.9,472,180,66,67.85,144
1988,00NCe76,2000,49.12956482,-120.8230328,1665,2.5,11.5,-7.2,18.7,1007,216,12.4,53.2,824,714,5654,6,144,172,247,75,535,-37.8,30.9,14,488,193,66,65.26,169
1988,00NCe77,2000,49.06956013,-120.905716,1470,3.2,12.5,-7,19.5,1059,230,12.4,54.4,769,865,5395,7,156,166,250,83,503,-37.2,32.2,14,522,208,66,65.62,247
1988,00NCe78,2000,49.08614425,-120.9258513,1840,1.9,10.8,-7.2,18,1106,236,10.7,45.8,892,608,5881,4,140,173,249,76,617,-37.7,29.7,13.7,449,146,68,80.11,123
1988,00NCe79,2000,49.08811762,-120.9446303,1790,2.1,11.1,-7.1,18.2,1136,241,10.7,46,856,645,5786,4,145,170,251,81,615,-37.4,30,13.7,453,145,69,82.28,139
1988,00NCe82,2000,49.04462405,-120.9646257,1810,2,11,-7.1,18.1,1171,252,10.2,43.5,872,629,5829,3,142,172,250,78,642,-37.4,30,13.7,453,140,69,86.11,132
1988,00NCe83,2000,49.0409285,-120.9723988,1800,2,11,-7,18.1,1191,256,10.1,43.1,864,636,5809,3,143,171,250,79,649,-37.3,30,13.7,454,139,69,88,135
1988,00NCe84,2000,49.04042506,-120.9724193,685,7.6,16.9,-3.2,20.1,1189,255,14.8,66.3,327,1740,3835,65,225,127,278,151,230,-32.2,36.1,14,717,283,63,56.61,766
1988,00NCe85,2000,49.03686803,-120.9645592,1705,2.5,11.5,-6.7,18.2,1173,252,10.7,45.8,804,708,5642,5,150,168,252,84,606,-37,30.6,13.8,470,150,68,83.81,167
1988,00NCe86,2000,49.04063959,-120.9800327,1745,2.3,11.3,-6.8,18.2,1197,257,10.3,44.1,827,678,5709,4,147,169,251,82,631,-37,30.3,13.7,463,144,68,87.17,153
1988,00NCe87,2000,49.03145849,-120.9420956,1820,1.9,10.9,-7.2,18.1,1082,235,11,46.3,888,618,5863,3,140,173,248,76,600,-37.5,30,13.8,454,151,69,77.26,128
1988,00NCe89,2000,49.05549669,-120.9155332,1725,2.4,11.4,-6.8,18.2,1060,231,11.7,49.3,816,691,5677,4,146,171,250,79,553,-37.4,30.5,13.9,473,168,67,72.3,159
1988,00NCe90,2000,49.06442921,-120.8922135,1325,3.6,13.2,-7.1,20.3,1046,228,13,57.7,755,968,5244,11,161,163,250,86,471,-37,33.1,14.1,550,233,65,60.34,305
1988,00NCe91,2000,49.11667802,-120.8651929,1450,3.2,12.6,-7.1,19.6,1004,217,13.2,58,767,877,5377,8,156,166,250,83,478,-37.3,32.3,14,526,225,65,59.54,253
1988,00NCe92,2000,49.12229155,-120.8690776,1665,2.5,11.6,-7.1,18.7,1009,219,12.4,52.9,820,722,5641,6,146,171,249,78,526,-37.6,30.8,13.9,485,188,66,65.83,173
1988,00NCe93,2000,49.13832844,-120.8485222,1615,2.6,11.8,-7.3,19,1023,223,12.3,52.8,820,756,5597,5,148,170,249,79,527,-37.6,31.1,13.9,494,191,66,65.96,190
1988,00NCe94,2000,49.1422333,-120.8451718,1565,2.7,12,-7.5,19.4,1023,224,12.4,53.5,826,786,5563,6,149,170,248,79,522,-37.5,31.4,13.9,504,199,66,64.68,205
1988,00NCe95,2000,49.12585389,-120.8366702,1540,2.9,12.1,-7.2,19.3,998,216,12.9,55.9,794,802,5503,6,150,169,248,79,497,-37.6,31.7,14,511,213,65,61.17,212
1988,114791,2007,49.1638298,-120.7723007,2225,-0.2,8.6,-9.1,17.7,1248,263,7.9,32.8,1199,358,6613,1,108,185,240,55,840,-39.7,27.1,13.6,351,98,70,103.61,44
1988,114792,2007,49.16588973,-120.7787018,2225,-0.2,8.6,-9.1,17.7,1259,265,7.8,32.4,1205,354,6624,1,107,186,240,54,845,-39.8,27.1,13.6,351,97,70,104.71,43
1988,114793,2007,49.16717147,-120.7802963,2200,-0.1,8.7,-9,17.7,1252,264,7.9,33,1182,367,6576,1,108,185,240,55,834,-39.7,27.3,13.6,355,100,70,103.46,46
1988,114794,2007,49.16852951,-120.7815018,2145,0.2,9,-8.8,17.8,1238,262,8.3,34.4,1132,397,6472,1,112,184,241,57,810,-39.5,27.6,13.7,364,107,69,100.71,53
1988,114795,2007,49.16878128,-120.781601,2140,0.3,9,-8.7,17.8,1236,262,8.3,34.5,1128,400,6463,1,113,184,241,57,807,-39.5,27.7,13.7,365,107,69,100.4,54
1988,114796,2007,49.17169952,-120.7848969,2100,0.4,9.3,-8.6,17.9,1216,259,8.6,35.7,1100,423,6393,1,116,183,242,58,783,-39.3,28,13.7,371,113,69,97.29,60
1988,114797,2007,49.17219924,-120.7894974,2125,0.3,9.1,-8.7,17.8,1214,259,8.5,35.3,1119,409,6437,1,114,184,241,58,788,-39.4,27.8,13.7,367,112,69,97.69,57
1988,12-1929,2015,49.20005416,-120.9982758,906,6,15.6,-4.8,20.4,1070,231,15,67.3,472,1420,4380,34,205,142,268,126,307,-32.6,35.4,13.9,643,280,66,52.18,570
1988,02-3085,2019,49.14056015,-120.7638931,2044,0.7,9.6,-8.4,18,1221,254,8.8,37.8,1057,461,6285,1,120,182,243,61,786,-39,28.4,13.7,382,120,69,96.13,71
1988,02-3087,2019,49.1199913,-120.752121,1874,1.6,10.6,-7.7,18.2,1112,235,10.5,44.8,931,581,5963,3,133,177,246,68,670,-38.3,29.6,13.8,454,149,67,80.58,112
1988,02-3088,2019,49.13434982,-120.7645264,1928,1.3,10.2,-7.9,18.2,1173,246,9.7,41.7,973,540,6069,3,129,179,245,66,723,-38.5,29.3,13.8,444,136,68,88.07,97
1988,02-3089,2019,49.14989852,-120.7567673,2136,0.3,9.1,-8.8,17.9,1225,255,8.4,35.7,1126,406,6452,1,113,184,241,57,811,-39.4,27.8,13.7,367,110,69,98.96,56
1988,02-3090,2019,49.1461296,-120.7544632,2119,0.4,9.2,-8.7,17.9,1224,255,8.5,36,1113,415,6421,1,114,184,242,58,806,-39.3,27.9,13.7,370,112,69,98.4,58
1988,12-2000,2019,49.13544082,-120.7637634,1954,1.2,10.1,-8,18.1,1183,247,9.5,40.9,992,522,6117,1,127,180,244,65,737,-38.7,29.1,13.8,439,131,68,89.8,90
1988,12-9554,2019,49.0820198,-120.9237823,1792,2,11,-7.2,18.2,1098,235,11,46.9,870,637,5815,4,142,172,249,77,600,-37.7,30,13.8,458,153,68,78.13,135
1988,12-9555,2019,49.16053009,-120.76474,1876,1.6,10.5,-7.7,18.2,1215,257,9.6,40.8,932,575,5971,3,132,178,246,68,720,-38.4,29.5,13.8,452,135,67,91.05,109
1988,14-4318,2019,49.10192108,-120.7574768,1956,1.2,10.1,-8,18.1,1094,231,10.2,43.7,998,518,6131,1,127,179,244,65,689,-38.6,29,13.8,437,140,68,81.13,89
1988,14-4319,2019,49.10179138,-120.7552795,1890,1.5,10.4,-7.7,18.2,1091,230,10.5,45.3,947,564,6006,3,131,178,246,68,667,-38.3,29.5,13.8,449,148,68,79.14,106
1988,14-4320,2019,49.07690048,-120.7710724,1815,1.9,10.9,-7.2,18.1,992,204,12,53.1,881,622,5846,4,137,176,247,71,573,-38.1,30,13.9,465,186,67,67.14,129
1988,14-4323,2019,49.16270065,-120.7649994,1994,1,9.9,-8.1,18,1209,256,9.1,38.5,1014,496,6181,1,125,180,244,64,753,-38.8,28.7,13.7,430,124,68,93.59,82
1988,14-4324,2019,49.16270065,-120.7649002,1988,1.1,9.9,-8.1,18,1208,256,9.2,38.7,1010,500,6170,1,125,180,244,64,751,-38.8,28.8,13.8,432,125,68,93.31,83
1988,14-4325,2019,49.15930175,-120.7705002,1981,1.1,9.9,-8.1,18,1245,262,8.9,37.9,1009,500,6169,1,125,181,244,64,773,-38.8,28.8,13.8,433,122,68,96.91,83
1988,14-4326,2019,49.1603012,-120.7731018,2030,0.8,9.6,-8.3,17.9,1247,262,8.7,36.7,1044,466,6260,1,121,182,243,61,787,-39,28.5,13.7,382,117,68,98.52,72
1988,14-4361,2019,49.15879821,-120.7743988,2093,0.5,9.3,-8.5,17.8,1254,263,8.4,35.3,1090,427,6374,1,116,183,242,59,809,-39.3,28,13.7,372,110,69,100.95,61
1988,14-4382,2019,49.1646614,-120.7790527,2197,0,8.7,-9,17.7,1256,264,7.9,33,1175,369,6571,1,109,185,240,55,837,-39.7,27.3,13.6,355,100,70,103.84,46
1988,14-4383,2019,49.15822982,-120.7749863,2106,0.4,9.2,-8.6,17.8,1255,264,8.3,35,1099,419,6397,1,115,183,242,58,813,-39.3,27.9,13.7,370,108,69,101.43,59
1988,14-4384,2019,49.15280151,-120.7717896,2062,0.6,9.5,-8.4,17.9,1247,261,8.5,36.3,1072,447,6322,1,119,182,243,60,801,-39.1,28.3,13.7,377,115,69,99.39,67
1988,14-4385,2019,49.16463088,-120.7775726,2217,-0.1,8.6,-9.1,17.7,1258,264,7.8,32.6,1197,359,6608,1,107,185,240,55,844,-39.8,27.1,13.6,352,98,70,104.5,44
1988,14-4386,2019,49.10020828,-120.7596817,2009,0.9,9.8,-8.2,18,1093,230,10,42.6,1039,483,6232,1,123,181,244,63,704,-38.8,28.6,13.7,386,134,69,82.56,78
1988,14-4387,2019,49.09149169,-120.7733994,1955,1.2,10.1,-7.9,18.1,1078,223,10.4,45.6,992,525,6115,1,128,179,245,66,679,-38.5,29.1,13.8,438,146,68,79.32,92
1988,14-4388,2019,49.06903839,-120.7620316,1624,2.7,11.8,-7.1,18.9,936,196,13.5,60,810,755,5584,5,146,171,248,77,488,-37.6,31.2,14,501,224,66,56.55,189
1988,14-4573,2019,49.07849884,-120.9320297,1590,3,12,-6.5,18.5,1088,235,11.9,51.3,752,793,5467,6,155,166,253,87,528,-37,31.3,13.9,493,178,67,72.01,207
1988,14-4577,2019,49.14511871,-120.7613602,2052,0.7,9.5,-8.4,17.9,1227,256,8.7,37.3,1061,455,6298,1,119,182,243,60,790,-39.1,28.4,13.7,380,118,68,97.02,69
1988,14-4585,2019,49.07535934,-120.7685013,1752,2.2,11.2,-7,18.2,971,201,12.6,55.6,841,667,5738,5,140,174,247,73,541,-37.9,30.4,13.9,477,200,66,63.36,147
1988,14-4587,2019,49.0782814,-120.917923,1679,2.6,11.6,-6.8,18.3,1080,233,11.6,49.7,800,719,5620,6,148,170,250,81,554,-37.4,30.7,13.9,480,170,67,73.34,172
1988,14-4588,2019,49.0820198,-120.9236526,1792,2,11,-7.2,18.2,1097,235,11,46.9,870,637,5814,4,142,172,249,77,600,-37.7,30,13.8,458,153,68,78.12,135
1988,19JCG13,2019,49.11692047,-120.6429367,1080,5.2,14.9,-6.2,21.1,715,178,21.2,83.3,587,1271,4682,24,182,154,256,103,259,-35.6,35,14.3,646,334,62,16.99,480
1988,19JCG15,2019,49.11320114,-120.6441498,1046,5.3,15.1,-6.1,21.2,721,179,21.3,84.3,574,1312,4621,26,184,152,257,104,255,-35.5,35.3,14.3,654,340,62,16.48,504
1988,19JCG18,2019,49.11236953,-120.6519089,1088,5.1,14.8,-6.2,21,720,178,21,83.1,590,1261,4697,23,181,154,256,102,262,-35.7,35,14.3,644,333,62,17.82,474
1989,MP 291,1976,49.03950881,-120.8720016,1308,3.6,13.3,-7.9,21.2,975,222,13.9,59.6,747,984,5249,12,160,169,258,89,445,-37,33.2,14.1,554,243,65,53.33,317
1989,MP 292,1976,49.03998947,-120.8811035,1277,3.6,13.4,-7.9,21.3,988,226,13.8,59.4,743,1006,5215,13,162,168,258,90,447,-36.9,33.4,14.1,559,243,65,54.13,331
1989,MP 293,1976,49.04455947,-120.8516998,1259,3.8,13.5,-7.7,21.3,934,215,14.8,63,714,1030,5151,14,163,168,258,90,415,-36.9,33.6,14.2,566,260,64,47.53,347
1989,MP 294,1976,49.11808013,-120.8660965,1402,3.2,12.8,-8.4,21.2,974,227,13.5,56.2,780,909,5386,10,156,172,257,85,465,-37.2,32.6,14.1,535,221,65,55.67,270
1989,MP 295,1976,49.11931991,-120.8755035,1353,3.3,13,-8.4,21.4,976,228,13.6,57.2,779,949,5330,11,158,171,257,87,462,-37.1,33,14.1,544,229,65,54.76,295
1989,MP 296,1976,49.12162017,-120.8731003,1381,3.2,12.9,-8.4,21.3,976,229,13.6,56.4,780,928,5363,10,157,171,257,86,464,-37.1,32.7,14.1,539,223,65,55.44,281
1989,MP 299,1976,49.04080963,-120.8787003,1311,3.5,13.2,-8,21.2,985,225,13.7,58.9,753,979,5261,12,160,169,258,89,451,-37,33.2,14.1,553,239,65,54.65,314
1989,MP 281,1976,49.10832977,-120.7583008,1921,1.1,10.1,-10.2,20.3,1084,256,10.3,39.3,1011,540,6129,2,129,185,254,69,640,-38.4,29.3,13.8,443,143,68,79.3,93
1989,MP 285,1976,49.07500076,-120.7750015,1481,3,12.5,-8.7,21.1,894,207,14.6,60.1,776,860,5437,8,151,175,256,81,435,-37.2,32.1,14.1,530,237,65,48.17,240
1989,MP 286,1976,49.07500076,-120.7750015,1326,3.6,13.3,-8.2,21.5,864,203,15.8,65.4,726,982,5221,12,159,170,256,85,392,-36.8,33.1,14.2,560,267,64,41.21,313
1989,MP 287,1976,49.11643981,-120.8702011,1250,3.6,13.5,-8.1,21.6,974,227,14,59.7,762,1025,5217,14,162,168,257,89,452,-37,33.7,14.1,565,247,65,52.06,344
1989,MP 288,1976,49.11574935,-120.8669968,1259,3.6,13.5,-8.1,21.6,974,227,14,59.5,758,1018,5220,13,162,169,257,89,452,-37,33.6,14.1,563,246,65,52.23,339
1989,MP 289,1976,49.04022979,-120.8937988,1466,3.1,12.4,-8.4,20.8,1003,228,13,54.5,772,862,5432,9,153,173,257,85,471,-37.2,32.1,14.1,523,210,65,59.9,242
1989,MP 290,1976,49.03955841,-120.8881989,1353,3.4,13,-8.1,21.1,997,228,13.4,57.3,755,947,5301,11,158,170,258,87,458,-37,32.9,14.1,544,229,65,56.83,294
1989,35079,1979,49.18056106,-120.9610977,770,6.2,16.4,-6,22.4,980,229,16.5,71.4,504,1536,4328,48,205,147,269,122,318,-33,36.7,14.1,694,339,64,39.01,666
1989,35179,1979,49.08110809,-120.8127975,1210,4,13.8,-7.7,21.4,875,206,16,66.7,693,1064,5084,15,164,167,257,90,385,-36.8,33.9,14.2,576,277,63,40.25,367
1989,35379,1979,49.08889007,-120.8139038,1210,3.9,13.7,-8,21.7,899,211,15.4,65,718,1053,5127,15,164,167,257,89,403,-36.8,33.8,14.2,574,270,64,43.19,360
1989,SK93710,1993,49.21475894,-121.0660627,695,6.8,16.2,-4.9,21.1,1085,238,15.5,68,396,1574,4118,47,227,138,279,141,265,-30.2,35.9,13.7,661,298,68,53.14,667
1989,SK93711,1993,49.21441772,-121.0671746,686,6.8,16.2,-4.9,21.1,1086,238,15.5,68.2,392,1582,4104,48,228,138,280,142,261,-30.1,35.9,13.7,662,299,68,53.03,672
1989,SK93721,1993,49.21632862,-121.0684733,698,6.8,16.2,-4.9,21.1,1086,238,15.4,67.9,395,1564,4122,47,227,138,279,141,265,-30.2,35.8,13.7,660,296,68,53.39,663
1989,SK93722,1993,49.21739366,-121.0676078,698,6.8,16.2,-5,21.1,1087,238,15.4,67.8,397,1563,4126,47,226,138,279,141,266,-30.3,35.8,13.7,660,296,68,53.45,663
1989,SK93734,1993,49.19803638,-120.9928605,869,6,15.7,-6,21.6,1018,233,15.7,67.3,485,1430,4396,37,205,147,272,125,318,-32.6,35.5,13.9,656,298,66,47.75,589
1989,SK93735,1993,49.19748268,-120.9920592,869,6,15.7,-6,21.6,1016,232,15.7,67.4,486,1429,4398,37,205,147,272,124,318,-32.7,35.5,13.9,656,299,66,47.57,589
1989,SK93736,1993,49.20192025,-120.9885846,823,6.2,15.9,-5.8,21.7,1003,231,16.1,68.6,471,1471,4334,40,209,146,273,127,301,-32.3,35.7,13.9,663,306,66,45.32,615
1989,00NCc13,2000,49.22752855,-120.9627241,900,5.7,15.6,-6.5,22.2,1041,239,15.1,65.4,536,1405,4496,36,198,150,269,118,362,-33.6,35.6,14,660,298,65,49.81,579
1989,00NCe73,2000,49.12286895,-120.8200364,1455,2.8,12.4,-8.9,21.3,979,231,13.1,53.5,835,850,5525,8,150,175,255,80,498,-37.5,32.2,14,527,211,66,57.42,235
1989,00NCe74,2000,49.12958668,-120.8160951,1620,2.3,11.6,-9.2,20.8,989,233,12.5,49.6,855,735,5693,5,143,179,255,76,521,-37.8,31.1,14,496,183,66,62.3,174
1989,00NCe75,2000,49.13184343,-120.8212604,1750,2,11,-9.4,20.3,987,233,12.2,47,860,655,5801,2,139,181,256,75,525,-37.9,30.3,14,471,166,66,65.15,138
1989,00NCe76,2000,49.12956482,-120.8230328,1665,2.3,11.4,-9.2,20.6,981,232,12.5,49,852,709,5721,5,142,179,255,76,513,-37.8,30.9,14,487,177,66,62.5,162
1989,00NCe77,2000,49.06956013,-120.905716,1470,3,12.4,-8.5,20.9,1020,233,12.8,53.4,788,864,5449,9,154,173,258,85,483,-37.2,32.2,14,522,205,66,61.73,243
1989,00NCe78,2000,49.08614425,-120.9258513,1840,1.7,10.5,-9.4,20,1066,237,11,44.4,919,607,5937,2,139,180,258,78,565,-37.7,29.7,13.8,449,153,69,75.9,118
1989,00NCe79,2000,49.08811762,-120.9446303,1790,1.9,10.8,-9.2,20,1094,241,10.9,44.7,883,644,5842,2,144,178,260,82,567,-37.4,30,13.7,453,154,69,77.69,133
1989,00NCe82,2000,49.04462405,-120.9646257,1810,1.8,10.7,-9.2,19.9,1123,249,10.5,43,897,630,5878,2,141,179,259,80,582,-37.4,30,13.8,453,154,69,80.88,128
1989,00NCe83,2000,49.0409285,-120.9723988,1800,1.9,10.8,-9.1,19.9,1140,251,10.4,42.8,888,637,5857,2,142,178,259,81,589,-37.3,30,13.7,454,153,69,82.49,131
1989,00NCe84,2000,49.04042506,-120.9724193,685,7.5,16.9,-4.1,21,1138,251,15.3,67.2,344,1726,3889,65,225,133,280,148,234,-32.2,36.1,14.1,694,288,63,52.83,770
1989,00NCe85,2000,49.03686803,-120.9645592,1705,2.4,11.3,-8.7,20,1124,248,11,45.5,828,709,5690,5,149,175,261,86,555,-37,30.6,13.8,470,163,68,78.44,162
1989,00NCe86,2000,49.04063959,-120.9800327,1745,2.2,11.1,-8.9,19.9,1145,252,10.6,44,851,679,5756,4,146,176,260,84,576,-37,30.3,13.8,463,158,69,81.54,148
1989,00NCe87,2000,49.03145849,-120.9420956,1820,1.7,10.7,-9.3,19.9,1036,232,11.3,46,911,620,5911,2,139,180,258,78,544,-37.5,30,13.8,454,159,69,72.34,124
1989,00NCe89,2000,49.05549669,-120.9155332,1725,2.2,11.2,-8.9,20.1,1018,231,12,48.5,840,689,5729,4,144,178,258,81,509,-37.4,30.5,13.9,473,170,67,67.74,153
1989,00NCe90,2000,49.06442921,-120.8922135,1325,3.4,13.2,-8.1,21.3,1006,231,13.3,57,769,966,5298,12,159,170,257,88,464,-37,33.1,14.1,550,230,65,57.15,306
1989,00NCe91,2000,49.11667802,-120.8651929,1450,3,12.5,-8.5,21.1,973,227,13.4,55.3,789,873,5441,9,153,173,257,84,470,-37.3,32.3,14.1,526,214,65,56.71,249
1989,00NCe92,2000,49.12229155,-120.8690776,1665,2.3,11.4,-9.1,20.6,977,229,12.6,50,848,719,5705,5,144,178,257,79,498,-37.6,30.8,13.9,484,179,67,62.41,167
1989,00NCe93,2000,49.13832844,-120.8485222,1615,2.4,11.7,-9.2,20.9,992,237,12.5,49.3,848,751,5665,5,146,177,257,79,504,-37.6,31.1,13.9,494,178,66,62.74,183
1989,00NCe94,2000,49.1422333,-120.8451718,1565,2.5,11.9,-9.2,21.1,993,238,12.6,50,851,781,5632,7,147,177,256,79,504,-37.5,31.4,14,504,185,66,61.57,198
1989,00NCe95,2000,49.12585389,-120.8366702,1540,2.7,12,-8.9,20.9,969,229,13.1,52.4,819,797,5570,7,148,176,256,79,483,-37.6,31.7,14,510,199,66,58.19,206
1989,114791,2007,49.1638298,-120.7723007,2225,-0.4,8.2,-11.7,19.9,1231,289,7.8,28.4,1260,351,6689,0,108,192,250,58,787,-39.7,27.1,13.6,326,100,70,102.09,42
1989,114792,2007,49.16588973,-120.7787018,2225,-0.4,8.1,-11.8,19.9,1239,290,7.7,28,1266,347,6700,0,107,193,250,57,792,-39.8,27.1,13.6,326,99,70,102.98,41
1989,114793,2007,49.16717147,-120.7802963,2200,-0.3,8.3,-11.7,20,1232,290,7.9,28.6,1242,360,6652,0,108,192,250,58,781,-39.7,27.3,13.6,329,102,70,101.65,44
1989,114794,2007,49.16852951,-120.7815018,2145,0,8.6,-11.4,20,1217,288,8.2,30,1192,391,6548,1,112,191,251,59,758,-39.5,27.6,13.7,358,107,69,98.85,50
1989,114795,2007,49.16878128,-120.781601,2140,0,8.6,-11.4,20,1215,287,8.2,30.1,1188,394,6539,1,113,191,251,59,755,-39.5,27.7,13.7,359,108,69,98.53,51
1989,114796,2007,49.17169952,-120.7848969,2100,0.2,8.9,-11.2,20.1,1194,284,8.6,31.3,1158,418,6469,1,116,190,251,61,732,-39.3,28,13.7,365,113,69,95.32,57
1989,114797,2007,49.17219924,-120.7894974,2125,0.1,8.8,-11.3,20.1,1191,283,8.5,31,1179,404,6513,1,114,191,251,60,736,-39.4,27.8,13.7,362,112,69,95.64,54
1989,12-1929,2015,49.20005416,-120.9982758,906,5.8,15.5,-6.1,21.6,1034,236,15.3,65.7,499,1401,4446,35,203,149,272,123,335,-32.6,35.4,13.9,651,290,66,50.05,573
1989,02-3085,2019,49.14056015,-120.7638931,2044,0.5,9.3,-10.9,20.2,1207,279,8.7,33.3,1109,455,6358,1,119,189,252,63,740,-39,28.4,13.7,422,122,69,94.92,67
1989,02-3087,2019,49.1199913,-120.752121,1874,1.4,10.3,-10,20.4,1099,259,10.4,39.9,971,575,6033,2,131,184,255,70,636,-38.3,29.6,13.8,453,146,68,79.34,106
1989,02-3088,2019,49.13434982,-120.7645264,1928,1.1,10,-10.4,20.3,1161,270,9.6,37,1017,535,6141,2,128,186,254,68,685,-38.5,29.3,13.8,443,137,68,87.08,92
1989,02-3089,2019,49.14989852,-120.7567673,2136,0.1,8.7,-11.4,20.1,1210,281,8.3,31.1,1185,400,6527,1,113,191,251,60,763,-39.4,27.8,13.7,362,112,69,97.69,53
1989,02-3090,2019,49.1461296,-120.7544632,2119,0.1,8.8,-11.3,20.1,1209,281,8.4,31.4,1170,410,6495,1,114,191,251,60,759,-39.3,27.9,13.7,364,114,69,97.17,55
1989,12-2000,2019,49.13544082,-120.7637634,1954,1,9.8,-10.5,20.3,1171,272,9.4,36.2,1037,517,6189,2,126,187,253,67,698,-38.7,29.1,13.8,438,134,68,88.82,85
1989,12-9554,2019,49.0820198,-120.9237823,1792,1.9,10.8,-9.3,20.1,1058,236,11.2,45.5,896,636,5870,2,140,179,258,79,551,-37.7,30,13.8,458,158,68,73.86,130
1989,12-9555,2019,49.16053009,-120.76474,1876,1.4,10.2,-10.2,20.4,1198,284,9.5,36.1,976,569,6046,2,131,185,254,70,686,-38.4,29.5,13.8,451,134,68,89.58,103
1989,14-4318,2019,49.10192108,-120.7574768,1956,1,9.8,-10.4,20.2,1078,253,10.2,38.9,1039,513,6198,2,126,186,254,67,646,-38.6,29,13.8,436,141,69,79.86,85
1989,14-4319,2019,49.10179138,-120.7552795,1890,1.3,10.2,-10.1,20.3,1076,253,10.5,40.4,985,559,6073,2,130,185,254,70,629,-38.3,29.5,13.8,448,147,68,77.78,100
1989,14-4320,2019,49.07690048,-120.7710724,1815,1.8,10.7,-9.6,20.3,965,220,12.2,48.6,907,618,5909,2,135,182,255,73,533,-38.1,30,13.9,464,173,67,64.29,122
1989,14-4323,2019,49.16270065,-120.7649994,1994,0.8,9.6,-10.7,20.3,1193,283,9,33.9,1064,490,6257,1,124,188,253,66,711,-38.8,28.7,13.8,429,124,69,92.34,77
1989,14-4324,2019,49.16270065,-120.7649002,1988,0.8,9.6,-10.7,20.3,1192,283,9.1,34.1,1060,494,6246,1,124,187,253,66,709,-38.8,28.8,13.8,430,124,68,92.07,78
1989,14-4325,2019,49.15930175,-120.7705002,1981,0.8,9.6,-10.6,20.2,1227,288,8.8,33.4,1058,494,6244,1,124,188,253,65,729,-38.8,28.8,13.8,431,123,68,95.44,78
1989,14-4326,2019,49.1603012,-120.7731018,2030,0.6,9.3,-10.9,20.2,1228,288,8.6,32.3,1096,460,6336,1,120,189,252,63,740,-39,28.5,13.7,422,118,69,96.93,68
1989,14-4361,2019,49.15879821,-120.7743988,2093,0.3,8.9,-11.1,20.1,1235,289,8.3,30.9,1146,422,6449,1,116,190,251,61,759,-39.3,28,13.7,366,111,69,99.25,58
1989,14-4382,2019,49.1646614,-120.7790527,2197,-0.3,8.3,-11.7,20,1237,290,7.9,28.7,1240,362,6647,1,109,192,250,58,784,-39.7,27.3,13.6,330,102,70,102.08,44
1989,14-4383,2019,49.15822982,-120.7749863,2106,0.2,8.9,-11.2,20,1236,289,8.3,30.7,1156,414,6472,1,115,190,251,61,763,-39.3,27.9,13.7,364,110,69,99.7,56
1989,14-4384,2019,49.15280151,-120.7717896,2062,0.4,9.1,-11,20.1,1228,286,8.5,32,1125,442,6396,1,118,190,252,62,753,-39.1,28.3,13.7,417,116,69,97.78,63
1989,14-4385,2019,49.16463088,-120.7775726,2217,-0.4,8.2,-11.7,19.9,1239,290,7.8,28.3,1257,352,6683,0,107,192,250,58,790,-39.8,27.1,13.6,327,100,70,102.79,42
1989,14-4386,2019,49.10020828,-120.7596817,2009,0.7,9.5,-10.6,20.1,1077,252,9.9,37.8,1084,478,6298,1,122,188,253,65,658,-38.8,28.6,13.7,427,137,69,81.22,74
1989,14-4387,2019,49.09149169,-120.7733994,1955,1,9.9,-10.3,20.2,1061,242,10.4,40.9,1032,521,6179,2,127,186,254,68,633,-38.5,29.1,13.8,437,147,69,77.8,87
1989,14-4388,2019,49.06903839,-120.7620316,1624,2.5,11.7,-9,20.6,905,210,13.8,55.5,832,750,5646,5,145,178,256,78,462,-37.6,31.2,14,500,210,66,53.28,182
1989,14-4573,2019,49.07849884,-120.9320297,1590,2.8,11.8,-8.5,20.3,1046,236,12.2,50.3,778,793,5522,7,154,173,261,88,496,-37,31.3,13.9,493,180,67,67.48,202
1989,14-4577,2019,49.14511871,-120.7613602,2052,0.5,9.2,-10.9,20.2,1212,281,8.6,32.8,1113,450,6371,1,119,189,252,63,744,-39.1,28.4,13.7,420,120,69,95.72,65
1989,14-4585,2019,49.07535934,-120.7685013,1752,2,11,-9.3,20.4,942,216,12.8,51.2,867,662,5800,3,139,181,256,75,505,-37.9,30.4,13.9,476,184,66,60.23,141
1989,14-4587,2019,49.0782814,-120.917923,1679,2.4,11.4,-8.9,20.3,1041,235,11.9,48.4,825,718,5676,5,146,177,259,82,515,-37.4,30.7,13.9,480,173,67,69.06,166
1989,14-4588,2019,49.0820198,-120.9236526,1792,1.9,10.8,-9.3,20.1,1058,236,11.2,45.5,896,636,5870,2,140,179,258,79,551,-37.7,30,13.8,458,158,68,73.85,130
1989,19JCG13,2019,49.11692047,-120.6429367,1080,4.9,14.9,-7.2,22.1,715,204,20.9,73,606,1252,4751,25,179,160,261,102,282,-35.6,35,14.3,623,335,63,18.77,486
1989,19JCG15,2019,49.11320114,-120.6441498,1046,5.1,15.1,-7.1,22.1,721,204,21,74,591,1291,4694,27,181,159,262,103,278,-35.5,35.3,14.3,630,341,62,18.28,508
1989,19JCG18,2019,49.11236953,-120.6519089,1088,4.9,14.8,-7.2,22,719,203,20.7,73.1,609,1242,4765,24,178,160,262,101,285,-35.7,35,14.3,621,333,63,19.47,480
1990,MP 291,1976,49.03950881,-120.8720016,1308,3.3,14.6,-10.9,25.6,1386,267,9.6,54.8,903,1069,5372,22,158,165,268,103,457,-37,33.2,14.2,583,227,65,94.13,408
1990,MP 292,1976,49.03998947,-120.8811035,1277,3.4,14.8,-11,25.8,1405,271,9.5,54.6,900,1090,5343,23,159,164,267,104,461,-36.9,33.4,14.2,589,229,65,95.39,421
1990,MP 293,1976,49.04455947,-120.8516998,1259,3.5,14.9,-10.6,25.5,1328,258,10.2,57.9,867,1111,5278,25,160,164,268,104,415,-36.9,33.6,14.3,596,245,64,86.49,434
1990,MP 294,1976,49.11808013,-120.8660965,1402,2.9,14.1,-10.8,25,1382,262,9.3,53.9,931,999,5494,18,154,167,267,100,477,-37.2,32.6,14.1,527,220,65,96.38,367
1990,MP 295,1976,49.11931991,-120.8755035,1353,3.1,14.4,-11,25.4,1385,262,9.4,54.9,931,1036,5446,20,156,166,267,101,475,-37.1,33,14.1,537,227,65,95.32,389
1990,MP 296,1976,49.12162017,-120.8731003,1381,3,14.2,-10.9,25.1,1385,263,9.4,54.2,931,1016,5472,18,155,166,267,101,476,-37.1,32.7,14.1,532,222,66,96.12,376
1990,MP 299,1976,49.04080963,-120.8787003,1311,3.2,14.6,-11,25.6,1401,270,9.4,54.1,909,1065,5385,21,158,165,267,103,466,-37,33.2,14.2,582,224,65,95.89,406
1990,MP 281,1976,49.10832977,-120.7583008,1921,0.9,11.4,-11.1,22.5,1563,305,7,37.3,1166,648,6229,6,128,182,265,83,693,-38.4,29.3,13.9,417,124,68,126.26,165
1990,MP 285,1976,49.07500076,-120.7750015,1481,2.8,13.8,-10.4,24.2,1261,244,10.1,56.5,925,952,5543,15,149,170,266,95,434,-37.2,32.1,14.2,522,233,65,85.02,338
1990,MP 286,1976,49.07500076,-120.7750015,1326,3.4,14.6,-10.3,24.9,1211,238,11,61.3,874,1065,5338,21,157,166,266,100,382,-36.8,33.1,14.3,589,262,64,75.78,403
1990,MP 287,1976,49.11643981,-120.8702011,1250,3.4,14.9,-11.2,26.1,1383,261,9.7,57,915,1107,5340,25,160,163,267,103,460,-37,33.7,14.2,594,244,65,92.33,432
1990,MP 288,1976,49.11574935,-120.8669968,1259,3.4,14.9,-11.2,26,1383,262,9.7,56.7,911,1101,5343,25,159,164,267,103,458,-37,33.6,14.2,592,242,65,92.59,428
1990,MP 289,1976,49.04022979,-120.8937988,1466,2.8,13.8,-10.4,24.3,1426,274,9,50.4,926,955,5543,15,151,169,267,98,495,-37.2,32.1,14.1,516,195,65,102.38,341
1990,MP 290,1976,49.03955841,-120.8881989,1353,3.1,14.4,-10.7,25.1,1419,273,9.3,52.7,910,1035,5423,19,156,166,267,101,476,-37,32.9,14.2,573,214,65,98.75,387
1990,35079,1979,49.18056106,-120.9610977,770,5.9,17.8,-8.6,26.4,1393,256,11.4,69.5,635,1611,4460,85,198,140,276,136,296,-33,36.7,14.2,696,322,65,79.78,757
1990,35179,1979,49.08110809,-120.8127975,1210,3.7,15.1,-10.5,25.6,1237,242,11.1,62.3,842,1147,5209,28,162,162,267,105,373,-36.8,33.9,14.3,606,271,63,75.93,454
1990,35379,1979,49.08889007,-120.8139038,1210,3.6,15.1,-10.7,25.7,1273,248,10.7,60.8,868,1137,5251,27,161,163,266,104,395,-36.8,33.8,14.3,604,262,64,80.02,446
1990,SK93710,1993,49.21475894,-121.0660627,695,6.5,17.7,-6.6,24.3,1537,263,10.7,67.1,509,1634,4261,84,216,131,284,153,247,-30.2,35.9,13.7,670,283,68,98.09,761
1990,SK93711,1993,49.21441772,-121.0671746,686,6.5,17.7,-6.6,24.3,1537,263,10.8,67.3,504,1642,4247,86,217,130,284,154,244,-30.1,35.9,13.7,671,284,68,98,766
1990,SK93721,1993,49.21632862,-121.0684733,698,6.5,17.6,-6.6,24.2,1537,262,10.7,67.2,508,1628,4265,83,216,131,284,153,247,-30.2,35.8,13.7,669,282,68,98.32,757
1990,SK93722,1993,49.21739366,-121.0676078,698,6.5,17.6,-6.6,24.3,1538,263,10.7,67.1,510,1628,4269,83,216,131,284,153,248,-30.3,35.8,13.7,669,282,68,98.4,757
1990,SK93734,1993,49.19803638,-120.9928605,869,5.7,17.1,-7.9,25,1442,259,10.9,66.1,609,1504,4533,66,198,140,278,138,290,-32.6,35.5,14,657,283,66,89.83,680
1990,SK93735,1993,49.19748268,-120.9920592,869,5.7,17.1,-7.9,25,1440,258,10.9,66.1,610,1503,4535,66,198,140,278,138,290,-32.7,35.5,14,658,284,66,89.6,679
1990,SK93736,1993,49.20192025,-120.9885846,823,5.9,17.3,-7.7,25,1419,256,11.2,67.6,593,1544,4471,72,201,138,279,140,274,-32.3,35.7,14,664,291,66,86.59,707
1990,00NCc13,2000,49.22752855,-120.9627241,900,5.4,17,-8.6,25.6,1478,261,10.4,65.4,663,1482,4630,64,192,143,275,132,328,-33.6,35.6,14.1,662,287,65,93.14,668
1990,00NCe73,2000,49.12286895,-120.8200364,1455,2.5,13.7,-11.3,25.1,1400,267,9,51.4,990,945,5627,15,149,170,265,95,514,-37.5,32.2,14.1,520,212,66,99.49,334
1990,00NCe74,2000,49.12958668,-120.8160951,1620,2.1,12.9,-10.8,23.7,1414,268,8.5,48.1,1009,836,5790,11,142,174,265,91,542,-37.8,31.1,14.1,488,186,66,104.79,271
1990,00NCe75,2000,49.13184343,-120.8212604,1750,1.8,12.3,-10.4,22.7,1411,268,8.4,45.9,1013,760,5901,8,138,176,266,89,550,-37.9,30.3,14,464,166,66,107.25,227
1990,00NCe76,2000,49.12956482,-120.8230328,1665,2,12.7,-10.7,23.4,1400,267,8.6,47.6,1004,811,5822,10,141,175,265,91,536,-37.8,30.9,14,480,179,66,104.33,257
1990,00NCe77,2000,49.06956013,-120.905716,1470,2.7,13.8,-10.6,24.4,1450,275,8.8,50.3,941,956,5559,15,152,169,267,99,512,-37.2,32.2,14.1,515,194,66,104.83,342
1990,00NCe78,2000,49.08614425,-120.9258513,1840,1.4,11.9,-10.5,22.4,1512,278,7.5,42.9,1079,714,6044,7,137,176,268,92,620,-37.7,29.7,13.8,442,133,69,120.03,202
1990,00NCe79,2000,49.08811762,-120.9446303,1790,1.7,12.2,-10.3,22.4,1551,282,7.5,43.3,1039,750,5949,8,141,173,269,96,621,-37.4,30,13.8,446,132,69,123.31,222
1990,00NCe82,2000,49.04462405,-120.9646257,1810,1.6,12.1,-10.3,22.5,1595,298,7.2,40.8,1056,736,5988,8,139,175,268,93,647,-37.4,30,13.8,446,122,69,127.8,214
1990,00NCe83,2000,49.0409285,-120.9723988,1800,1.6,12.2,-10.3,22.5,1619,301,7.2,40.6,1047,743,5967,8,140,174,269,94,654,-37.3,30,13.8,447,120,69,130.07,219
1990,00NCe84,2000,49.04042506,-120.9724193,685,7.2,18.3,-6.3,24.6,1615,300,10.6,61,458,1784,4040,110,216,127,285,159,226,-32.2,36.1,14.1,707,263,63,100.76,857
1990,00NCe85,2000,49.03686803,-120.9645592,1705,2.1,12.7,-10,22.7,1597,298,7.6,42.7,973,810,5800,10,146,171,270,99,610,-37,30.6,13.9,463,132,68,125.85,258
1990,00NCe86,2000,49.04063959,-120.9800327,1745,1.9,12.5,-10.1,22.6,1625,301,7.3,41.6,1006,782,5867,9,144,172,269,97,637,-37,30.3,13.8,456,125,69,129.59,241
1990,00NCe87,2000,49.03145849,-120.9420956,1820,1.5,12.1,-10.5,22.6,1470,279,7.8,43.3,1074,726,6021,8,137,176,268,92,603,-37.5,30,13.9,447,135,69,115.33,209
1990,00NCe89,2000,49.05549669,-120.9155332,1725,2,12.6,-10.2,22.8,1447,275,8.3,45.8,994,792,5838,9,142,174,268,95,553,-37.4,30.5,14,466,154,67,110.66,247
1990,00NCe90,2000,49.06442921,-120.8922135,1325,3.1,14.5,-11,25.6,1432,275,9.2,53,924,1052,5419,20,157,165,267,102,485,-37,33.1,14.2,577,218,65,99.49,398
1990,00NCe91,2000,49.11667802,-120.8651929,1450,2.8,13.9,-10.7,24.6,1381,262,9.2,53.1,940,965,5547,16,151,168,267,98,484,-37.3,32.3,14.1,518,212,65,97.51,347
1990,00NCe92,2000,49.12229155,-120.8690776,1665,2,12.8,-10.5,23.3,1386,263,8.7,48.6,1000,820,5808,10,143,173,267,93,528,-37.6,30.8,14,477,178,67,103.21,263
1990,00NCe93,2000,49.13832844,-120.8485222,1615,2.2,13.1,-10.7,23.7,1407,271,8.6,48.1,999,850,5758,11,144,172,266,94,527,-37.6,31.1,14,486,181,66,104.21,281
1990,00NCe94,2000,49.1422333,-120.8451718,1565,2.3,13.3,-11,24.2,1408,272,8.7,48.8,1003,879,5727,12,146,172,266,94,526,-37.5,31.4,14,496,189,67,103.11,297
1990,00NCe95,2000,49.12585389,-120.8366702,1540,2.4,13.4,-10.7,24.1,1377,264,9,50.6,970,894,5667,13,146,171,266,94,501,-37.6,31.7,14.1,503,200,66,99.14,305
1990,114791,2007,49.1638298,-120.7723007,2225,-0.6,9.7,-12,21.7,1783,333,5.3,29.2,1419,451,6784,2,111,188,261,73,880,-39.7,27.1,13.7,324,85,70,155.43,79
1990,114792,2007,49.16588973,-120.7787018,2225,-0.7,9.7,-12,21.7,1793,333,5.2,29.1,1425,447,6795,2,110,189,261,72,886,-39.8,27.1,13.7,324,85,70,156.49,77
1990,114793,2007,49.16717147,-120.7802963,2200,-0.5,9.8,-11.9,21.8,1780,332,5.3,29.6,1400,461,6747,2,111,188,261,73,871,-39.7,27.3,13.7,328,87,70,154.59,82
1990,114794,2007,49.16852951,-120.7815018,2145,-0.2,10.1,-11.8,21.9,1757,329,5.6,30.8,1349,494,6643,2,115,187,262,74,841,-39.5,27.6,13.7,337,91,69,150.87,94
1990,114795,2007,49.16878128,-120.781601,2140,-0.2,10.2,-11.7,21.9,1754,329,5.6,30.9,1345,497,6634,2,115,187,262,74,837,-39.5,27.7,13.7,337,92,69,150.44,96
1990,114796,2007,49.17169952,-120.7848969,2100,0,10.4,-11.7,22,1718,324,5.8,32,1314,523,6564,3,117,186,262,76,807,-39.3,28,13.8,385,97,69,145.98,106
1990,114797,2007,49.17219924,-120.7894974,2125,-0.1,10.3,-11.7,22,1713,323,5.8,31.8,1335,508,6608,3,116,187,262,75,814,-39.4,27.8,13.7,340,96,69,145.93,100
1990,12-1929,2015,49.20005416,-120.9982758,906,5.6,17,-8,24.9,1465,263,10.6,64.6,623,1476,4583,63,195,142,278,136,305,-32.6,35.4,14,652,277,66,92.82,663
1990,02-3085,2019,49.14056015,-120.7638931,2044,0.3,10.7,-11.5,22.2,1751,327,5.9,32.8,1264,563,6455,4,120,185,263,78,812,-39,28.4,13.8,397,104,69,147.85,123
1990,02-3087,2019,49.1199913,-120.752121,1874,1.2,11.7,-10.9,22.5,1587,307,7,38,1122,683,6132,7,131,180,265,85,680,-38.3,29.6,13.9,426,131,68,127.36,183
1990,02-3088,2019,49.13434982,-120.7645264,1928,0.9,11.4,-11.1,22.5,1682,317,6.5,35.8,1169,643,6238,6,128,182,264,82,741,-38.5,29.3,13.9,417,118,68,138.2,162
1990,02-3089,2019,49.14989852,-120.7567673,2136,-0.2,10.2,-11.8,22,1756,327,5.6,31.2,1343,504,6622,2,115,187,262,74,844,-39.4,27.8,13.8,340,96,69,150.37,99
1990,02-3090,2019,49.1461296,-120.7544632,2119,-0.1,10.3,-11.7,22,1755,328,5.6,31.4,1327,514,6591,3,116,187,262,75,838,-39.3,27.9,13.8,342,97,69,149.89,103
1990,12-2000,2019,49.13544082,-120.7637634,1954,0.7,11.2,-11.2,22.4,1697,319,6.3,35.1,1190,625,6287,5,126,183,264,81,756,-38.7,29.1,13.9,412,115,68,140.3,153
1990,12-9554,2019,49.0820198,-120.9237823,1792,1.6,12.2,-10.4,22.6,1501,278,7.7,43.8,1054,742,5977,8,139,175,268,93,603,-37.7,30,13.9,451,140,68,117.86,217
1990,12-9555,2019,49.16053009,-120.76474,1876,1.1,11.6,-10.9,22.5,1735,327,6.4,35.5,1124,677,6142,6,131,180,265,84,730,-38.4,29.5,13.9,424,118,68,142.37,179
1990,14-4318,2019,49.10192108,-120.7574768,1956,0.7,11.2,-11.2,22.4,1555,302,6.9,37.1,1196,622,6299,5,126,183,264,82,703,-38.6,29,13.8,410,121,69,126.4,152
1990,14-4319,2019,49.10179138,-120.7552795,1890,1,11.5,-11,22.5,1552,302,7.1,38.2,1139,667,6173,6,130,181,265,84,677,-38.3,29.5,13.9,422,130,68,124.48,175
1990,14-4320,2019,49.07690048,-120.7710724,1815,1.5,12,-10.6,22.6,1377,260,8.3,46.1,1065,724,6012,8,134,179,266,87,564,-38.1,30,14,456,169,67,105.04,206
1990,14-4323,2019,49.16270065,-120.7649994,1994,0.6,11,-11.3,22.3,1726,326,6.1,33.7,1216,598,6352,4,124,183,264,81,771,-38.8,28.7,13.8,403,107,69,144.31,140
1990,14-4324,2019,49.16270065,-120.7649002,1988,0.6,11,-11.2,22.3,1725,326,6.1,33.8,1211,602,6341,4,125,183,264,81,768,-38.8,28.8,13.8,405,108,68,144.01,142
1990,14-4325,2019,49.15930175,-120.7705002,1981,0.6,11,-11.2,22.3,1778,333,6,33.2,1210,602,6339,4,124,183,264,80,791,-38.8,28.8,13.8,406,106,68,149.19,141
1990,14-4326,2019,49.1603012,-120.7731018,2030,0.3,10.8,-11.4,22.1,1779,332,5.8,32.3,1250,568,6431,4,121,185,263,78,809,-39,28.5,13.8,397,101,69,150.47,125
1990,14-4361,2019,49.15879821,-120.7743988,2093,0,10.4,-11.6,22,1789,334,5.6,31.2,1301,527,6545,3,118,186,262,76,837,-39.3,28,13.8,386,94,69,152.95,108
1990,14-4382,2019,49.1646614,-120.7790527,2197,-0.5,9.8,-11.9,21.8,1789,333,5.3,29.6,1398,463,6742,2,112,188,261,73,875,-39.7,27.3,13.7,329,87,70,155.43,83
1990,14-4383,2019,49.15822982,-120.7749863,2106,0,10.3,-11.6,22,1791,334,5.6,31,1312,518,6568,3,117,187,262,76,842,-39.3,27.9,13.8,342,93,69,153.43,104
1990,14-4384,2019,49.15280151,-120.7717896,2062,0.2,10.6,-11.5,22.1,1781,332,5.7,31.9,1281,548,6493,3,119,186,263,77,827,-39.1,28.3,13.8,392,99,69,151.45,117
1990,14-4385,2019,49.16463088,-120.7775726,2217,-0.6,9.7,-12,21.7,1794,334,5.2,29.2,1416,451,6779,2,111,189,261,72,884,-39.8,27.1,13.7,325,85,70,156.39,79
1990,14-4386,2019,49.10020828,-120.7596817,2009,0.4,10.9,-11.4,22.3,1553,300,6.7,36.3,1242,586,6399,4,123,184,264,80,722,-38.8,28.6,13.8,401,115,69,127.46,134
1990,14-4387,2019,49.09149169,-120.7733994,1955,0.7,11.2,-11.1,22.4,1526,289,7,38.9,1189,630,6281,6,127,182,265,83,687,-38.5,29.1,13.8,412,129,69,123.22,156
1990,14-4388,2019,49.06903839,-120.7620316,1624,2.2,13,-10.6,23.6,1283,248,9.5,52.3,985,849,5747,11,143,174,267,93,477,-37.6,31.2,14.1,492,205,66,91.22,279
1990,14-4573,2019,49.07849884,-120.9320297,1590,2.5,13.3,-9.8,23,1486,277,8.4,47.8,918,886,5626,13,151,168,270,102,528,-37,31.3,14,486,167,67,111.85,302
1990,14-4577,2019,49.14511871,-120.7613602,2052,0.2,10.7,-11.5,22.1,1759,328,5.8,32.5,1268,556,6468,3,120,186,263,77,816,-39.1,28.4,13.8,395,103,69,148.84,120
1990,14-4585,2019,49.07535934,-120.7685013,1752,1.8,12.3,-10.3,22.7,1339,254,8.8,48.5,1020,766,5904,9,138,177,266,89,527,-37.9,30.4,14,468,182,66,99.8,230
1990,14-4587,2019,49.0782814,-120.917923,1679,2.1,12.8,-10.1,22.8,1479,277,8.2,46.2,976,818,5783,10,144,172,268,96,556,-37.4,30.7,14,473,159,67,112.96,262
1990,14-4588,2019,49.0820198,-120.9236526,1792,1.6,12.2,-10.4,22.6,1501,278,7.7,43.8,1054,742,5977,8,139,175,268,93,603,-37.7,30,13.9,451,140,68,117.85,218
1990,19JCG13,2019,49.11692047,-120.6429367,1080,4.7,16.1,-9.6,25.7,1015,242,14.5,66.5,734,1335,4879,44,175,154,271,116,236,-35.6,35,14.4,641,309,63,48.47,568
1990,19JCG15,2019,49.11320114,-120.6441498,1046,4.9,16.3,-9.5,25.8,1025,243,14.5,67.1,719,1370,4822,48,177,153,271,118,232,-35.5,35.3,14.4,649,314,62,48.29,590
1990,19JCG18,2019,49.11236953,-120.6519089,1088,4.7,16,-9.6,25.6,1021,241,14.4,66.6,737,1326,4893,43,174,155,271,116,240,-35.7,35,14.4,639,307,63,49.36,562
1991,MP 291,1976,49.03950881,-120.8720016,1308,3.7,14.1,-6.9,21,982,218,14,64.8,692,984,5202,16,154,163,264,101,706,-37,33.2,14.1,556,234,65,55.37,355
1991,MP 292,1976,49.03998947,-120.8811035,1277,3.8,14.2,-7,21.2,996,221,13.9,64.3,688,1004,5173,17,156,162,264,102,709,-36.9,33.4,14.1,561,235,65,56.11,367
1991,MP 293,1976,49.04455947,-120.8516998,1259,4,14.4,-6.8,21.1,941,209,14.9,68.9,659,1027,5109,19,157,162,264,102,651,-36.9,33.6,14.2,568,254,64,49.44,381
1991,MP 294,1976,49.11808013,-120.8660965,1402,3.4,13.6,-7.1,20.7,969,216,13.8,63.2,725,916,5328,13,150,165,263,98,745,-37.2,32.6,14.1,536,220,65,56.69,315
1991,MP 295,1976,49.11931991,-120.8755035,1353,3.5,13.9,-7.2,21.1,971,216,13.9,64.2,722,951,5282,15,152,164,264,99,735,-37.1,33,14.1,545,228,65,55.67,336
1991,MP 296,1976,49.12162017,-120.8731003,1381,3.4,13.7,-7.1,20.9,971,217,13.8,63.4,724,932,5307,14,151,165,264,99,741,-37.1,32.7,14.1,540,222,65,56.39,325
1991,MP 299,1976,49.04080963,-120.8787003,1311,3.7,14.1,-7,21,993,221,13.8,63.9,698,979,5214,16,154,163,264,101,719,-37,33.2,14.1,554,230,65,56.68,352
1991,MP 281,1976,49.10832977,-120.7583008,1921,1.4,11.2,-7.8,19,1086,242,10.5,46.2,961,579,6071,4,124,176,261,85,1054,-38.4,29.3,13.8,386,131,68,80.18,133
1991,MP 285,1976,49.07500076,-120.7750015,1481,3.2,13.3,-6.8,20.1,899,194,14.7,68.8,720,874,5381,12,146,168,262,95,694,-37.2,32.1,14.1,531,239,65,50.28,290
1991,MP 286,1976,49.07500076,-120.7750015,1326,3.8,14,-6.7,20.8,869,189,15.9,74.4,667,983,5167,16,153,164,262,98,612,-36.8,33.1,14.2,562,269,64,43.04,352
1991,MP 287,1976,49.11643981,-120.8702011,1250,3.8,14.4,-7.2,21.6,970,215,14.3,66.6,704,1021,5174,18,156,162,263,101,705,-37,33.7,14.1,566,246,65,52.79,378
1991,MP 288,1976,49.11574935,-120.8669968,1259,3.8,14.3,-7.2,21.5,970,215,14.3,66.4,701,1015,5177,18,156,163,264,101,705,-37,33.6,14.1,565,244,65,52.99,374
1991,MP 289,1976,49.04022979,-120.8937988,1466,3.2,13.3,-6.7,20.1,1011,225,13.1,59.2,719,872,5382,12,148,166,264,98,775,-37.2,32.1,14.1,523,200,65,62.35,290
1991,MP 290,1976,49.03955841,-120.8881989,1353,3.6,13.9,-6.9,20.7,1005,224,13.5,62,700,950,5254,15,152,164,264,100,738,-37,32.9,14.1,545,220,65,59.01,335
1991,35079,1979,49.18056106,-120.9610977,770,6.4,17,-5.3,22.3,965,219,17,77.7,446,1512,4296,64,198,144,274,130,493,-33,36.7,14.1,697,313,64,38.54,672
1991,35179,1979,49.08110809,-120.8127975,1210,4.2,14.6,-6.7,21.3,879,195,16.2,75,636,1058,5040,20,158,162,264,102,583,-36.8,33.9,14.2,579,276,63,41.7,399
1991,35379,1979,49.08889007,-120.8139038,1210,4.1,14.5,-7,21.4,901,200,15.6,72.5,659,1047,5083,20,158,162,263,101,618,-36.8,33.8,14.2,576,269,64,44.48,392
1991,SK93710,1993,49.21475894,-121.0660627,695,6.9,16.9,-3.8,20.7,1054,233,16.1,72.7,344,1544,4094,63,221,136,283,147,460,-30.2,35.9,13.6,663,270,68,50.96,674
1991,SK93711,1993,49.21441772,-121.0671746,686,7,17,-3.7,20.7,1054,233,16.1,72.9,341,1552,4080,64,222,136,283,147,457,-30.1,35.9,13.6,664,271,68,50.86,679
1991,SK93721,1993,49.21632862,-121.0684733,698,6.9,16.9,-3.7,20.6,1055,232,16,72.7,344,1537,4099,62,221,136,283,147,461,-30.2,35.8,13.6,662,270,68,51.22,670
1991,SK93722,1993,49.21739366,-121.0676078,698,6.9,16.9,-3.8,20.7,1055,233,16,72.6,345,1537,4102,62,220,136,282,146,463,-30.3,35.8,13.6,662,270,68,51.27,670
1991,SK93734,1993,49.19803638,-120.9928605,869,6.1,16.4,-4.9,21.2,994,224,16.2,73.3,428,1408,4369,49,199,144,276,132,510,-32.6,35.5,13.9,627,276,66,46.38,599
1991,SK93735,1993,49.19748268,-120.9920592,869,6.1,16.4,-4.9,21.3,993,223,16.2,73.4,429,1407,4371,49,199,144,276,132,509,-32.7,35.5,13.9,628,277,66,46.23,598
1991,SK93736,1993,49.20192025,-120.9885846,823,6.3,16.6,-4.8,21.3,979,221,16.7,75,414,1449,4305,54,202,143,277,135,489,-32.3,35.7,13.9,634,284,66,43.89,623
1991,00NCc13,2000,49.22752855,-120.9627241,900,5.9,16.3,-5.6,21.9,1009,225,15.7,72.6,475,1383,4467,48,191,147,274,127,563,-33.6,35.6,14,631,280,65,47.64,589
1991,00NCe73,2000,49.12286895,-120.8200364,1455,3,13.3,-7.5,20.8,978,217,13.3,61.1,779,863,5470,11,145,168,261,94,794,-37.5,32.2,14,511,213,66,58.88,284
1991,00NCe74,2000,49.12958668,-120.8160951,1620,2.5,12.5,-7.3,19.9,987,218,12.7,57.5,804,759,5637,8,138,171,262,91,847,-37.8,31.1,14,480,186,66,63.57,225
1991,00NCe75,2000,49.13184343,-120.8212604,1750,2.2,12,-7,19,986,218,12.4,54.9,813,685,5745,8,134,172,262,90,869,-37.9,30.3,14,456,165,66,66.16,185
1991,00NCe76,2000,49.12956482,-120.8230328,1665,2.5,12.4,-7.1,19.5,979,218,12.7,56.8,802,735,5666,8,137,171,262,91,843,-37.8,30.9,14,471,179,66,63.65,212
1991,00NCe77,2000,49.06956013,-120.905716,1470,3.2,13.3,-6.9,20.2,1024,228,12.9,58.6,734,874,5400,12,148,166,264,98,796,-37.2,32.2,14,505,197,66,63.83,291
1991,00NCe78,2000,49.08614425,-120.9258513,1840,1.9,11.6,-7.2,18.8,1065,232,11.1,50.1,878,638,5889,6,133,171,264,93,967,-37.7,29.7,13.8,389,136,68,76.88,161
1991,00NCe79,2000,49.08811762,-120.9446303,1790,2.1,11.9,-7.1,19,1094,236,11.1,50.4,839,672,5794,6,138,169,266,97,972,-37.4,30,13.7,437,134,69,78.91,179
1991,00NCe82,2000,49.04462405,-120.9646257,1810,2,11.8,-7,18.8,1134,249,10.6,47.2,854,658,5832,6,136,170,264,94,1006,-37.4,30,13.8,393,126,69,83.14,172
1991,00NCe83,2000,49.0409285,-120.9723988,1800,2.1,11.8,-7,18.8,1153,252,10.5,46.9,845,665,5811,6,137,169,265,95,1018,-37.3,30,13.8,393,125,69,84.91,175
1991,00NCe84,2000,49.04042506,-120.9724193,685,7.6,17.7,-3.2,20.9,1150,252,15.3,70.4,296,1703,3859,84,218,132,284,152,405,-32.2,36.1,14,702,272,63,54.62,774
1991,00NCe85,2000,49.03686803,-120.9645592,1705,2.5,12.3,-6.7,19,1136,249,11,49.5,781,732,5644,8,143,167,266,99,953,-37,30.6,13.8,453,137,68,81.12,210
1991,00NCe86,2000,49.04063959,-120.9800327,1745,2.3,12.1,-6.8,18.9,1157,253,10.7,47.9,805,704,5711,7,141,168,265,98,994,-37,30.3,13.8,446,130,68,84.1,195
1991,00NCe87,2000,49.03145849,-120.9420956,1820,1.9,11.7,-7.1,18.9,1047,231,11.4,50.7,869,649,5864,6,134,171,263,93,938,-37.5,30,13.8,394,140,68,74.52,167
1991,00NCe89,2000,49.05549669,-120.9155332,1725,2.4,12.2,-6.8,19,1025,228,12.1,53.6,793,715,5681,7,139,169,264,95,871,-37.4,30.5,13.9,457,156,67,69.77,202
1991,00NCe90,2000,49.06442921,-120.8922135,1325,3.6,14,-7,21,1011,226,13.4,61.9,714,966,5252,16,153,164,263,100,747,-37,33.1,14.1,551,222,65,59.05,344
1991,00NCe91,2000,49.11667802,-120.8651929,1450,3.2,13.4,-7.1,20.5,969,215,13.7,62.3,734,883,5383,12,148,166,263,97,758,-37.3,32.3,14.1,527,213,65,57.82,296
1991,00NCe92,2000,49.12229155,-120.8690776,1665,2.5,12.4,-7.1,19.5,972,217,12.9,57.2,798,742,5653,8,139,170,263,94,829,-37.6,30.8,13.9,468,177,66,63.27,217
1991,00NCe93,2000,49.13832844,-120.8485222,1615,2.6,12.6,-7.2,19.9,985,223,12.8,56.8,796,773,5611,9,140,169,263,94,834,-37.6,31.1,13.9,477,179,66,63.55,234
1991,00NCe94,2000,49.1422333,-120.8451718,1565,2.7,12.8,-7.4,20.3,986,223,12.9,57.5,797,800,5577,9,142,169,263,94,827,-37.5,31.4,14,487,187,66,62.48,249
1991,00NCe95,2000,49.12585389,-120.8366702,1540,2.9,12.9,-7.2,20.1,964,215,13.4,60,765,815,5515,10,142,169,262,94,787,-37.6,31.7,14,494,201,65,59.34,257
1991,114791,2007,49.1638298,-120.7723007,2225,-0.2,9.5,-9,18.5,1217,267,8.1,35.5,1213,398,6629,2,106,181,257,77,1337,-39.7,27.1,13.6,314,95,70,100.76,62
1991,114792,2007,49.16588973,-120.7787018,2225,-0.2,9.5,-9.1,18.6,1225,268,8,35.3,1219,394,6641,2,105,181,257,76,1346,-39.8,27.1,13.6,314,95,70,101.62,61
1991,114793,2007,49.16717147,-120.7802963,2200,-0.1,9.6,-9,18.6,1218,267,8.2,35.9,1190,407,6592,2,106,181,257,76,1329,-39.7,27.3,13.6,318,96,70,100.27,65
1991,114794,2007,49.16852951,-120.7815018,2145,0.2,9.9,-8.7,18.6,1204,265,8.5,37.3,1140,437,6489,2,110,180,258,78,1295,-39.5,27.6,13.7,348,100,69,97.45,74
1991,114795,2007,49.16878128,-120.781601,2140,0.2,9.9,-8.7,18.6,1202,265,8.5,37.5,1136,440,6479,2,110,180,258,78,1291,-39.5,27.7,13.7,349,100,69,97.12,75
1991,114796,2007,49.17169952,-120.7848969,2100,0.4,10.1,-8.6,18.7,1180,261,8.8,38.9,1106,463,6410,3,112,180,258,79,1254,-39.3,28,13.7,356,103,69,93.96,84
1991,114797,2007,49.17219924,-120.7894974,2125,0.3,10,-8.7,18.7,1177,260,8.8,38.5,1127,449,6454,3,111,180,258,78,1259,-39.4,27.8,13.7,352,102,69,94.21,79
1991,12-1929,2015,49.20005416,-120.9982758,906,6,16.3,-4.9,21.2,1008,227,15.9,71.5,441,1379,4420,47,197,145,276,131,534,-32.6,35.4,13.9,622,269,66,48.5,583
1991,02-3085,2019,49.14056015,-120.7638931,2044,0.7,10.5,-8.3,18.8,1198,261,9,40.2,1057,500,6298,4,116,179,259,80,1246,-39,28.4,13.8,367,109,69,94.17,98
1991,02-3087,2019,49.1199913,-120.752121,1874,1.6,11.5,-7.6,19,1097,244,10.6,47,919,613,5974,4,127,175,262,86,1043,-38.3,29.6,13.9,395,137,67,79.96,149
1991,02-3088,2019,49.13434982,-120.7645264,1928,1.3,11.2,-7.8,19,1154,253,9.8,44.1,965,574,6082,5,123,176,261,84,1138,-38.5,29.3,13.8,385,124,68,86.98,131
1991,02-3089,2019,49.14989852,-120.7567673,2136,0.3,10,-8.7,18.7,1200,261,8.6,38.3,1133,447,6466,3,110,180,258,78,1293,-39.4,27.8,13.7,352,103,69,96.59,78
1991,02-3090,2019,49.1461296,-120.7544632,2119,0.4,10.1,-8.6,18.7,1199,262,8.6,38.6,1118,456,6435,3,111,180,258,78,1284,-39.3,27.9,13.7,355,104,69,96.13,81
1991,12-2000,2019,49.13544082,-120.7637634,1954,1.2,11,-7.9,19,1163,255,9.6,43.2,985,557,6130,5,121,177,260,83,1162,-38.7,29.1,13.8,381,119,68,88.53,123
1991,12-9554,2019,49.0820198,-120.9237823,1792,2,11.8,-7.1,19,1058,231,11.4,51.2,853,665,5822,6,135,171,264,93,945,-37.7,30,13.8,398,143,68,75.05,175
1991,12-9555,2019,49.16053009,-120.76474,1876,1.6,11.4,-7.7,19,1187,262,9.8,43.4,923,606,5986,5,126,175,261,86,1147,-38.4,29.5,13.9,392,122,67,89.2,145
1991,14-4318,2019,49.10192108,-120.7574768,1956,1.2,11,-7.9,18.9,1081,239,10.3,45.9,990,555,6140,4,122,177,261,84,1068,-38.6,29,13.8,380,129,68,80.59,122
1991,14-4319,2019,49.10179138,-120.7552795,1890,1.5,11.3,-7.6,19,1079,239,10.7,47.4,935,598,6014,4,126,175,261,86,1031,-38.3,29.5,13.8,390,137,68,78.75,142
1991,14-4320,2019,49.07690048,-120.7710724,1815,2,11.8,-7.1,18.9,969,206,12.3,57,864,652,5852,6,130,174,262,89,885,-38.1,30,13.9,404,172,67,65.62,169
1991,14-4323,2019,49.16270065,-120.7649994,1994,1,10.8,-8.1,18.9,1181,261,9.3,41.2,1011,532,6197,4,120,177,260,83,1203,-38.8,28.7,13.8,373,111,68,91.35,112
1991,14-4324,2019,49.16270065,-120.7649002,1988,1,10.8,-8.1,18.9,1180,261,9.4,41.4,1007,536,6186,4,120,177,260,83,1199,-38.8,28.8,13.8,374,111,68,91.11,113
1991,14-4325,2019,49.15930175,-120.7705002,1981,1,10.8,-8.1,18.9,1215,267,9.1,40.5,1005,535,6184,4,120,178,260,82,1235,-38.8,28.8,13.8,375,110,68,94.54,113
1991,14-4326,2019,49.1603012,-120.7731018,2030,0.8,10.5,-8.3,18.8,1216,267,8.9,39.5,1044,504,6276,4,116,179,259,81,1261,-39,28.5,13.8,367,107,68,95.85,100
1991,14-4361,2019,49.15879821,-120.7743988,2093,0.5,10.2,-8.5,18.7,1222,268,8.6,38,1094,467,6389,3,113,180,259,79,1298,-39.3,28,13.7,357,103,69,98.08,85
1991,14-4382,2019,49.1646614,-120.7790527,2197,-0.1,9.6,-9,18.6,1223,268,8.1,35.9,1188,409,6587,2,107,181,257,77,1334,-39.7,27.3,13.6,318,96,70,100.74,65
1991,14-4383,2019,49.15822982,-120.7749863,2106,0.4,10.1,-8.5,18.7,1224,268,8.5,37.8,1104,459,6413,3,112,180,258,79,1303,-39.3,27.9,13.7,355,102,69,98.51,82
1991,14-4384,2019,49.15280151,-120.7717896,2062,0.6,10.4,-8.4,18.8,1217,266,8.7,39.1,1073,486,6337,4,115,179,259,80,1281,-39.1,28.3,13.7,362,105,69,96.76,93
1991,14-4385,2019,49.16463088,-120.7775726,2217,-0.2,9.5,-9,18.5,1226,268,8,35.4,1210,398,6624,2,106,181,257,76,1343,-39.8,27.1,13.6,315,95,70,101.46,62
1991,14-4386,2019,49.10020828,-120.7596817,2009,0.9,10.7,-8.1,18.8,1081,239,10.1,44.9,1034,522,6240,3,118,178,260,82,1093,-38.8,28.6,13.8,371,123,69,81.77,107
1991,14-4387,2019,49.09149169,-120.7733994,1955,1.2,11,-7.8,18.8,1062,230,10.6,48,983,562,6122,4,122,176,261,85,1050,-38.5,29.1,13.8,381,136,68,78.48,125
1991,14-4388,2019,49.06903839,-120.7620316,1624,2.7,12.7,-7,19.6,910,197,13.9,64.3,782,775,5589,9,139,170,263,93,757,-37.6,31.2,14,484,211,66,55.21,234
1991,14-4573,2019,49.07849884,-120.9320297,1590,3,12.9,-6.5,19.3,1049,231,12.4,55.6,726,808,5473,10,147,165,266,101,833,-37,31.3,13.9,476,168,67,69.49,252
1991,14-4577,2019,49.14511871,-120.7613602,2052,0.7,10.5,-8.3,18.8,1202,262,8.9,39.9,1061,494,6311,4,115,179,259,80,1256,-39.1,28.4,13.8,365,108,69,94.86,96
1991,14-4585,2019,49.07535934,-120.7685013,1752,2.3,12.1,-6.9,19,946,202,13,59.8,820,694,5743,7,134,172,263,90,834,-37.9,30.4,14,460,186,66,61.72,190
1991,14-4587,2019,49.0782814,-120.917923,1679,2.6,12.4,-6.7,19.1,1043,230,12.1,53.9,777,741,5627,8,141,168,265,96,876,-37.4,30.7,13.9,463,159,67,70.7,215
1991,14-4588,2019,49.0820198,-120.9236526,1792,2,11.8,-7.1,19,1058,231,11.4,51.2,853,665,5822,6,135,171,264,93,945,-37.7,30,13.8,398,143,68,75.04,175
1991,19JCG13,2019,49.11692047,-120.6429367,1080,5.2,15.7,-6.1,21.8,702,186,21.6,84.3,544,1248,4712,35,172,155,268,113,411,-35.6,35,14.3,614,314,63,18.09,509
1991,19JCG15,2019,49.11320114,-120.6441498,1046,5.3,15.9,-6,21.9,709,186,21.6,85.2,530,1283,4654,38,174,154,269,114,406,-35.5,35.3,14.3,622,320,62,17.61,530
1991,19JCG18,2019,49.11236953,-120.6519089,1088,5.1,15.6,-6.1,21.8,707,186,21.4,84.2,547,1237,4726,34,171,156,268,113,417,-35.7,35,14.3,612,313,63,18.85,503
1992,MP 291,1976,49.03950881,-120.8720016,1308,4.6,14.3,-9.5,23.8,854,262,17.1,54.8,655,1172,4868,19,173,153,242,90,289,-37,33.2,14.3,625,271,64,35.18,427
1992,MP 292,1976,49.03998947,-120.8811035,1277,4.7,14.5,-9.5,24,864,265,17,54.7,654,1197,4840,20,175,152,242,91,293,-36.9,33.4,14.3,630,273,64,35.53,443
1992,MP 293,1976,49.04455947,-120.8516998,1259,4.9,14.6,-9.2,23.8,818,251,18.2,58.3,630,1225,4777,21,176,151,243,91,261,-36.9,33.6,14.4,638,294,63,29.53,459
1992,MP 294,1976,49.11808013,-120.8660965,1402,4.3,13.9,-9.4,23.3,839,249,17,55.7,672,1086,4985,15,169,155,242,87,295,-37.2,32.6,14.2,603,265,64,36.74,375
1992,MP 295,1976,49.11931991,-120.8755035,1353,4.4,14.1,-9.6,23.7,841,250,17.2,56.4,673,1130,4939,17,171,154,242,88,296,-37.1,33,14.2,613,273,65,35.52,402
1992,MP 296,1976,49.12162017,-120.8731003,1381,4.4,14,-9.5,23.5,841,251,17.1,55.8,673,1106,4963,16,170,155,242,88,295,-37.1,32.7,14.2,607,267,65,36.33,387
1992,MP 299,1976,49.04080963,-120.8787003,1311,4.6,14.3,-9.5,23.8,862,264,16.9,54.2,660,1167,4880,18,173,153,242,90,296,-37,33.2,14.3,623,267,64,36.31,424
1992,MP 281,1976,49.10832977,-120.7583008,1921,2.3,11.4,-9.7,21.1,946,278,13,40.9,839,666,5737,3,143,168,238,70,439,-38.4,29.3,14,502,160,67,60.81,148
1992,MP 285,1976,49.07500076,-120.7750015,1481,4.1,13.5,-9,22.5,767,228,18.4,59.1,667,1035,5049,13,165,157,240,83,265,-37.2,32.1,14.3,598,281,64,30.33,343
1992,MP 286,1976,49.07500076,-120.7750015,1326,4.7,14.2,-8.9,23.1,738,222,20,63.9,634,1172,4836,18,172,153,240,87,232,-36.8,33.1,14.4,632,317,63,22.6,425
1992,MP 287,1976,49.11643981,-120.8702011,1250,4.7,14.6,-9.8,24.4,840,249,17.5,58.5,665,1217,4837,21,175,152,242,90,290,-37,33.7,14.3,636,293,64,32.33,456
1992,MP 288,1976,49.11574935,-120.8669968,1259,4.7,14.5,-9.8,24.3,840,249,17.5,58.3,662,1209,4840,21,175,152,242,90,288,-37,33.6,14.3,634,291,64,32.56,451
1992,MP 289,1976,49.04022979,-120.8937988,1466,4.1,13.6,-8.9,22.5,878,270,16.1,50.3,664,1033,5047,13,167,156,242,86,307,-37.2,32.1,14.2,590,235,65,42.39,343
1992,MP 290,1976,49.03955841,-120.8881989,1353,4.5,14.1,-9.2,23.4,873,268,16.6,52.7,658,1130,4916,17,172,153,242,89,300,-37,32.9,14.3,614,255,64,38.67,401
1992,35079,1979,49.18056106,-120.9610977,770,7.3,17.3,-7.2,24.5,828,246,20.9,70.4,451,1789,3969,82,219,134,257,123,162,-33,36.7,14.3,748,389,64,15.96,812
1992,35179,1979,49.08110809,-120.8127975,1210,5.1,14.8,-9.1,23.9,757,227,20,65.2,611,1264,4709,24,178,151,242,91,228,-36.8,33.9,14.4,668,328,62,21.73,482
1992,35379,1979,49.08889007,-120.8139038,1210,5,14.7,-9.3,24,779,234,19.2,62.7,632,1251,4751,23,177,151,241,90,246,-36.8,33.8,14.3,646,317,63,24.65,474
1992,SK93710,1993,49.21475894,-121.0660627,695,7.9,17.3,-5.3,22.5,902,259,19.8,66.7,342,1826,3756,78,241,125,269,143,117,-30.2,35.9,13.8,742,337,67,27.53,817
1992,SK93711,1993,49.21441772,-121.0671746,686,7.9,17.3,-5.2,22.5,902,259,19.9,66.8,338,1835,3743,79,242,125,269,144,115,-30.1,35.9,13.8,742,337,67,27.42,822
1992,SK93721,1993,49.21632862,-121.0684733,698,7.9,17.2,-5.2,22.5,902,258,19.8,66.7,341,1820,3760,77,241,125,269,143,117,-30.2,35.8,13.8,740,335,67,27.72,812
1992,SK93722,1993,49.21739366,-121.0676078,698,7.9,17.2,-5.3,22.5,902,258,19.8,66.7,342,1819,3764,77,241,125,269,143,117,-30.3,35.8,13.8,740,336,67,27.74,812
1992,SK93734,1993,49.19803638,-120.9928605,869,7.1,16.7,-6.5,23.2,852,249,20.1,67.2,423,1671,4033,61,220,134,260,126,152,-32.6,35.5,14.1,719,344,65,23.64,728
1992,SK93735,1993,49.19748268,-120.9920592,869,7.1,16.7,-6.6,23.3,851,248,20.1,67.3,424,1670,4035,61,220,134,259,126,152,-32.7,35.5,14.1,720,345,65,23.47,728
1992,SK93736,1993,49.20192025,-120.9885846,823,7.3,16.9,-6.4,23.3,839,246,20.6,68.8,410,1716,3971,67,223,132,261,129,142,-32.3,35.7,14.1,727,355,65,21.37,757
1992,00NCc13,2000,49.22752855,-120.9627241,900,6.8,16.6,-7.2,23.9,868,248,19.4,67,468,1642,4130,60,212,136,256,120,181,-33.6,35.6,14.2,713,350,64,24.85,716
1992,00NCe73,2000,49.12286895,-120.8200364,1455,3.9,13.5,-9.9,23.4,848,250,16.4,53.9,717,1024,5133,12,164,158,239,81,325,-37.5,32.2,14.2,595,257,65,39.2,337
1992,00NCe74,2000,49.12958668,-120.8160951,1620,3.5,12.8,-9.5,22.2,855,251,15.7,50.9,725,893,5300,7,157,161,239,78,336,-37.8,31.1,14.1,561,228,65,44.19,262
1992,00NCe75,2000,49.13184343,-120.8212604,1750,3.2,12.2,-9,21.2,854,251,15.4,48.7,721,800,5408,6,153,164,240,76,335,-37.9,30.3,14.1,535,208,65,46.98,212
1992,00NCe76,2000,49.12956482,-120.8230328,1665,3.4,12.6,-9.3,21.9,848,250,15.8,50.2,719,863,5328,7,156,162,240,78,329,-37.8,30.9,14.1,552,221,65,44.41,245
1992,00NCe77,2000,49.06956013,-120.905716,1470,4.1,13.6,-9.2,22.8,887,268,15.9,50.8,676,1034,5062,13,167,156,242,86,319,-37.2,32.2,14.2,589,236,65,43.43,344
1992,00NCe78,2000,49.08614425,-120.9258513,1840,2.8,11.9,-9,20.9,922,272,13.8,43.8,768,738,5549,4,152,163,242,79,398,-37.7,29.7,13.9,509,174,68,57.05,181
1992,00NCe79,2000,49.08811762,-120.9446303,1790,3,12.2,-8.8,21,945,277,13.8,44,738,781,5454,5,157,161,244,84,391,-37.4,30,13.9,514,174,68,58.45,202
1992,00NCe82,2000,49.04462405,-120.9646257,1810,2.9,12.1,-8.8,20.9,972,290,13.3,41.6,750,764,5493,5,155,162,243,81,412,-37.4,30,13.9,513,162,68,61.42,194
1992,00NCe83,2000,49.0409285,-120.9723988,1800,3,12.1,-8.8,20.9,987,294,13.2,41.3,743,773,5472,5,156,161,243,82,415,-37.3,30,13.9,514,161,68,62.76,198
1992,00NCe84,2000,49.04042506,-120.9724193,685,8.5,18,-4.8,22.8,985,293,18.8,61.4,308,2000,3547,109,238,121,270,148,106,-32.2,36.1,14.2,786,324,62,29.65,930
1992,00NCe85,2000,49.03686803,-120.9645592,1705,3.4,12.6,-8.5,21.1,973,290,13.8,43.5,695,855,5305,7,163,158,245,87,375,-37,30.6,14,532,175,67,59.01,241
1992,00NCe86,2000,49.04063959,-120.9800327,1745,3.3,12.4,-8.6,21,990,293,13.4,42.3,714,821,5372,6,160,159,244,85,396,-37,30.3,13.9,524,167,68,61.65,222
1992,00NCe87,2000,49.03145849,-120.9420956,1820,2.8,12,-9,21,902,274,14.2,43.8,764,753,5527,4,153,163,242,79,387,-37.5,30,13.9,514,176,68,54.52,188
1992,00NCe89,2000,49.05549669,-120.9155332,1725,3.3,12.5,-8.7,21.2,888,269,15,46.3,706,835,5343,6,158,161,243,82,343,-37.4,30.5,14.1,536,196,66,50.13,230
1992,00NCe90,2000,49.06442921,-120.8922135,1325,4.5,14.2,-9.6,23.8,878,268,16.5,53.1,669,1149,4913,18,173,153,242,89,307,-37,33.1,14.2,619,260,65,38.58,414
1992,00NCe91,2000,49.11667802,-120.8651929,1450,4.1,13.7,-9.3,23,839,249,16.9,54.8,676,1046,5050,13,167,156,242,85,299,-37.3,32.3,14.2,593,257,65,38.04,351
1992,00NCe92,2000,49.12229155,-120.8690776,1665,3.4,12.6,-9.1,21.8,841,250,16,50.5,713,870,5313,7,158,161,241,81,324,-37.6,30.8,14.1,548,219,66,44.11,250
1992,00NCe93,2000,49.13832844,-120.8485222,1615,3.5,12.9,-9.3,22.1,852,256,15.9,50.3,716,908,5271,8,159,160,241,81,325,-37.6,31.1,14.1,558,222,66,44.02,272
1992,00NCe94,2000,49.1422333,-120.8451718,1565,3.6,13.1,-9.6,22.6,852,256,16,50.9,723,943,5238,10,161,160,241,81,328,-37.5,31.4,14.1,569,229,66,42.78,292
1992,00NCe95,2000,49.12585389,-120.8366702,1540,3.8,13.2,-9.3,22.5,836,249,16.5,52.8,697,963,5177,10,161,159,240,81,308,-37.6,31.7,14.2,577,243,65,40.06,302
1992,114791,2007,49.1638298,-120.7723007,2225,0.7,9.7,-10.7,20.4,1062,301,10.1,32.2,1043,442,6291,0,123,177,234,57,601,-39.7,27.1,13.8,369,90,69,81.09,65
1992,114792,2007,49.16588973,-120.7787018,2225,0.7,9.7,-10.7,20.4,1067,303,10,32,1048,438,6303,0,122,178,234,56,606,-39.8,27.1,13.8,369,89,69,81.71,64
1992,114793,2007,49.16717147,-120.7802963,2200,0.8,9.8,-10.6,20.4,1060,301,10.2,32.5,1028,454,6254,0,123,177,234,57,594,-39.7,27.3,13.8,373,91,69,80.27,68
1992,114794,2007,49.16852951,-120.7815018,2145,1.1,10.1,-10.4,20.5,1047,299,10.6,33.8,986,490,6150,0,127,176,235,59,568,-39.5,27.6,13.8,382,98,68,77.4,80
1992,114795,2007,49.16878128,-120.781601,2140,1.1,10.1,-10.4,20.5,1045,298,10.7,34,982,494,6141,0,127,176,235,59,566,-39.5,27.7,13.8,383,98,68,77.08,81
1992,114796,2007,49.17169952,-120.7848969,2100,1.3,10.4,-10.3,20.7,1025,294,11.1,35.2,958,522,6071,1,130,174,235,61,542,-39.3,28,13.8,389,103,68,73.96,90
1992,114797,2007,49.17219924,-120.7894974,2125,1.2,10.2,-10.4,20.6,1021,293,11,35,975,506,6116,1,128,175,235,60,548,-39.4,27.8,13.8,386,102,68,74.2,85
1992,12-1929,2015,49.20005416,-120.9982758,906,6.9,16.6,-6.6,23.2,866,253,19.6,65.6,433,1638,4081,57,218,135,259,124,161,-32.6,35.4,14.1,703,335,65,25.77,708
1992,02-3085,2019,49.14056015,-120.7638931,2044,1.6,10.7,-10.1,20.8,1045,295,11.1,36.2,920,566,5963,1,134,173,236,63,535,-39,28.4,13.9,445,111,68,74.2,107
1992,02-3087,2019,49.1199913,-120.752121,1874,2.5,11.7,-9.5,21.2,957,279,13.1,41.8,806,708,5640,3,146,167,239,71,425,-38.3,29.6,14,514,166,67,60.39,166
1992,02-3088,2019,49.13434982,-120.7645264,1928,2.2,11.3,-9.7,21.1,1007,287,12.1,39.6,840,661,5746,3,142,169,238,69,473,-38.5,29.3,14,502,157,67,66.98,145
1992,02-3089,2019,49.14989852,-120.7567673,2136,1.2,10.2,-10.4,20.6,1048,296,10.7,34.5,982,501,6130,0,128,175,235,59,568,-39.4,27.8,13.8,385,102,68,77.04,83
1992,02-3090,2019,49.1461296,-120.7544632,2119,1.3,10.3,-10.4,20.6,1048,296,10.7,34.8,970,512,6099,1,129,175,235,60,561,-39.3,27.9,13.9,388,103,68,76.56,87
1992,12-2000,2019,49.13544082,-120.7637634,1954,2.1,11.2,-9.8,21,1016,289,11.9,38.8,856,639,5795,3,140,170,237,67,486,-38.7,29.1,14,497,153,67,68.53,136
1992,12-9554,2019,49.0820198,-120.9237823,1792,3,12.1,-8.9,21,916,271,14.1,44.7,750,772,5482,5,154,162,242,80,384,-37.7,30,14,519,182,67,55.23,198
1992,12-9555,2019,49.16053009,-120.76474,1876,2.5,11.6,-9.5,21.1,1036,295,12.1,39.2,806,700,5649,3,145,168,239,71,461,-38.4,29.5,14,511,158,67,68.47,163
1992,14-4318,2019,49.10192108,-120.7574768,1956,2.1,11.2,-9.8,21,941,275,12.8,40.6,861,635,5807,2,140,169,238,68,451,-38.6,29,13.9,495,157,68,61.41,134
1992,14-4319,2019,49.10179138,-120.7552795,1890,2.4,11.5,-9.6,21.1,939,275,13.2,41.9,819,689,5681,3,145,168,238,71,425,-38.3,29.5,14,508,165,67,59.31,158
1992,14-4320,2019,49.07690048,-120.7710724,1815,2.9,12,-9.1,21.1,835,243,15.4,49.2,762,757,5520,4,150,165,240,75,351,-38.1,30,14.1,525,205,66,46.6,190
1992,14-4323,2019,49.16270065,-120.7649994,1994,1.9,11,-9.9,20.9,1030,294,11.6,37.4,874,607,5860,1,138,171,237,66,501,-38.8,28.7,13.9,452,115,68,71.25,122
1992,14-4324,2019,49.16270065,-120.7649002,1988,1.9,11,-9.9,20.9,1029,294,11.6,37.5,870,612,5849,1,138,171,237,67,499,-38.8,28.8,13.9,454,115,68,70.98,124
1992,14-4325,2019,49.15930175,-120.7705002,1981,2,11,-9.9,20.9,1060,301,11.3,36.6,870,612,5847,1,138,171,237,66,515,-38.8,28.8,13.9,490,144,67,73.98,124
1992,14-4326,2019,49.1603012,-120.7731018,2030,1.7,10.7,-10,20.8,1060,302,11,35.6,907,572,5939,1,135,173,236,64,534,-39,28.5,13.9,445,107,68,75.52,109
1992,14-4361,2019,49.15879821,-120.7743988,2093,1.4,10.4,-10.2,20.6,1067,303,10.7,34.3,948,526,6052,1,131,174,235,61,560,-39.3,28,13.9,434,100,68,77.95,92
1992,14-4382,2019,49.1646614,-120.7790527,2197,0.9,9.8,-10.6,20.4,1065,302,10.2,32.5,1026,456,6250,0,124,177,234,57,596,-39.7,27.3,13.8,373,91,69,80.76,69
1992,14-4383,2019,49.15822982,-120.7749863,2106,1.3,10.3,-10.3,20.6,1068,304,10.6,34,956,517,6076,1,130,174,235,61,565,-39.3,27.9,13.9,388,99,68,78.43,89
1992,14-4384,2019,49.15280151,-120.7717896,2062,1.5,10.6,-10.2,20.7,1062,301,10.9,35.2,932,550,6000,1,133,173,236,62,550,-39.1,28.3,13.9,440,105,68,76.59,100
1992,14-4385,2019,49.16463088,-120.7775726,2217,0.8,9.7,-10.7,20.4,1068,303,10.1,32.1,1041,444,6286,0,122,177,234,56,603,-39.8,27.1,13.8,370,90,69,81.57,65
1992,14-4386,2019,49.10020828,-120.7596817,2009,1.8,10.9,-10,20.9,940,274,12.5,39.7,904,593,5907,1,137,171,237,66,470,-38.8,28.6,13.9,450,122,68,62.87,117
1992,14-4387,2019,49.09149169,-120.7733994,1955,2.1,11.2,-9.7,21,922,265,13.1,42.4,855,643,5789,3,141,169,238,69,443,-38.5,29.1,13.9,496,162,68,59.25,138
1992,14-4388,2019,49.06903839,-120.7620316,1624,3.6,12.8,-9.2,22.1,782,234,17.3,55,709,910,5258,8,159,161,240,80,294,-37.6,31.2,14.2,565,247,65,36.26,272
1992,14-4573,2019,49.07849884,-120.9320297,1590,3.9,13.1,-8.3,21.5,907,271,15.3,48.5,655,950,5134,10,167,156,245,90,316,-37,31.3,14.1,557,210,66,49.05,293
1992,14-4577,2019,49.14511871,-120.7613602,2052,1.6,10.6,-10.1,20.8,1050,297,11.1,35.9,923,559,5976,1,133,173,236,63,538,-39.1,28.4,13.9,443,109,68,74.9,104
1992,14-4585,2019,49.07535934,-120.7685013,1752,3.1,12.3,-8.9,21.2,813,238,16.2,51.5,729,808,5412,6,153,163,240,77,322,-37.9,30.4,14.1,538,221,65,42.73,216
1992,14-4587,2019,49.0782814,-120.917923,1679,3.5,12.6,-8.6,21.3,903,269,14.9,47.1,693,867,5288,7,160,160,243,84,341,-37.4,30.7,14.1,543,201,66,50.72,248
1992,14-4588,2019,49.0820198,-120.9236526,1792,3,12.1,-8.9,21,916,271,14.1,44.7,750,772,5482,5,154,162,242,80,384,-37.7,30,14,519,182,67,55.22,198
1992,19JCG13,2019,49.11692047,-120.6429367,1080,6,15.8,-8.2,24,649,222,24.7,71,535,1479,4388,41,192,144,247,103,143,-35.6,35,14.4,703,388,62,4.74,612
1992,19JCG15,2019,49.11320114,-120.6441498,1046,6.2,16,-8.1,24.1,655,223,24.8,71.7,524,1519,4333,45,195,143,248,105,141,-35.5,35.3,14.4,712,394,62,4.02,638
1992,19JCG18,2019,49.11236953,-120.6519089,1088,6,15.7,-8.3,24,651,222,24.6,70.9,538,1464,4401,40,192,144,247,103,146,-35.7,35,14.4,701,386,62,5.26,605
1993,MP 291,1976,49.03950881,-120.8720016,1308,3.2,13,-9.3,22.3,834,324,15.8,40,871,971,5380,8,162,133,256,123,345,-37,33.2,14.1,568,124,63,40.12,275
1993,MP 292,1976,49.03998947,-120.8811035,1277,3.3,13.1,-9.4,22.5,845,328,15.7,40,868,996,5347,8,163,132,256,124,345,-36.9,33.4,14.1,573,124,63,40.45,287
1993,MP 293,1976,49.04455947,-120.8516998,1259,3.5,13.2,-9.2,22.4,802,312,16.8,42.4,838,1021,5277,9,164,132,257,125,319,-36.9,33.6,14.2,581,146,63,35.05,300
1993,MP 294,1976,49.11808013,-120.8660965,1402,2.9,12.5,-9.5,22,820,313,15.7,39.9,903,891,5511,6,158,135,255,120,360,-37.2,32.6,14,513,121,64,41.42,235
1993,MP 295,1976,49.11931991,-120.8755035,1353,3,12.7,-9.6,22.3,822,313,15.8,40.7,902,934,5460,7,160,134,256,122,352,-37.1,33,14,523,128,64,40.2,256
1993,MP 296,1976,49.12162017,-120.8731003,1381,2.9,12.6,-9.6,22.2,822,314,15.7,40.1,903,912,5487,7,159,134,256,121,356,-37.1,32.7,14,517,123,64,41.05,244
1993,MP 299,1976,49.04080963,-120.8787003,1311,3.2,13,-9.4,22.3,843,327,15.6,39.6,877,967,5392,8,162,133,256,123,350,-37,33.2,14.1,566,120,64,41.18,272
1993,MP 281,1976,49.10832977,-120.7583008,1921,0.8,10,-10.3,20.2,918,359,11.7,27.8,1128,511,6267,2,131,145,252,107,520,-38.4,29.3,13.8,383,57,67,64.81,86
1993,MP 285,1976,49.07500076,-120.7750015,1481,2.7,12.1,-9.3,21.4,761,291,16.7,41.5,901,836,5574,6,153,137,254,117,346,-37.2,32.1,14.1,508,136,63,36.45,208
1993,MP 286,1976,49.07500076,-120.7750015,1326,3.3,12.8,-9.2,22,736,284,18,45.1,852,967,5362,7,160,134,254,121,304,-36.8,33.1,14.2,574,169,62,29.42,270
1993,MP 287,1976,49.11643981,-120.8702011,1250,3.3,13.2,-9.7,22.9,820,312,16.2,42.3,888,1017,5339,9,164,133,256,123,339,-37,33.7,14.1,579,146,63,37.17,299
1993,MP 288,1976,49.11574935,-120.8669968,1259,3.3,13.2,-9.6,22.8,820,312,16.2,42.1,884,1010,5342,8,163,133,256,123,340,-37,33.6,14.1,577,144,63,37.4,294
1993,MP 289,1976,49.04022979,-120.8937988,1466,2.7,12.2,-9.2,21.4,857,333,14.8,36.6,890,840,5557,6,156,136,256,120,380,-37.2,32.1,14,501,105,64,46.89,212
1993,MP 290,1976,49.03955841,-120.8881989,1353,3.1,12.8,-9.3,22,853,332,15.3,38.5,877,932,5433,7,160,134,256,122,360,-37,32.9,14.1,522,115,64,43.34,255
1993,35079,1979,49.18056106,-120.9610977,770,5.9,15.9,-7.7,23.6,812,304,19.6,52.5,608,1547,4434,42,199,119,269,150,226,-33,36.7,14.1,671,227,63,23.45,639
1993,35179,1979,49.08110809,-120.8127975,1210,3.7,13.4,-9.2,22.6,746,288,18.3,46.5,817,1055,5210,11,165,132,256,125,286,-36.8,33.9,14.2,591,178,62,28.01,319
1993,35379,1979,49.08889007,-120.8139038,1210,3.5,13.3,-9.4,22.7,767,296,17.7,44.9,845,1045,5257,11,165,132,255,123,302,-36.8,33.8,14.2,588,168,62,30.61,312
1993,SK93710,1993,49.21475894,-121.0660627,695,6.5,15.9,-6.1,22,882,311,18.7,51.2,479,1583,4215,43,216,112,279,167,205,-30.2,35.9,13.7,638,193,66,33.86,650
1993,SK93711,1993,49.21441772,-121.0671746,686,6.6,16,-6,22,882,311,18.8,51.4,474,1591,4201,44,217,111,279,167,204,-30.1,35.9,13.7,639,193,66,33.74,655
1993,SK93721,1993,49.21632862,-121.0684733,698,6.5,15.9,-6,21.9,881,310,18.7,51.3,478,1577,4220,43,216,112,278,167,206,-30.2,35.8,13.7,637,192,66,34.02,645
1993,SK93722,1993,49.21739366,-121.0676078,698,6.5,15.9,-6.1,22,882,310,18.7,51.3,480,1577,4223,43,216,112,278,167,206,-30.3,35.8,13.7,637,192,66,34.05,645
1993,SK93734,1993,49.19803638,-120.9928605,869,5.7,15.3,-7.2,22.5,837,305,18.7,50.2,581,1439,4502,32,199,118,271,153,232,-32.6,35.5,13.9,632,194,64,30.68,561
1993,SK93735,1993,49.19748268,-120.9920592,869,5.7,15.3,-7.2,22.5,836,305,18.8,50.3,582,1439,4504,32,199,118,271,153,232,-32.7,35.5,13.9,632,195,64,30.52,560
1993,SK93736,1993,49.20192025,-120.9885846,823,5.9,15.5,-7.1,22.6,827,302,19.2,51.5,565,1483,4439,36,202,117,272,155,222,-32.3,35.7,13.9,639,203,64,28.7,589
1993,00NCc13,2000,49.22752855,-120.9627241,900,5.4,15.2,-7.9,23.2,851,306,18.1,49.9,637,1416,4603,31,194,120,268,148,255,-33.6,35.6,14,637,197,64,31.78,548
1993,00NCe73,2000,49.12286895,-120.8200364,1455,2.5,12.1,-10,22.1,828,317,15.1,38.1,964,828,5655,5,153,137,253,116,384,-37.5,32.2,14,506,113,64,43.7,204
1993,00NCe74,2000,49.12958668,-120.8160951,1620,2,11.4,-9.8,21.1,834,318,14.4,35.7,980,710,5824,4,146,140,253,113,415,-37.8,31.1,14,474,97,65,48.94,154
1993,00NCe75,2000,49.13184343,-120.8212604,1750,1.7,10.8,-9.4,20.2,833,317,14,34,980,628,5931,3,142,141,253,112,429,-37.9,30.3,13.9,450,86,65,51.97,124
1993,00NCe76,2000,49.12956482,-120.8230328,1665,1.9,11.2,-9.6,20.8,828,317,14.4,35.3,974,683,5851,4,145,140,253,113,412,-37.8,30.9,13.9,466,94,65,49.42,144
1993,00NCe77,2000,49.06956013,-120.905716,1470,2.7,12.2,-9.3,21.5,863,331,14.7,36.9,906,843,5573,6,156,136,256,120,384,-37.2,32.2,14,500,106,64,47.58,213
1993,00NCe78,2000,49.08614425,-120.9258513,1840,1.4,10.5,-9.6,20.1,892,335,12.7,31.4,1031,581,6058,3,142,140,256,115,466,-37.7,29.7,13.7,387,71,67,60.65,109
1993,00NCe79,2000,49.08811762,-120.9446303,1790,1.6,10.8,-9.5,20.3,912,340,12.7,31.8,993,620,5960,3,147,138,257,119,465,-37.4,30,13.7,432,72,67,61.77,123
1993,00NCe82,2000,49.04462405,-120.9646257,1810,1.5,10.7,-9.4,20.1,945,358,12.2,29.9,1006,605,5996,3,144,139,256,117,484,-37.4,30,13.7,431,63,67,65.28,117
1993,00NCe83,2000,49.0409285,-120.9723988,1800,1.6,10.8,-9.4,20.1,959,362,12.1,29.8,996,613,5974,3,146,139,257,118,489,-37.3,30,13.7,432,61,68,66.51,120
1993,00NCe84,2000,49.04042506,-120.9724193,685,7.2,16.7,-5.5,22.2,957,361,17.9,46.1,427,1728,3996,58,215,109,281,172,195,-32.2,36.1,14,680,160,62,36.6,748
1993,00NCe85,2000,49.03686803,-120.9645592,1705,2,11.3,-9,20.3,946,358,12.7,31.5,935,686,5808,4,152,136,258,122,460,-37,30.6,13.8,448,70,67,62.8,147
1993,00NCe86,2000,49.04063959,-120.9800327,1745,1.9,11.1,-9.2,20.2,961,362,12.3,30.6,958,656,5873,4,149,137,258,120,476,-37,30.3,13.8,441,65,67,65.31,135
1993,00NCe87,2000,49.03145849,-120.9420956,1820,1.4,10.6,-9.5,20.2,879,337,13,31.6,1023,593,6032,3,142,140,255,115,455,-37.5,30,13.8,392,72,67,58.86,113
1993,00NCe89,2000,49.05549669,-120.9155332,1725,1.9,11.1,-9.2,20.3,864,332,13.8,33.4,952,665,5852,4,147,139,256,118,424,-37.4,30.5,13.9,451,83,66,54.51,138
1993,00NCe90,2000,49.06442921,-120.8922135,1325,3.1,12.9,-9.5,22.3,856,332,15.3,38.7,892,952,5427,7,161,134,256,122,360,-37,33.1,14.1,528,119,64,43.07,265
1993,00NCe91,2000,49.11667802,-120.8651929,1450,2.7,12.3,-9.5,21.7,820,312,15.5,39.3,910,852,5567,6,156,136,255,120,367,-37.3,32.3,14,504,115,64,42.71,217
1993,00NCe92,2000,49.12229155,-120.8690776,1665,2,11.3,-9.5,20.8,823,314,14.5,35.8,965,693,5830,4,147,139,255,116,401,-37.6,30.8,13.9,463,94,65,49.12,148
1993,00NCe93,2000,49.13832844,-120.8485222,1615,2.1,11.5,-9.7,21.1,838,323,14.4,35.6,969,726,5791,4,149,138,255,116,401,-37.6,31.1,13.9,472,95,65,49.3,161
1993,00NCe94,2000,49.1422333,-120.8451718,1565,2.2,11.7,-9.9,21.5,839,323,14.5,36.1,975,757,5758,5,150,138,254,116,395,-37.5,31.4,13.9,482,99,65,48.04,174
1993,00NCe95,2000,49.12585389,-120.8366702,1540,2.3,11.8,-9.6,21.4,818,314,15.1,37.4,941,773,5698,5,151,138,254,116,381,-37.6,31.7,14,489,106,64,45.04,181
1993,114791,2007,49.1638298,-120.7723007,2225,-0.7,8.3,-11.5,19.8,1029,388,9,21.3,1355,330,6822,0,109,152,247,94,659,-39.7,27.1,13.6,333,22,69,83.5,41
1993,114792,2007,49.16588973,-120.7787018,2225,-0.8,8.2,-11.6,19.8,1035,390,8.9,21.2,1360,328,6833,0,108,153,246,93,663,-39.8,27.1,13.6,333,21,69,84.2,40
1993,114793,2007,49.16717147,-120.7802963,2200,-0.6,8.4,-11.5,19.8,1030,388,9.1,21.6,1338,340,6784,0,110,152,246,94,652,-39.7,27.3,13.6,337,23,69,83.06,43
1993,114794,2007,49.16852951,-120.7815018,2145,-0.4,8.7,-11.2,19.9,1019,384,9.5,22.6,1293,369,6680,1,114,151,247,96,629,-39.5,27.6,13.6,346,27,68,80.68,49
1993,114795,2007,49.16878128,-120.781601,2140,-0.3,8.7,-11.2,19.9,1017,384,9.5,22.7,1289,372,6671,1,114,151,247,96,626,-39.5,27.7,13.6,347,27,68,80.41,50
1993,114796,2007,49.17169952,-120.7848969,2100,-0.1,8.9,-11.1,20,1001,379,9.9,23.6,1262,394,6601,1,117,150,248,98,604,-39.3,28,13.7,353,31,68,77.79,55
1993,114797,2007,49.17219924,-120.7894974,2125,-0.3,8.8,-11.1,20,998,377,9.8,23.4,1280,381,6644,1,115,151,247,97,609,-39.4,27.8,13.6,350,30,68,78.09,52
1993,12-1929,2015,49.20005416,-120.9982758,906,5.5,15.2,-7.3,22.5,849,310,18.3,49.1,595,1411,4556,31,197,119,271,152,243,-32.6,35.4,13.9,627,185,65,32.54,542
1993,02-3085,2019,49.14056015,-120.7638931,2044,0.2,9.3,-10.8,20.1,1008,382,10.1,24.3,1218,429,6493,1,121,149,249,100,604,-39,28.4,13.7,364,35,67,76.95,64
1993,02-3087,2019,49.1199913,-120.752121,1874,1,10.2,-10.1,20.3,928,360,11.9,28.4,1089,546,6171,3,134,144,252,108,515,-38.3,29.6,13.8,392,61,66,64.47,97
1993,02-3088,2019,49.13434982,-120.7645264,1928,0.8,9.9,-10.3,20.3,973,371,11.1,26.8,1132,507,6276,2,130,146,251,105,554,-38.5,29.3,13.8,383,51,67,70.33,85
1993,02-3089,2019,49.14989852,-120.7567673,2136,-0.3,8.8,-11.2,20,1010,382,9.6,23,1289,377,6662,1,114,151,248,97,629,-39.4,27.8,13.6,349,30,68,79.46,51
1993,02-3090,2019,49.1461296,-120.7544632,2119,-0.2,8.9,-11.1,20,1011,383,9.7,23.1,1275,386,6631,1,116,151,248,97,625,-39.3,27.9,13.7,352,31,68,79.13,53
1993,12-2000,2019,49.13544082,-120.7637634,1954,0.6,9.8,-10.4,20.2,980,373,10.8,26.2,1151,489,6325,1,128,146,251,104,565,-38.7,29.1,13.8,378,47,67,71.8,80
1993,12-9554,2019,49.0820198,-120.9237823,1792,1.5,10.7,-9.5,20.3,887,335,13,32.1,1009,610,5991,3,144,140,255,116,454,-37.7,30,13.8,437,76,67,58.97,119
1993,12-9555,2019,49.16053009,-120.76474,1876,1,10.2,-10.1,20.3,1003,382,11,26.6,1092,541,6181,2,134,144,252,107,553,-38.4,29.5,13.8,390,48,66,72.16,95
1993,14-4318,2019,49.10192108,-120.7574768,1956,0.6,9.8,-10.4,20.2,912,355,11.6,27.5,1155,485,6336,1,128,146,251,105,527,-38.6,29,13.7,377,54,67,65.29,79
1993,14-4319,2019,49.10179138,-120.7552795,1890,0.9,10.1,-10.1,20.2,911,354,12,28.5,1103,530,6211,2,133,144,252,108,511,-38.3,29.5,13.8,387,60,67,63.41,92
1993,14-4320,2019,49.07690048,-120.7710724,1815,1.4,10.5,-9.6,20.1,817,310,13.9,34,1031,589,6046,3,138,142,253,111,441,-38.1,30,13.9,401,83,66,51.87,111
1993,14-4323,2019,49.16270065,-120.7649994,1994,0.4,9.5,-10.6,20.1,999,380,10.4,25.1,1175,463,6391,1,126,147,250,103,579,-38.8,28.7,13.7,370,38,67,74.87,73
1993,14-4324,2019,49.16270065,-120.7649002,1988,0.5,9.6,-10.5,20.1,998,380,10.5,25.2,1171,467,6380,1,126,147,250,104,577,-38.8,28.8,13.7,371,39,67,74.63,74
1993,14-4325,2019,49.15930175,-120.7705002,1981,0.5,9.6,-10.6,20.2,1026,389,10.2,24.7,1169,467,6378,1,126,147,250,103,593,-38.8,28.8,13.7,372,37,67,77.3,74
1993,14-4326,2019,49.1603012,-120.7731018,2030,0.2,9.3,-10.8,20.1,1027,389,10,24,1205,435,6469,1,122,148,249,101,606,-39,28.5,13.7,364,33,67,78.74,65
1993,14-4361,2019,49.15879821,-120.7743988,2093,-0.1,9,-11,19.9,1033,391,9.6,23,1251,398,6582,1,118,150,248,98,626,-39.3,28,13.7,354,29,68,80.88,56
1993,14-4382,2019,49.1646614,-120.7790527,2197,-0.6,8.4,-11.4,19.8,1033,389,9.1,21.6,1336,341,6779,0,110,152,247,94,654,-39.7,27.3,13.6,337,23,69,83.4,43
1993,14-4383,2019,49.15822982,-120.7749863,2106,-0.1,8.9,-11,19.9,1034,391,9.5,22.8,1260,390,6605,1,117,150,248,98,630,-39.3,27.9,13.7,352,29,68,81.3,54
1993,14-4384,2019,49.15280151,-120.7717896,2062,0.1,9.1,-10.9,20,1027,388,9.8,23.6,1232,416,6530,1,120,149,249,100,617,-39.1,28.3,13.7,359,32,68,79.46,61
1993,14-4385,2019,49.16463088,-120.7775726,2217,-0.7,8.3,-11.5,19.8,1035,390,9,21.3,1352,332,6816,0,108,153,246,94,661,-39.8,27.1,13.6,334,22,69,84.04,41
1993,14-4386,2019,49.10020828,-120.7596817,2009,0.3,9.5,-10.6,20.1,911,353,11.3,26.8,1196,450,6436,1,124,147,250,103,540,-38.8,28.6,13.7,368,50,68,66.52,69
1993,14-4387,2019,49.09149169,-120.7733994,1955,0.6,9.8,-10.3,20.1,894,340,11.9,28.9,1146,492,6316,1,129,145,252,106,519,-38.5,29.1,13.7,378,60,67,63.21,81
1993,14-4388,2019,49.06903839,-120.7620316,1624,2.1,11.4,-9.5,20.9,771,297,15.7,38.5,958,723,5785,4,147,139,254,116,376,-37.6,31.2,14,478,110,65,42.14,160
1993,14-4573,2019,49.07849884,-120.9320297,1590,2.5,11.8,-8.9,20.6,880,334,14.2,35.2,883,770,5642,5,156,135,259,124,406,-37,31.3,13.9,471,92,65,52.87,181
1993,14-4577,2019,49.14511871,-120.7613602,2052,0.1,9.2,-10.8,20.1,1013,383,10,24.1,1222,424,6507,1,121,149,249,100,608,-39.1,28.4,13.7,362,34,67,77.68,62
1993,14-4585,2019,49.07535934,-120.7685013,1752,1.7,10.8,-9.4,20.2,799,304,14.6,35.7,990,634,5938,3,142,141,254,113,417,-37.9,30.4,13.9,454,91,65,48.33,126
1993,14-4587,2019,49.0782814,-120.917923,1679,2.1,11.3,-9.1,20.4,876,333,13.8,33.9,937,694,5797,4,149,138,256,119,423,-37.4,30.7,13.9,458,86,65,54.68,149
1993,14-4588,2019,49.0820198,-120.9236526,1792,1.5,10.7,-9.5,20.3,887,335,13,32.1,1008,611,5991,3,144,140,255,116,454,-37.7,30,13.8,437,76,67,58.96,119
1993,19JCG13,2019,49.11692047,-120.6429367,1080,4.5,14.4,-8.6,23,644,286,22.6,50.3,725,1244,4904,21,177,127,261,134,213,-35.6,35,14.2,625,209,61,12.99,435
1993,19JCG15,2019,49.11320114,-120.6441498,1046,4.7,14.6,-8.5,23.1,649,286,22.7,50.9,710,1280,4847,23,179,126,262,136,210,-35.5,35.3,14.3,633,214,61,12.42,460
1993,19JCG18,2019,49.11236953,-120.6519089,1088,4.5,14.3,-8.6,22.9,646,285,22.5,50.3,728,1235,4917,21,176,127,261,134,215,-35.7,35,14.3,623,208,61,13.44,429
1994,MP 291,1976,49.03950881,-120.8720016,1308,4.2,15.6,-6.7,22.2,1010,183,14,84.9,751,1174,5038,26,167,148,269,121,349,-37,33.2,14.4,622,313,64,51.33,449
1994,MP 292,1976,49.03998947,-120.8811035,1277,4.3,15.7,-6.7,22.4,1023,186,13.9,84.5,749,1197,5010,27,168,147,269,122,352,-36.9,33.4,14.4,628,314,64,51.89,464
1994,MP 293,1976,49.04455947,-120.8516998,1259,4.4,15.9,-6.3,22.2,970,176,14.9,90.2,719,1224,4943,29,169,146,269,123,320,-36.9,33.6,14.4,636,331,63,45.27,481
1994,MP 294,1976,49.11808013,-120.8660965,1402,3.9,15.1,-6.5,21.6,994,179,13.9,84.4,768,1098,5150,20,163,150,268,118,363,-37.2,32.6,14.3,601,301,64,52.48,405
1994,MP 295,1976,49.11931991,-120.8755035,1353,4,15.3,-6.7,22,996,180,14,85.5,769,1139,5103,22,165,149,268,119,361,-37.1,33,14.3,611,309,64,51.25,429
1994,MP 296,1976,49.12162017,-120.8731003,1381,3.9,15.2,-6.6,21.8,996,180,14,84.6,769,1117,5128,21,164,149,268,119,363,-37.1,32.7,14.3,605,304,64,52.06,416
1994,MP 299,1976,49.04080963,-120.8787003,1311,4.1,15.5,-6.7,22.3,1021,185,13.9,83.9,757,1169,5051,25,167,148,269,121,356,-37,33.2,14.4,621,309,64,52.6,446
1994,MP 281,1976,49.10832977,-120.7583008,1921,1.8,12.5,-7.2,19.6,1131,201,10.5,61.9,958,714,5877,6,137,165,266,101,546,-38.4,29.3,14.1,471,201,67,79.13,194
1994,MP 285,1976,49.07500076,-120.7750015,1481,3.7,14.8,-6,20.9,934,163,14.7,90.8,765,1045,5201,18,159,153,267,114,345,-37.2,32.1,14.4,596,312,64,47.28,376
1994,MP 286,1976,49.07500076,-120.7750015,1326,4.3,15.7,-6,21.6,902,159,15.8,98.2,722,1178,4996,26,166,149,267,118,305,-36.8,33.1,14.5,629,342,63,39.31,450
1994,MP 287,1976,49.11643981,-120.8702011,1250,4.3,15.9,-6.9,22.8,995,179,14.4,88.6,757,1221,4996,29,169,146,268,122,349,-37,33.7,14.4,633,327,64,48.07,479
1994,MP 288,1976,49.11574935,-120.8669968,1259,4.3,15.8,-6.8,22.7,995,179,14.4,88.4,752,1213,4998,29,169,147,268,121,349,-37,33.6,14.4,632,325,64,48.3,474
1994,MP 289,1976,49.04022979,-120.8937988,1466,3.7,14.7,-6.2,20.9,1037,189,13.2,78,769,1040,5213,17,160,152,268,117,377,-37.2,32.1,14.3,588,280,64,58.69,374
1994,MP 290,1976,49.03955841,-120.8881989,1353,4,15.3,-6.5,21.8,1032,188,13.6,81.6,757,1134,5092,22,165,149,268,120,363,-37,32.9,14.3,611,300,64,55.03,425
1994,35079,1979,49.18056106,-120.9610977,770,6.9,18.6,-4.4,23,984,178,17.2,104.5,498,1753,4128,100,208,126,278,152,234,-33,36.7,14.3,736,409,64,32.63,832
1994,35179,1979,49.08110809,-120.8127975,1210,4.7,16.1,-6.2,22.3,905,163,16.2,98.9,692,1262,4867,33,171,145,268,123,291,-36.8,33.9,14.5,647,352,62,37.22,505
1994,35379,1979,49.08889007,-120.8139038,1210,4.6,16.1,-6.3,22.4,929,168,15.7,95.9,717,1252,4908,31,171,146,268,122,306,-36.8,33.8,14.4,644,346,63,40.07,497
1994,SK93710,1993,49.21475894,-121.0660627,695,7.4,18.4,-2.5,20.9,1071,190,16.3,97.1,381,1778,3921,97,228,118,286,169,188,-30.2,35.9,13.9,702,368,67,45.47,837
1994,SK93711,1993,49.21441772,-121.0671746,686,7.5,18.4,-2.4,20.9,1071,189,16.3,97.3,377,1786,3908,98,229,117,287,169,186,-30.1,35.9,13.9,703,369,67,45.36,843
1994,SK93721,1993,49.21632862,-121.0684733,698,7.4,18.4,-2.5,20.8,1071,189,16.3,97.2,380,1772,3925,96,228,118,286,169,188,-30.2,35.8,13.9,700,367,67,45.69,832
1994,SK93722,1993,49.21739366,-121.0676078,698,7.4,18.4,-2.5,20.9,1071,189,16.3,97.1,382,1772,3928,96,228,118,286,169,190,-30.3,35.8,13.9,701,367,67,45.73,832
1994,SK93734,1993,49.19803638,-120.9928605,869,6.7,17.9,-3.7,21.6,1012,182,16.5,98.7,472,1643,4190,77,209,126,280,154,226,-32.6,35.5,14.2,697,368,65,40.7,748
1994,SK93735,1993,49.19748268,-120.9920592,869,6.6,17.9,-3.7,21.6,1011,181,16.5,98.9,473,1642,4192,76,209,126,280,154,226,-32.7,35.5,14.2,697,369,65,40.56,748
1994,SK93736,1993,49.20192025,-120.9885846,823,6.8,18.1,-3.5,21.6,996,180,16.9,101,456,1684,4123,84,212,124,281,157,213,-32.3,35.7,14.1,703,377,65,38.16,778
1994,00NCc13,2000,49.22752855,-120.9627241,900,6.4,17.9,-4.3,22.2,1033,183,15.9,98.1,520,1621,4279,75,202,129,278,149,256,-33.6,35.6,14.3,701,370,64,42.41,737
1994,00NCe73,2000,49.12286895,-120.8200364,1455,3.5,14.7,-7,21.7,1010,181,13.4,81.6,818,1035,5280,17,158,153,266,113,397,-37.5,32.2,14.3,592,293,65,55.48,371
1994,00NCe74,2000,49.12958668,-120.8160951,1620,3,13.9,-6.5,20.4,1019,181,12.8,76.8,830,917,5443,12,151,157,266,110,420,-37.8,31.1,14.2,524,266,65,60.69,306
1994,00NCe75,2000,49.13184343,-120.8212604,1750,2.7,13.3,-6.3,19.6,1018,182,12.5,73.4,830,835,5546,9,147,159,267,108,429,-37.9,30.3,14.2,500,245,65,63.55,260
1994,00NCe76,2000,49.12956482,-120.8230328,1665,3,13.7,-6.3,20,1011,181,12.8,75.9,826,890,5470,11,150,157,267,109,416,-37.8,30.9,14.2,516,258,65,60.85,291
1994,00NCe77,2000,49.06956013,-120.905716,1470,3.6,14.7,-6.4,21.1,1047,189,13,77.7,781,1042,5225,17,161,151,269,117,388,-37.2,32.2,14.3,587,279,65,59.73,376
1994,00NCe78,2000,49.08614425,-120.9258513,1840,2.3,12.8,-6.7,19.5,1085,193,11.3,66.6,889,777,5705,8,146,159,269,110,478,-37.7,29.7,14,476,214,68,73.44,228
1994,00NCe79,2000,49.08811762,-120.9446303,1790,2.6,13,-6.4,19.4,1112,196,11.3,66.7,856,816,5606,9,150,156,270,114,475,-37.4,30,14,481,214,68,75.43,249
1994,00NCe82,2000,49.04462405,-120.9646257,1810,2.4,13,-6.5,19.5,1149,205,10.8,63.3,875,798,5658,8,148,158,269,111,496,-37.4,30,14,480,204,68,79.34,239
1994,00NCe83,2000,49.0409285,-120.9723988,1800,2.5,13,-6.5,19.5,1167,207,10.7,62.8,867,806,5632,9,149,157,269,112,501,-37.3,30,14,481,202,68,81.01,243
1994,00NCe84,2000,49.04042506,-120.9724193,685,8.1,19.1,-2.1,21.2,1165,207,15.5,92.4,339,1930,3733,127,224,114,287,173,174,-32.2,36.1,14.3,735,364,62,49.46,939
1994,00NCe85,2000,49.03686803,-120.9645592,1705,3,13.5,-6.1,19.6,1152,205,11.2,66.1,813,880,5470,11,155,154,271,117,463,-37,30.6,14,497,219,67,77.23,285
1994,00NCe86,2000,49.04063959,-120.9800327,1745,2.8,13.3,-6.2,19.5,1171,207,10.9,64.2,834,849,5535,10,153,155,270,115,484,-37,30.3,14,490,210,68,80.1,267
1994,00NCe87,2000,49.03145849,-120.9420956,1820,2.3,12.9,-6.6,19.5,1066,192,11.6,67.2,890,788,5691,8,146,159,268,110,463,-37.5,30,14,481,218,68,70.99,234
1994,00NCe89,2000,49.05549669,-120.9155332,1725,2.9,13.5,-6.2,19.7,1047,190,12.3,71.1,823,864,5502,10,151,156,269,113,422,-37.4,30.5,14.1,501,237,66,66.43,276
1994,00NCe90,2000,49.06442921,-120.8922135,1325,4,15.5,-6.8,22.2,1037,189,13.5,81.9,768,1154,5083,24,166,148,268,120,369,-37,33.1,14.3,616,304,64,54.74,437
1994,00NCe91,2000,49.11667802,-120.8651929,1450,3.7,14.9,-6.4,21.3,994,179,13.8,83.1,775,1055,5203,18,161,151,268,117,369,-37.3,32.3,14.3,591,293,64,53.8,383
1994,00NCe92,2000,49.12229155,-120.8690776,1665,3,13.8,-6.2,20,997,180,13,76.6,823,897,5461,11,152,156,268,112,404,-37.6,30.8,14.2,513,257,66,59.87,295
1994,00NCe93,2000,49.13832844,-120.8485222,1615,3.1,14,-6.3,20.3,1013,185,12.9,76,822,931,5416,13,154,155,268,112,407,-37.6,31.1,14.2,522,260,65,60.22,316
1994,00NCe94,2000,49.1422333,-120.8451718,1565,3.2,14.3,-6.6,20.9,1014,185,13,77,826,963,5380,14,155,155,267,113,405,-37.5,31.4,14.2,532,268,65,59,333
1994,00NCe95,2000,49.12585389,-120.8366702,1540,3.4,14.4,-6.4,20.7,993,179,13.5,80,798,980,5322,14,156,154,267,113,384,-37.6,31.7,14.3,575,280,65,55.92,341
1994,114791,2007,49.1638298,-120.7723007,2225,0.3,10.6,-8.5,19.1,1272,221,8.1,48,1171,499,6424,2,118,174,263,89,714,-39.7,27.1,13.9,354,134,69,101.1,95
1994,114792,2007,49.16588973,-120.7787018,2225,0.3,10.5,-8.6,19.1,1281,222,8,47.4,1175,494,6435,2,117,174,262,88,721,-39.8,27.1,13.9,354,133,69,101.97,93
1994,114793,2007,49.16717147,-120.7802963,2200,0.4,10.7,-8.5,19.2,1272,221,8.2,48.3,1153,510,6387,2,118,174,262,89,707,-39.7,27.3,13.9,358,137,69,100.51,99
1994,114794,2007,49.16852951,-120.7815018,2145,0.7,11,-8.2,19.2,1256,220,8.5,50.2,1108,546,6283,2,122,172,263,91,679,-39.5,27.6,13.9,429,147,68,97.48,113
1994,114795,2007,49.16878128,-120.781601,2140,0.7,11.1,-8.2,19.2,1254,219,8.6,50.4,1104,550,6273,3,122,172,263,91,676,-39.5,27.7,13.9,430,148,68,97.13,115
1994,114796,2007,49.17169952,-120.7848969,2100,0.9,11.3,-8,19.3,1230,216,8.9,52.3,1077,578,6203,3,125,171,263,93,650,-39.3,28,13.9,437,158,68,93.67,127
1994,114797,2007,49.17219924,-120.7894974,2125,0.8,11.2,-8.1,19.3,1226,215,8.8,51.9,1096,562,6248,3,123,171,263,92,656,-39.4,27.8,13.9,433,156,68,93.86,120
1994,12-1929,2015,49.20005416,-120.9982758,906,6.5,17.8,-3.8,21.5,1025,185,16.1,96.3,487,1614,4238,72,207,128,280,153,236,-32.6,35.4,14.2,691,361,65,42.78,729
1994,02-3085,2019,49.14056015,-120.7638931,2044,1.2,11.7,-7.7,19.4,1251,216,9,54.1,1037,621,6098,5,128,169,264,95,646,-39,28.4,14,449,168,68,94.25,147
1994,02-3087,2019,49.1199913,-120.752121,1874,2.1,12.7,-6.9,19.7,1144,203,10.6,62.9,921,753,5777,7,140,163,266,103,533,-38.3,29.6,14.1,482,208,67,78.94,215
1994,02-3088,2019,49.13434982,-120.7645264,1928,1.8,12.4,-7.2,19.6,1204,209,9.8,59.1,959,709,5882,6,136,165,266,100,581,-38.5,29.3,14.1,471,193,67,86.52,191
1994,02-3089,2019,49.14989852,-120.7567673,2136,0.8,11.1,-8.2,19.3,1254,217,8.6,51.4,1104,558,6263,3,122,172,263,91,678,-39.4,27.8,13.9,433,153,68,96.77,118
1994,02-3090,2019,49.1461296,-120.7544632,2119,0.9,11.2,-8.1,19.3,1254,217,8.7,51.8,1090,569,6232,3,123,172,263,92,671,-39.3,27.9,14,435,156,68,96.33,123
1994,12-2000,2019,49.13544082,-120.7637634,1954,1.7,12.2,-7.3,19.6,1214,211,9.6,58,973,689,5930,6,134,166,265,99,595,-38.7,29.1,14.1,466,187,67,88.22,180
1994,12-9554,2019,49.0820198,-120.9237823,1792,2.5,13.1,-6.5,19.6,1078,192,11.6,68,870,808,5634,9,148,158,269,111,463,-37.7,30,14,486,222,67,71.56,244
1994,12-9555,2019,49.16053009,-120.76474,1876,2.1,12.7,-6.9,19.6,1238,217,9.8,58.3,920,747,5781,7,139,164,266,103,576,-38.4,29.5,14.1,479,192,66,88.6,211
1994,14-4318,2019,49.10192108,-120.7574768,1956,1.6,12.2,-7.3,19.6,1126,199,10.3,61.4,981,685,5947,6,134,166,266,100,556,-38.6,29,14,464,197,67,79.65,179
1994,14-4319,2019,49.10179138,-120.7552795,1890,2,12.6,-7,19.6,1123,199,10.7,63.4,937,735,5821,7,138,164,266,103,532,-38.3,29.5,14.1,476,208,67,77.64,205
1994,14-4320,2019,49.07690048,-120.7710724,1815,2.4,13.1,-6.6,19.7,1009,174,12.3,75.2,878,797,5660,8,143,161,267,106,446,-38.1,30,14.2,492,246,66,64.04,239
1994,14-4323,2019,49.16270065,-120.7649994,1994,1.5,12,-7.5,19.5,1232,216,9.3,55.5,992,661,5991,5,132,167,265,98,613,-38.8,28.7,14,457,174,67,91.18,166
1994,14-4324,2019,49.16270065,-120.7649002,1988,1.6,12,-7.4,19.5,1231,216,9.4,55.7,988,665,5980,5,133,167,265,98,610,-38.8,28.8,14,458,175,67,90.91,168
1994,14-4325,2019,49.15930175,-120.7705002,1981,1.6,12,-7.4,19.4,1269,221,9.1,54.4,987,665,5980,5,132,167,265,98,629,-38.8,28.8,14,459,171,67,94.58,168
1994,14-4326,2019,49.1603012,-120.7731018,2030,1.3,11.7,-7.7,19.4,1270,221,8.9,53,1022,627,6071,5,129,169,264,96,647,-39,28.5,14,450,163,68,96,149
1994,14-4361,2019,49.15879821,-120.7743988,2093,1,11.3,-7.9,19.3,1278,222,8.6,51.1,1067,582,6185,3,125,171,264,93,672,-39.3,28,14,438,153,68,98.33,129
1994,14-4382,2019,49.1646614,-120.7790527,2197,0.5,10.7,-8.5,19.2,1278,222,8.2,48.3,1152,512,6382,2,119,174,263,89,709,-39.7,27.3,13.9,359,137,69,101.04,99
1994,14-4383,2019,49.15822982,-120.7749863,2106,0.9,11.3,-8,19.3,1279,222,8.5,50.7,1076,573,6209,3,124,171,264,93,677,-39.3,27.9,14,436,151,68,98.79,125
1994,14-4384,2019,49.15280151,-120.7717896,2062,1.1,11.5,-7.8,19.4,1272,220,8.8,52.5,1050,605,6134,4,127,170,264,94,661,-39.1,28.3,14,444,160,68,96.95,139
1994,14-4385,2019,49.16463088,-120.7775726,2217,0.4,10.6,-8.5,19.1,1281,222,8.1,47.7,1168,500,6419,2,117,174,262,88,718,-39.8,27.1,13.9,356,134,69,101.81,95
1994,14-4386,2019,49.10020828,-120.7596817,2009,1.4,11.9,-7.6,19.5,1125,199,10.1,60,1023,646,6048,5,131,168,265,97,573,-38.8,28.6,14,454,190,68,80.94,159
1994,14-4387,2019,49.09149169,-120.7733994,1955,1.7,12.3,-7.3,19.6,1105,192,10.6,64.1,977,693,5932,6,135,165,266,101,541,-38.5,29.1,14,465,206,68,77.35,183
1994,14-4388,2019,49.06903839,-120.7620316,1624,3.1,14.1,-6.2,20.3,950,167,13.8,84.1,815,933,5406,13,152,156,268,111,378,-37.6,31.2,14.3,529,283,65,53.28,316
1994,14-4573,2019,49.07849884,-120.9320297,1590,3.4,14.1,-5.7,19.8,1068,192,12.6,73.7,762,967,5293,14,160,151,271,120,401,-37,31.3,14.1,521,251,66,65.65,334
1994,14-4577,2019,49.14511871,-120.7613602,2052,1.2,11.6,-7.8,19.4,1256,217,8.9,53.6,1039,615,6110,5,128,170,264,95,650,-39.1,28.4,14,448,166,68,95,144
1994,14-4585,2019,49.07535934,-120.7685013,1752,2.7,13.4,-6.4,19.8,986,171,12.9,78.7,842,843,5555,10,147,159,267,108,417,-37.9,30.4,14.2,504,259,65,60.04,265
1994,14-4587,2019,49.0782814,-120.917923,1679,3,13.7,-6.1,19.8,1064,190,12.2,71.8,806,893,5444,11,153,155,269,114,422,-37.4,30.7,14.1,508,242,66,67.12,292
1994,14-4588,2019,49.0820198,-120.9236526,1792,2.5,13.1,-6.5,19.6,1078,192,11.6,68,870,808,5634,9,148,158,269,111,463,-37.7,30,14,486,222,67,71.55,245
1994,19JCG13,2019,49.11692047,-120.6429367,1080,5.7,17.3,-5,22.4,743,161,21.1,107.8,595,1473,4532,55,184,138,272,134,200,-35.6,35,14.6,684,390,62,14.83,640
1994,19JCG15,2019,49.11320114,-120.6441498,1046,5.8,17.5,-5,22.5,750,161,21.1,108.8,582,1510,4470,59,186,137,273,135,197,-35.5,35.3,14.6,692,396,61,14.29,664
1994,19JCG18,2019,49.11236953,-120.6519089,1088,5.6,17.2,-5.1,22.3,747,160,20.9,107.7,599,1463,4547,53,184,139,272,134,203,-35.7,35,14.6,682,389,62,15.57,633
1995,MP 291,1976,49.03950881,-120.8720016,1308,3.8,13.7,-6.7,20.4,1170,208,11.8,65.7,710,1018,5166,15,160,154,271,116,504,-37,33.2,14.2,555,272,64,71.63,333
1995,MP 292,1976,49.03998947,-120.8811035,1277,3.9,13.8,-6.7,20.6,1184,211,11.8,65.6,706,1040,5135,15,162,154,271,117,506,-36.9,33.4,14.2,560,274,64,72.44,347
1995,MP 293,1976,49.04455947,-120.8516998,1259,4.1,14,-6.4,20.4,1123,200,12.6,69.9,678,1064,5071,16,162,153,271,118,464,-36.9,33.6,14.3,567,293,63,65.2,362
1995,MP 294,1976,49.11808013,-120.8660965,1402,3.5,13.2,-6.6,19.8,1158,202,11.7,65.3,736,946,5282,12,156,156,270,114,512,-37.2,32.6,14.1,536,264,65,72.95,290
1995,MP 295,1976,49.11931991,-120.8755035,1353,3.7,13.4,-6.8,20.2,1159,202,11.8,66.4,735,986,5235,13,159,155,270,115,506,-37.1,33,14.1,546,273,65,71.74,314
1995,MP 296,1976,49.12162017,-120.8731003,1381,3.6,13.3,-6.7,20,1159,203,11.7,65.6,735,965,5260,13,158,155,270,115,509,-37.1,32.7,14.1,540,267,65,72.51,301
1995,MP 299,1976,49.04080963,-120.8787003,1311,3.8,13.7,-6.8,20.4,1181,210,11.7,65,715,1013,5178,14,160,154,271,116,512,-37,33.2,14.2,553,269,64,73.02,331
1995,MP 281,1976,49.10832977,-120.7583008,1921,1.5,10.4,-6.8,17.3,1318,229,8.7,45.5,966,570,6032,4,130,166,268,101,735,-38.4,29.3,13.9,400,151,68,102.4,112
1995,MP 285,1976,49.07500076,-120.7750015,1481,3.3,12.8,-6.2,19,1084,185,12.3,69.4,734,891,5348,9,152,158,269,111,489,-37.2,32.1,14.2,529,273,64,66.58,259
1995,MP 286,1976,49.07500076,-120.7750015,1326,3.9,13.7,-6.1,19.7,1045,180,13.3,75.8,685,1014,5138,14,159,154,269,114,433,-36.8,33.1,14.3,560,307,63,58.31,329
1995,MP 287,1976,49.11643981,-120.8702011,1250,4,14,-7,21,1158,202,12.1,69.1,720,1064,5125,16,162,153,270,117,491,-37,33.7,14.2,566,293,64,68.98,361
1995,MP 288,1976,49.11574935,-120.8669968,1259,4,13.9,-6.9,20.9,1159,202,12,68.9,716,1056,5129,16,162,153,270,116,490,-37,33.6,14.2,564,291,64,69.25,357
1995,MP 289,1976,49.04022979,-120.8937988,1466,3.4,12.9,-6.2,19.1,1199,215,11.1,60,731,895,5341,9,154,157,270,113,544,-37.2,32.1,14.1,523,236,65,78.87,262
1995,MP 290,1976,49.03955841,-120.8881989,1353,3.7,13.5,-6.5,20,1194,213,11.5,63.1,716,981,5217,13,159,155,270,115,523,-37,32.9,14.2,545,258,64,75.4,311
1995,35079,1979,49.18056106,-120.9610977,770,6.6,16.8,-4.4,21.2,1150,200,14.4,84,460,1589,4217,58,202,137,279,143,321,-33,36.7,14.2,724,387,64,54.67,709
1995,35179,1979,49.08110809,-120.8127975,1210,4.3,14.2,-6.3,20.4,1048,184,13.7,76.9,655,1099,5000,18,164,152,270,118,415,-36.8,33.9,14.3,612,319,63,56.26,382
1995,35379,1979,49.08889007,-120.8139038,1210,4.2,14.1,-6.4,20.6,1079,190,13.2,74.5,678,1088,5042,17,164,152,269,117,438,-36.8,33.8,14.3,574,311,63,59.85,375
1995,SK93710,1993,49.21475894,-121.0660627,695,7.2,16.7,-2.5,19.2,1252,208,13.7,80.2,345,1624,4001,59,223,130,287,158,270,-30.2,35.9,13.7,692,351,67,68.18,721
1995,SK93711,1993,49.21441772,-121.0671746,686,7.2,16.7,-2.5,19.2,1252,208,13.7,80.4,341,1632,3988,60,224,129,288,158,267,-30.1,35.9,13.7,693,351,67,68.07,726
1995,SK93721,1993,49.21632862,-121.0684733,698,7.1,16.6,-2.5,19.1,1251,207,13.7,80.3,344,1618,4007,58,223,130,287,158,270,-30.2,35.8,13.7,691,350,67,68.29,717
1995,SK93722,1993,49.21739366,-121.0676078,698,7.1,16.6,-2.5,19.2,1252,207,13.7,80.3,346,1618,4011,58,222,130,287,157,271,-30.3,35.8,13.7,691,350,67,68.35,717
1995,SK93734,1993,49.19803638,-120.9928605,869,6.3,16.1,-3.8,19.9,1186,202,13.8,79.9,434,1485,4282,44,203,137,281,145,320,-32.6,35.5,14,685,349,65,62.96,633
1995,SK93735,1993,49.19748268,-120.9920592,869,6.3,16.1,-3.8,19.9,1185,201,13.8,80,435,1484,4284,44,202,137,281,145,320,-32.7,35.5,14,686,350,65,62.8,632
1995,SK93736,1993,49.20192025,-120.9885846,823,6.5,16.3,-3.6,19.9,1167,199,14.2,81.8,419,1525,4220,48,206,135,282,147,303,-32.3,35.7,14,692,358,65,60.08,661
1995,00NCc13,2000,49.22752855,-120.9627241,900,6.1,16.1,-4.4,20.5,1219,202,13.2,79.4,484,1462,4379,42,196,139,279,140,358,-33.6,35.6,14.1,689,353,64,65.93,620
1995,00NCe73,2000,49.12286895,-120.8200364,1455,3.1,12.8,-7.1,19.9,1176,204,11.2,62.6,792,885,5424,8,151,158,268,110,549,-37.5,32.2,14.1,527,254,65,76.28,255
1995,00NCe74,2000,49.12958668,-120.8160951,1620,2.7,12,-6.6,18.6,1186,205,10.7,58.4,812,770,5588,7,145,161,268,107,578,-37.8,31.1,14.1,496,223,66,81.63,196
1995,00NCe75,2000,49.13184343,-120.8212604,1750,2.4,11.4,-6.1,17.5,1184,205,10.5,55.5,815,689,5697,6,141,163,269,106,588,-37.9,30.3,14,472,200,66,84.52,159
1995,00NCe76,2000,49.12956482,-120.8230328,1665,2.6,11.8,-6.4,18.2,1176,205,10.7,57.6,807,744,5615,7,144,161,269,107,573,-37.8,30.9,14,488,215,66,81.69,184
1995,00NCe77,2000,49.06956013,-120.905716,1470,3.3,12.9,-6.4,19.3,1214,215,11,59.9,745,898,5354,10,154,157,271,113,552,-37.2,32.2,14.1,523,236,65,80.37,264
1995,00NCe78,2000,49.08614425,-120.9258513,1840,2,11,-6.3,17.2,1260,218,9.5,50.5,877,640,5836,5,140,163,271,108,650,-37.7,29.7,13.8,406,168,68,95.02,140
1995,00NCe79,2000,49.08811762,-120.9446303,1790,2.3,11.2,-6.1,17.3,1289,221,9.5,50.7,838,679,5739,6,145,161,272,112,650,-37.4,30,13.8,455,168,68,97.06,155
1995,00NCe82,2000,49.04462405,-120.9646257,1810,2.1,11.2,-6.2,17.3,1325,233,9.2,48,854,663,5780,6,142,162,271,110,685,-37.4,30,13.8,454,156,68,100.92,149
1995,00NCe83,2000,49.0409285,-120.9723988,1800,2.2,11.2,-6.1,17.3,1344,236,9.1,47.6,845,671,5759,6,143,161,272,110,693,-37.3,30,13.8,455,154,68,102.66,153
1995,00NCe84,2000,49.04042506,-120.9724193,685,7.8,17.3,-2.1,19.4,1341,235,13.3,73.7,305,1762,3803,77,219,126,289,162,252,-32.2,36.1,14.1,727,327,63,72.08,817
1995,00NCe85,2000,49.03686803,-120.9645592,1705,2.7,11.7,-5.8,17.5,1327,233,9.5,50.4,783,743,5591,7,149,159,273,114,651,-37,30.6,13.9,471,170,68,98.59,184
1995,00NCe86,2000,49.04063959,-120.9800327,1745,2.5,11.5,-5.9,17.5,1348,236,9.3,48.9,806,713,5655,7,147,160,272,113,675,-37,30.3,13.9,464,161,68,101.63,171
1995,00NCe87,2000,49.03145849,-120.9420956,1820,2,11.1,-6.3,17.4,1228,219,9.8,50.8,872,652,5816,6,140,163,271,108,644,-37.5,30,13.9,455,171,68,91.31,145
1995,00NCe89,2000,49.05549669,-120.9155332,1725,2.5,11.6,-6,17.6,1211,215,10.4,54.1,797,723,5630,7,145,161,271,110,594,-37.4,30.5,14,474,190,66,86.9,175
1995,00NCe90,2000,49.06442921,-120.8922135,1325,3.7,13.6,-6.8,20.4,1203,214,11.4,63.5,729,1001,5210,14,159,155,270,115,526,-37,33.1,14.2,551,263,65,75.67,323
1995,00NCe91,2000,49.11667802,-120.8651929,1450,3.4,12.9,-6.5,19.5,1158,202,11.5,64.1,744,909,5340,11,154,157,270,113,519,-37.3,32.3,14.1,527,255,65,74.2,269
1995,00NCe92,2000,49.12229155,-120.8690776,1665,2.6,11.9,-6.3,18.2,1161,203,10.9,58.5,802,754,5598,7,146,161,270,109,559,-37.6,30.8,14,485,215,66,80.37,189
1995,00NCe93,2000,49.13832844,-120.8485222,1615,2.8,12.1,-6.4,18.5,1182,209,10.8,58.1,801,787,5557,8,147,160,270,110,560,-37.6,31.1,14,494,218,66,81.24,205
1995,00NCe94,2000,49.1422333,-120.8451718,1565,2.8,12.3,-6.7,19.1,1182,209,10.9,59,805,817,5524,8,149,159,269,110,556,-37.5,31.4,14,504,227,66,80,220
1995,00NCe95,2000,49.12585389,-120.8366702,1540,3,12.4,-6.5,18.9,1159,203,11.2,61.2,774,833,5466,8,149,159,269,110,535,-37.6,31.7,14.1,511,240,65,76.61,227
1995,114791,2007,49.1638298,-120.7723007,2225,0,8.6,-7.8,16.4,1496,250,6.7,34.4,1201,383,6581,3,111,173,264,92,915,-39.7,27.1,13.7,333,91,70,128.32,55
1995,114792,2007,49.16588973,-120.7787018,2225,-0.1,8.6,-7.8,16.3,1504,251,6.6,34,1206,379,6592,3,110,173,264,91,921,-39.8,27.1,13.7,333,90,70,129.21,54
1995,114793,2007,49.16717147,-120.7802963,2200,0.1,8.7,-7.7,16.4,1493,250,6.7,34.7,1183,393,6543,3,111,173,264,91,905,-39.7,27.3,13.7,337,94,69,127.51,57
1995,114794,2007,49.16852951,-120.7815018,2145,0.3,9,-7.5,16.5,1473,248,7,36.4,1135,424,6439,3,115,172,264,93,874,-39.5,27.6,13.7,345,102,69,124.1,65
1995,114795,2007,49.16878128,-120.781601,2140,0.4,9.1,-7.5,16.5,1471,248,7,36.6,1131,426,6429,3,115,172,265,93,871,-39.5,27.7,13.7,346,102,69,123.69,66
1995,114796,2007,49.17169952,-120.7848969,2100,0.6,9.3,-7.4,16.7,1440,244,7.3,38.1,1102,451,6359,3,118,171,265,94,839,-39.3,28,13.8,352,109,69,119.54,73
1995,114797,2007,49.17219924,-120.7894974,2125,0.4,9.2,-7.5,16.6,1434,243,7.3,37.8,1122,437,6403,3,117,171,264,93,845,-39.4,27.8,13.7,349,107,69,119.59,69
1995,12-1929,2015,49.20005416,-120.9982758,906,6.2,16,-3.8,19.8,1204,205,13.5,77.9,446,1456,4331,42,200,138,281,143,336,-32.6,35.4,14,680,342,65,65.43,614
1995,02-3085,2019,49.14056015,-120.7638931,2044,0.8,9.7,-7.2,16.9,1471,245,7.4,39.5,1057,487,6254,4,122,170,266,96,854,-39,28.4,13.8,362,118,68,120.93,84
1995,02-3087,2019,49.1199913,-120.752121,1874,1.7,10.7,-6.6,17.3,1337,231,8.8,46.4,924,606,5934,4,133,165,268,103,723,-38.3,29.6,13.9,409,158,67,102.9,126
1995,02-3088,2019,49.13434982,-120.7645264,1928,1.4,10.4,-6.8,17.2,1411,238,8.1,43.6,968,566,6039,4,130,167,267,101,784,-38.5,29.3,13.9,400,142,67,111.73,111
1995,02-3089,2019,49.14989852,-120.7567673,2136,0.4,9.1,-7.5,16.6,1477,246,7,37.1,1130,432,6422,3,116,172,265,93,883,-39.4,27.8,13.8,348,107,69,124.03,68
1995,02-3090,2019,49.1461296,-120.7544632,2119,0.5,9.2,-7.4,16.7,1476,246,7.1,37.5,1116,441,6391,3,117,171,265,94,878,-39.3,27.9,13.8,350,109,69,123.57,70
1995,12-2000,2019,49.13544082,-120.7637634,1954,1.3,10.2,-6.9,17.1,1424,240,7.9,42.7,987,548,6087,4,128,167,267,100,799,-38.7,29.1,13.9,396,136,68,113.71,104
1995,12-9554,2019,49.0820198,-120.9237823,1792,2.2,11.2,-6.2,17.4,1251,217,9.7,51.6,853,670,5769,6,142,162,271,109,635,-37.7,30,13.9,459,176,67,92.97,152
1995,12-9555,2019,49.16053009,-120.76474,1876,1.7,10.6,-6.6,17.3,1456,246,8,43.3,924,602,5939,4,133,166,268,102,771,-38.4,29.5,13.9,407,141,67,114.98,124
1995,14-4318,2019,49.10192108,-120.7574768,1956,1.3,10.2,-7,17.2,1313,227,8.6,45,994,544,6102,4,128,167,267,100,748,-38.6,29,13.8,394,147,68,102.91,103
1995,14-4319,2019,49.10179138,-120.7552795,1890,1.6,10.6,-6.7,17.3,1310,227,8.9,46.8,941,590,5977,4,132,166,268,102,721,-38.3,29.5,13.9,405,157,67,100.91,120
1995,14-4320,2019,49.07690048,-120.7710724,1815,2,11.1,-6.3,17.4,1174,197,10.3,56.1,870,649,5817,6,137,164,269,105,619,-38.1,30,14,463,200,66,85.13,143
1995,14-4323,2019,49.16270065,-120.7649994,1994,1.1,10,-7,17,1448,245,7.7,40.8,1011,523,6149,4,126,168,267,99,808,-38.8,28.7,13.8,388,124,68,117.28,96
1995,14-4324,2019,49.16270065,-120.7649002,1988,1.2,10,-7,17,1447,245,7.7,41,1006,527,6139,4,126,168,267,99,805,-38.8,28.8,13.8,389,125,68,116.99,97
1995,14-4325,2019,49.15930175,-120.7705002,1981,1.2,10,-7,17,1493,250,7.5,40,1005,526,6137,4,126,168,267,98,830,-38.8,28.8,13.8,390,121,68,121.45,97
1995,14-4326,2019,49.1603012,-120.7731018,2030,0.9,9.7,-7.1,16.8,1493,250,7.3,38.8,1043,493,6228,4,123,169,266,97,847,-39,28.5,13.8,381,114,68,122.97,86
1995,14-4361,2019,49.15879821,-120.7743988,2093,0.6,9.3,-7.3,16.6,1503,251,7.1,37.1,1091,454,6342,3,119,171,265,95,875,-39.3,28,13.8,353,106,68,125.67,74
1995,14-4382,2019,49.1646614,-120.7790527,2197,0.1,8.7,-7.7,16.4,1501,251,6.7,34.7,1181,394,6538,3,112,173,264,91,910,-39.7,27.3,13.7,337,94,69,128.25,58
1995,14-4383,2019,49.15822982,-120.7749863,2106,0.5,9.3,-7.4,16.6,1504,251,7,36.8,1101,446,6365,3,118,171,265,94,880,-39.3,27.9,13.8,351,104,69,126.2,72
1995,14-4384,2019,49.15280151,-120.7717896,2062,0.7,9.5,-7.3,16.8,1496,249,7.2,38.2,1072,474,6290,3,121,170,266,96,866,-39.1,28.3,13.8,358,112,68,124.12,80
1995,14-4385,2019,49.16463088,-120.7775726,2217,0,8.6,-7.7,16.3,1505,251,6.6,34.2,1198,384,6575,3,110,173,264,91,919,-39.8,27.1,13.7,334,91,70,129.12,55
1995,14-4386,2019,49.10020828,-120.7596817,2009,1,9.9,-7.2,17.1,1311,226,8.4,43.8,1038,509,6203,4,124,168,267,98,767,-38.8,28.6,13.8,385,140,68,104.2,91
1995,14-4387,2019,49.09149169,-120.7733994,1955,1.3,10.3,-6.9,17.2,1287,218,8.8,47.2,988,551,6085,4,129,167,268,101,735,-38.5,29.1,13.8,395,157,68,100.12,106
1995,14-4388,2019,49.06903839,-120.7620316,1624,2.8,12.1,-6.4,18.4,1105,189,11.6,63.8,794,781,5555,8,146,160,270,109,529,-37.6,31.2,14.1,499,241,65,73.12,202
1995,14-4573,2019,49.07849884,-120.9320297,1590,3.1,12.3,-5.6,17.9,1238,217,10.6,56.7,729,826,5422,9,154,157,273,116,567,-37,31.3,14,494,206,66,86.34,225
1995,14-4577,2019,49.14511871,-120.7613602,2052,0.8,9.6,-7.2,16.8,1478,246,7.3,39,1061,481,6267,3,121,170,266,96,856,-39.1,28.4,13.8,361,116,68,121.95,82
1995,14-4585,2019,49.07535934,-120.7685013,1752,2.3,11.4,-6.1,17.5,1146,193,10.8,59.1,828,693,5709,6,140,163,269,107,583,-37.9,30.4,14,475,214,66,80.59,162
1995,14-4587,2019,49.0782814,-120.917923,1679,2.7,11.8,-5.9,17.7,1234,216,10.3,54.8,779,752,5574,7,147,160,271,111,592,-37.4,30.7,14,481,196,66,88.14,189
1995,14-4588,2019,49.0820198,-120.9236526,1792,2.2,11.2,-6.2,17.4,1251,217,9.7,51.6,853,670,5769,6,142,162,271,109,635,-37.7,30,13.9,459,176,67,92.96,152
1995,19JCG13,2019,49.11692047,-120.6429367,1080,5.2,15.2,-5.3,20.5,882,181,17.3,84,562,1295,4665,28,178,145,274,128,297,-35.6,35,14.3,658,367,62,34.37,502
1995,19JCG15,2019,49.11320114,-120.6441498,1046,5.4,15.4,-5.2,20.6,891,181,17.3,84.9,548,1331,4608,31,179,145,274,129,293,-35.5,35.3,14.4,666,373,62,34.15,528
1995,19JCG18,2019,49.11236953,-120.6519089,1088,5.2,15.1,-5.3,20.4,887,181,17.1,83.9,565,1285,4679,27,177,146,274,128,301,-35.7,35,14.3,656,365,62,35.09,496
1996,MP 291,1976,49.03950881,-120.8720016,1308,2.5,15,-10.1,25.1,1189,209,10.5,71.7,988,931,5652,18,140,178,247,69,635,-37,33.2,14.1,541,262,64,77.73,347
1996,MP 292,1976,49.03998947,-120.8811035,1277,2.6,15.1,-10.1,25.2,1204,212,10.5,71.3,984,956,5621,19,141,177,247,70,636,-36.9,33.4,14.1,546,263,64,78.53,361
1996,MP 293,1976,49.04455947,-120.8516998,1259,2.8,15.3,-9.8,25,1144,201,11.2,75.8,948,977,5560,21,142,177,247,70,594,-36.9,33.6,14.2,553,272,63,71.35,374
1996,MP 294,1976,49.11808013,-120.8660965,1402,2.1,14.5,-10.1,24.6,1180,207,10.3,69.7,1030,867,5787,13,136,180,246,67,660,-37.2,32.6,14,521,251,65,79.57,311
1996,MP 295,1976,49.11931991,-120.8755035,1353,2.3,14.7,-10.3,25,1182,209,10.4,70.4,1026,901,5738,15,138,178,246,68,651,-37.1,33,14,531,256,65,78.44,329
1996,MP 296,1976,49.12162017,-120.8731003,1381,2.2,14.6,-10.2,24.7,1182,209,10.3,69.6,1028,883,5764,14,137,179,247,68,655,-37.1,32.7,14,525,252,65,79.24,320
1996,MP 299,1976,49.04080963,-120.8787003,1311,2.5,15,-10.1,25.1,1201,211,10.4,70.8,995,928,5664,17,140,178,247,69,643,-37,33.2,14.1,539,260,64,79.14,345
1996,MP 281,1976,49.10832977,-120.7583008,1921,0.1,11.8,-10.3,22.1,1354,229,7.4,51.4,1298,554,6533,3,112,190,243,53,926,-38.4,29.3,13.7,391,191,68,108.63,136
1996,MP 285,1976,49.07500076,-120.7750015,1481,2,14.2,-9.6,23.8,1103,192,10.8,73.7,1025,826,5842,11,132,182,244,62,627,-37.2,32.1,14.1,516,257,64,72.76,288
1996,MP 286,1976,49.07500076,-120.7750015,1326,2.5,15,-9.5,24.5,1061,189,11.8,79.4,968,928,5632,18,138,179,244,66,560,-36.8,33.1,14.2,547,278,63,64.23,344
1996,MP 287,1976,49.11643981,-120.8702011,1250,2.6,15.2,-10.5,25.7,1181,207,10.7,73.4,1007,973,5629,20,142,176,246,70,631,-37,33.7,14.1,551,268,64,75.42,371
1996,MP 288,1976,49.11574935,-120.8669968,1259,2.6,15.2,-10.4,25.6,1181,207,10.6,73.3,1003,967,5632,20,142,177,246,70,632,-37,33.6,14.1,549,267,64,75.67,367
1996,MP 289,1976,49.04022979,-120.8937988,1466,2,14.2,-9.6,23.8,1219,215,9.9,66,1013,827,5825,12,134,181,246,65,682,-37.2,32.1,14,509,240,65,85.09,289
1996,MP 290,1976,49.03955841,-120.8881989,1353,2.4,14.7,-9.9,24.6,1214,214,10.2,68.9,990,899,5703,15,138,178,246,68,656,-37,32.9,14.1,531,253,64,81.61,329
1996,35079,1979,49.18056106,-120.9610977,770,5.1,18,-8,26.1,1160,204,13.1,88.4,713,1438,4741,74,180,154,258,104,421,-33,36.7,14.1,673,338,64,59.99,661
1996,35179,1979,49.08110809,-120.8127975,1210,2.9,15.5,-9.7,25.2,1074,191,12.1,80.8,927,1007,5498,23,144,176,246,71,549,-36.8,33.9,14.2,562,288,63,62.97,392
1996,35379,1979,49.08889007,-120.8139038,1210,2.8,15.4,-9.9,25.3,1101,194,11.6,79.3,954,997,5542,22,143,176,245,70,572,-36.8,33.8,14.1,560,283,63,66.2,385
1996,SK93710,1993,49.21475894,-121.0660627,695,5.7,17.9,-6.2,24,1254,215,12.5,83.2,573,1457,4520,70,199,143,268,124,348,-30.2,35.9,13.6,640,299,67,73.22,659
1996,SK93711,1993,49.21441772,-121.0671746,686,5.8,17.9,-6.1,24,1254,214,12.6,83.4,568,1464,4507,72,200,143,268,125,344,-30.1,35.9,13.6,641,300,67,73.09,663
1996,SK93721,1993,49.21632862,-121.0684733,698,5.7,17.8,-6.2,24,1255,214,12.5,83.1,572,1451,4524,69,199,143,268,124,348,-30.2,35.8,13.6,639,298,67,73.48,655
1996,SK93722,1993,49.21739366,-121.0676078,698,5.7,17.8,-6.2,24,1256,215,12.5,83,574,1451,4528,70,198,143,267,124,350,-30.3,35.8,13.6,639,298,67,73.57,655
1996,SK93734,1993,49.19803638,-120.9928605,869,4.9,17.3,-7.4,24.7,1192,209,12.5,83.1,686,1335,4811,55,180,154,261,107,419,-32.6,35.5,13.9,634,302,65,68.15,591
1996,SK93735,1993,49.19748268,-120.9920592,869,4.9,17.3,-7.4,24.7,1191,208,12.5,83.3,687,1335,4813,55,180,154,261,107,419,-32.7,35.5,13.9,635,302,65,67.97,590
1996,SK93736,1993,49.20192025,-120.9885846,823,5.1,17.5,-7.2,24.8,1177,207,12.8,84.6,669,1373,4748,61,183,152,262,110,398,-32.3,35.7,13.9,641,308,65,65.69,614
1996,00NCc13,2000,49.22752855,-120.9627241,900,4.6,17.3,-8.1,25.4,1225,212,11.9,81.5,748,1316,4915,54,174,157,258,101,478,-33.6,35.6,14,639,302,65,71.02,582
1996,00NCe73,2000,49.12286895,-120.8200364,1455,1.7,14.1,-10.6,24.7,1205,209,9.7,67.3,1094,819,5928,11,131,182,244,62,710,-37.5,32.2,14,513,246,65,83.47,284
1996,00NCe74,2000,49.12958668,-120.8160951,1620,1.3,13.3,-10.1,23.4,1220,210,9.2,63,1123,723,6091,7,125,185,244,59,753,-37.8,31.1,13.9,482,228,65,88.9,229
1996,00NCe75,2000,49.13184343,-120.8212604,1750,1,12.6,-9.6,22.3,1216,210,9,60.2,1129,654,6201,5,121,187,245,58,765,-37.9,30.3,13.9,458,213,66,91.29,189
1996,00NCe76,2000,49.12956482,-120.8230328,1665,1.2,13.1,-9.9,23,1205,209,9.3,62.4,1113,700,6117,6,124,186,245,59,742,-37.8,30.9,13.9,474,223,65,88.37,215
1996,00NCe77,2000,49.06956013,-120.905716,1470,2,14.1,-9.8,24,1233,216,9.7,65.6,1028,828,5844,12,134,181,247,66,693,-37.2,32.2,14,509,238,65,86.54,290
1996,00NCe78,2000,49.08614425,-120.9258513,1840,0.6,12.2,-9.7,21.9,1281,220,8.3,55.6,1185,610,6328,4,121,186,247,61,809,-37.7,29.7,13.7,436,195,68,100.26,165
1996,00NCe79,2000,49.08811762,-120.9446303,1790,0.9,12.5,-9.5,22,1312,224,8.3,55.8,1142,642,6231,5,125,184,249,65,811,-37.4,30,13.7,441,195,68,102.64,182
1996,00NCe82,2000,49.04462405,-120.9646257,1810,0.8,12.4,-9.5,22,1348,233,8,53.4,1154,629,6263,4,123,185,248,63,839,-37.4,30,13.7,441,191,68,106.44,175
1996,00NCe83,2000,49.0409285,-120.9723988,1800,0.9,12.5,-9.5,22,1369,236,7.9,52.9,1143,636,6241,5,124,184,248,64,849,-37.3,30,13.7,441,190,68,108.42,179
1996,00NCe84,2000,49.04042506,-120.9724193,685,6.4,18.6,-5.5,24.1,1366,235,12,79,505,1600,4297,96,200,139,269,130,319,-32.2,36.1,14,684,299,62,79.4,748
1996,00NCe85,2000,49.03686803,-120.9645592,1705,1.3,13,-9.2,22.2,1350,232,8.4,55.9,1076,697,6074,6,130,182,250,68,804,-37,30.6,13.7,457,201,68,104.5,213
1996,00NCe86,2000,49.04063959,-120.9800327,1745,1.1,12.8,-9.3,22.1,1373,236,8.1,54.1,1101,671,6140,5,128,183,249,66,831,-37,30.3,13.7,450,195,68,107.65,199
1996,00NCe87,2000,49.03145849,-120.9420956,1820,0.7,12.4,-9.7,22.1,1251,219,8.6,56.6,1171,621,6297,4,121,186,247,61,785,-37.5,30,13.7,442,198,68,96.72,171
1996,00NCe89,2000,49.05549669,-120.9155332,1725,1.2,12.9,-9.4,22.3,1232,216,9.1,59.8,1094,681,6119,6,126,184,247,63,740,-37.4,30.5,13.8,460,210,66,92.52,205
1996,00NCe90,2000,49.06442921,-120.8922135,1325,2.4,14.9,-10.2,25.1,1220,215,10.1,69.2,1012,916,5700,16,139,178,246,68,659,-37,33.1,14,536,256,65,81.59,338
1996,00NCe91,2000,49.11667802,-120.8651929,1450,2,14.2,-10,24.2,1180,207,10.1,68.7,1040,837,5841,12,134,181,246,66,669,-37.3,32.3,14,512,245,65,80.76,295
1996,00NCe92,2000,49.12229155,-120.8690776,1665,1.2,13.1,-9.8,22.9,1183,209,9.5,62.8,1105,707,6098,6,126,184,246,62,715,-37.6,30.8,13.9,471,221,66,86.43,220
1996,00NCe93,2000,49.13832844,-120.8485222,1615,1.4,13.4,-9.9,23.3,1203,215,9.4,62.2,1104,735,6062,7,128,184,246,62,721,-37.6,31.1,13.9,480,224,66,87.33,237
1996,00NCe94,2000,49.1422333,-120.8451718,1565,1.4,13.6,-10.3,23.9,1204,216,9.5,63.1,1113,761,6031,8,129,183,245,62,717,-37.5,31.4,13.9,490,230,66,86.3,251
1996,00NCe95,2000,49.12585389,-120.8366702,1540,1.6,13.7,-10,23.7,1180,208,9.8,65.8,1077,774,5969,9,129,183,245,61,692,-37.6,31.7,14,497,237,65,82.91,258
1996,114791,2007,49.1638298,-120.7723007,2225,-1.5,9.9,-11.3,21.2,1531,258,5.6,38.2,1583,381,7093,0,96,193,240,46,1116,-39.7,27.1,13.5,279,150,70,132.47,60
1996,114792,2007,49.16588973,-120.7787018,2225,-1.5,9.8,-11.3,21.2,1539,260,5.5,37.8,1589,377,7104,0,95,194,239,46,1121,-39.8,27.1,13.5,279,150,70,133.31,59
1996,114793,2007,49.16717147,-120.7802963,2200,-1.4,10,-11.2,21.2,1529,260,5.6,38.4,1562,390,7056,0,97,194,240,46,1107,-39.7,27.3,13.5,282,153,69,131.74,63
1996,114794,2007,49.16852951,-120.7815018,2145,-1.1,10.3,-11.1,21.4,1510,258,5.9,39.9,1507,418,6952,0,100,193,240,47,1079,-39.5,27.6,13.6,288,159,69,128.73,73
1996,114795,2007,49.16878128,-120.781601,2140,-1.1,10.3,-11,21.4,1507,258,5.9,40,1502,420,6943,0,100,193,240,47,1076,-39.5,27.7,13.6,289,160,69,128.38,74
1996,114796,2007,49.17169952,-120.7848969,2100,-0.9,10.6,-11,21.5,1478,255,6.2,41.4,1468,442,6873,1,102,193,241,48,1045,-39.3,28,13.6,294,165,69,124.73,83
1996,114797,2007,49.17219924,-120.7894974,2125,-1,10.4,-11,21.5,1473,255,6.1,41,1491,430,6917,0,101,193,240,47,1048,-39.4,27.8,13.6,291,163,69,124.66,78
1996,12-1929,2015,49.20005416,-120.9982758,906,4.8,17.2,-7.5,24.7,1208,212,12.2,81.2,702,1309,4861,52,178,155,261,106,442,-32.6,35.4,13.9,630,295,66,70.42,575
1996,02-3085,2019,49.14056015,-120.7638931,2044,-0.6,11,-10.7,21.7,1507,250,6.3,43.9,1413,478,6762,1,105,193,241,49,1062,-39,28.4,13.7,352,173,68,126.33,99
1996,02-3087,2019,49.1199913,-120.752121,1874,0.3,12,-10.1,22.1,1373,231,7.5,52.1,1253,585,6437,4,115,190,244,54,923,-38.3,29.6,13.8,399,196,67,109.39,152
1996,02-3088,2019,49.13434982,-120.7645264,1928,0,11.7,-10.4,22,1449,241,6.9,48.5,1303,550,6545,3,112,191,243,52,991,-38.5,29.3,13.7,390,187,67,118.2,133
1996,02-3089,2019,49.14989852,-120.7567673,2136,-1,10.4,-11.1,21.5,1512,252,5.9,41.4,1500,427,6931,0,100,194,240,47,1088,-39.4,27.8,13.6,291,163,69,128.57,77
1996,02-3090,2019,49.1461296,-120.7544632,2119,-0.9,10.5,-11,21.5,1511,251,6,41.8,1483,436,6900,0,101,193,241,47,1083,-39.3,27.9,13.6,293,165,69,128.17,81
1996,12-2000,2019,49.13544082,-120.7637634,1954,-0.1,11.5,-10.4,22,1462,242,6.8,47.5,1331,533,6593,3,110,191,243,51,1007,-38.7,29.1,13.7,386,184,68,119.98,124
1996,12-9554,2019,49.0820198,-120.9237823,1792,0.8,12.5,-9.6,22.1,1272,220,8.5,56.8,1158,636,6261,5,123,185,247,62,792,-37.7,30,13.7,445,200,68,98.37,179
1996,12-9555,2019,49.16053009,-120.76474,1876,0.3,11.9,-10.2,22.1,1492,253,6.9,47.1,1259,579,6451,4,115,190,244,54,995,-38.4,29.5,13.8,397,188,67,121.51,147
1996,14-4318,2019,49.10192108,-120.7574768,1956,-0.1,11.5,-10.4,21.9,1348,226,7.3,51,1334,531,6601,3,110,191,243,52,933,-38.6,29,13.7,385,188,68,108.83,124
1996,14-4319,2019,49.10179138,-120.7552795,1890,0.2,11.9,-10.2,22.1,1345,226,7.6,52.8,1270,572,6476,3,114,190,244,54,912,-38.3,29.5,13.7,395,195,67,107.15,145
1996,14-4320,2019,49.07690048,-120.7710724,1815,0.7,12.4,-9.7,22.1,1201,202,8.9,61.5,1183,623,6310,4,118,188,245,56,776,-38.1,30,13.8,451,215,66,90.85,172
1996,14-4323,2019,49.16270065,-120.7649994,1994,-0.3,11.3,-10.6,21.8,1485,253,6.5,44.6,1362,509,6662,3,109,192,243,51,1025,-38.8,28.7,13.7,378,176,68,123.32,113
1996,14-4324,2019,49.16270065,-120.7649002,1988,-0.3,11.3,-10.5,21.8,1484,253,6.6,44.7,1357,512,6651,3,109,191,243,51,1022,-38.8,28.8,13.7,379,177,68,123.07,114
1996,14-4325,2019,49.15930175,-120.7705002,1981,-0.3,11.3,-10.5,21.8,1527,257,6.4,43.8,1355,512,6648,3,109,192,242,51,1050,-38.8,28.8,13.7,380,175,68,127.25,114
1996,14-4326,2019,49.1603012,-120.7731018,2030,-0.5,11,-10.7,21.7,1527,258,6.2,42.6,1399,482,6740,1,106,192,242,49,1064,-39,28.5,13.7,352,170,68,128.32,100
1996,14-4361,2019,49.15879821,-120.7743988,2093,-0.8,10.6,-10.9,21.5,1535,259,6,41,1455,446,6853,1,102,193,241,48,1086,-39.3,28,13.6,295,163,68,130.38,85
1996,14-4382,2019,49.1646614,-120.7790527,2197,-1.4,10,-11.2,21.2,1536,260,5.6,38.5,1560,391,7051,0,97,194,240,46,1112,-39.7,27.3,13.5,282,153,69,132.39,63
1996,14-4383,2019,49.15822982,-120.7749863,2106,-0.9,10.5,-10.9,21.4,1537,259,5.9,40.7,1467,439,6876,0,102,193,241,48,1090,-39.3,27.9,13.6,293,162,69,130.76,82
1996,14-4384,2019,49.15280151,-120.7717896,2062,-0.7,10.8,-10.8,21.6,1530,256,6.1,42.2,1432,464,6800,1,104,193,241,49,1078,-39.1,28.3,13.6,347,168,68,129.24,93
1996,14-4385,2019,49.16463088,-120.7775726,2217,-1.5,9.9,-11.3,21.2,1539,260,5.5,38,1579,381,7088,0,96,194,239,46,1119,-39.8,27.1,13.5,280,150,70,133.2,60
1996,14-4386,2019,49.10020828,-120.7596817,2009,-0.4,11.2,-10.6,21.8,1347,225,7.1,49.9,1384,500,6701,2,107,192,242,50,946,-38.8,28.6,13.7,356,183,68,109.76,109
1996,14-4387,2019,49.09149169,-120.7733994,1955,-0.1,11.6,-10.3,21.9,1322,217,7.5,53.4,1319,538,6581,3,111,191,243,53,911,-38.5,29.1,13.7,386,192,68,106.02,128
1996,14-4388,2019,49.06903839,-120.7620316,1624,1.4,13.4,-9.8,23.2,1121,194,10.2,69,1092,736,6046,7,126,185,245,60,672,-37.6,31.2,14,487,239,65,78.44,237
1996,14-4573,2019,49.07849884,-120.9320297,1590,1.8,13.6,-9,22.6,1259,219,9.3,61.9,1021,767,5911,9,134,180,250,70,717,-37,31.3,13.8,480,219,66,92.52,253
1996,14-4577,2019,49.14511871,-120.7613602,2052,-0.6,10.9,-10.7,21.6,1513,252,6.2,43.3,1419,472,6776,1,104,193,241,49,1067,-39.1,28.4,13.7,350,171,68,127.2,96
1996,14-4585,2019,49.07535934,-120.7685013,1752,1,12.7,-9.5,22.2,1171,198,9.4,64.2,1137,661,6202,5,121,187,245,58,736,-37.9,30.4,13.9,463,224,66,86.39,194
1996,14-4587,2019,49.0782814,-120.917923,1679,1.3,13.1,-9.3,22.4,1255,218,9,60,1078,705,6062,6,128,183,248,64,746,-37.4,30.7,13.8,467,213,66,93.96,218
1996,14-4588,2019,49.0820198,-120.9236526,1792,0.8,12.5,-9.6,22.1,1272,220,8.5,56.8,1158,636,6261,5,123,185,247,62,792,-37.7,30,13.7,445,200,68,98.36,179
1996,19JCG13,2019,49.11692047,-120.6429367,1080,3.8,16.5,-8.8,25.3,892,183,15.5,90.4,840,1182,5186,38,156,168,250,82,392,-35.6,35,14.2,630,325,62,39.52,500
1996,19JCG15,2019,49.11320114,-120.6441498,1046,4,16.7,-8.7,25.4,900,183,15.6,91.4,823,1214,5129,42,158,167,251,84,386,-35.5,35.3,14.3,638,331,62,39.21,521
1996,19JCG18,2019,49.11236953,-120.6519089,1088,3.8,16.5,-8.8,25.3,895,182,15.4,90.5,842,1173,5199,37,155,169,251,82,397,-35.7,35,14.2,628,324,62,40.19,494
1997,MP 291,1976,49.03950881,-120.8720016,1308,3.7,14.9,-5.8,20.7,1131,318,12.1,46.7,717,1004,5219,16,158,147,265,118,721,-37,33.2,14.2,546,179,64,69.73,352
1997,MP 292,1976,49.03998947,-120.8811035,1277,3.8,15,-5.9,20.9,1147,323,12,46.5,713,1030,5188,17,160,146,265,118,725,-36.9,33.4,14.2,551,180,64,70.7,366
1997,MP 293,1976,49.04455947,-120.8516998,1259,3.9,15.1,-5.7,20.8,1080,305,12.9,49.6,682,1054,5118,18,161,146,265,119,669,-36.9,33.6,14.3,558,197,63,62.85,379
1997,MP 294,1976,49.11808013,-120.8660965,1402,3.4,14.4,-5.8,20.2,1107,301,12.1,47.9,744,935,5335,13,155,148,264,116,745,-37.2,32.6,14.1,527,175,65,69.9,309
1997,MP 295,1976,49.11931991,-120.8755035,1353,3.5,14.7,-5.9,20.6,1111,303,12.1,48.4,742,973,5287,15,157,148,264,117,736,-37.1,33,14.1,537,182,65,69.08,332
1997,MP 296,1976,49.12162017,-120.8731003,1381,3.4,14.5,-5.9,20.4,1110,303,12.1,47.9,743,953,5312,14,156,148,264,116,741,-37.1,32.7,14.1,531,178,65,69.74,320
1997,MP 299,1976,49.04080963,-120.8787003,1311,3.6,14.8,-5.9,20.7,1143,321,11.9,46.2,723,1000,5231,16,158,147,264,118,732,-37,33.2,14.2,545,176,64,71.24,350
1997,MP 281,1976,49.10832977,-120.7583008,1921,1.3,11.9,-6.5,18.4,1218,333,9.3,35.6,990,577,6081,5,129,157,261,104,1008,-38.4,29.3,13.9,393,103,68,93.86,130
1997,MP 285,1976,49.07500076,-120.7750015,1481,3.2,14,-5.7,19.6,1024,281,12.9,49.8,745,884,5395,11,151,150,263,113,702,-37.2,32.1,14.2,521,190,64,62.57,277
1997,MP 286,1976,49.07500076,-120.7750015,1326,3.8,14.7,-5.6,20.3,991,275,13.9,53.5,691,1001,5188,15,158,147,263,116,629,-36.8,33.1,14.3,551,218,63,54.99,346
1997,MP 287,1976,49.11643981,-120.8702011,1250,3.8,15.1,-6,21.1,1108,301,12.5,50.2,723,1051,5172,18,161,146,264,118,712,-37,33.7,14.2,557,198,64,65.97,379
1997,MP 288,1976,49.11574935,-120.8669968,1259,3.8,15.1,-5.9,21,1107,301,12.5,50.1,720,1044,5180,18,160,146,264,118,712,-37,33.6,14.2,555,196,64,66.1,374
1997,MP 289,1976,49.04022979,-120.8937988,1466,3.2,14.1,-5.6,19.8,1165,328,11.3,43.1,745,888,5391,12,152,149,264,115,779,-37.2,32.1,14.1,515,154,65,77.37,282
1997,MP 290,1976,49.03955841,-120.8881989,1353,3.5,14.6,-5.8,20.4,1159,326,11.7,44.9,725,970,5271,15,157,148,264,117,750,-37,32.9,14.2,536,166,64,73.88,331
1997,35079,1979,49.18056106,-120.9610977,770,6.4,17.9,-4,21.9,1101,291,14.9,61.6,449,1553,4281,68,199,132,275,143,506,-33,36.7,14.2,691,266,64,51.48,704
1997,35179,1979,49.08110809,-120.8127975,1210,4.2,15.3,-5.6,20.9,1000,279,14.2,54.9,656,1086,5044,21,163,145,264,119,603,-36.8,33.9,14.3,567,223,63,53.27,399
1997,35379,1979,49.08889007,-120.8139038,1210,4,15.2,-5.8,21,1027,285,13.7,53.3,680,1076,5089,20,162,145,264,118,635,-36.8,33.8,14.2,565,216,63,56.59,391
1997,SK93710,1993,49.21475894,-121.0660627,695,7,17.9,-2.4,20.3,1219,307,13.9,58.4,339,1589,4070,69,219,126,284,158,466,-30.2,35.9,13.7,660,233,67,66.6,711
1997,SK93711,1993,49.21441772,-121.0671746,686,7,18,-2.3,20.3,1220,307,14,58.6,336,1597,4056,70,220,126,284,159,462,-30.1,35.9,13.7,660,233,67,66.5,716
1997,SK93721,1993,49.21632862,-121.0684733,698,7,17.9,-2.4,20.2,1220,306,13.9,58.5,339,1583,4074,68,219,126,284,158,467,-30.2,35.8,13.7,658,232,67,66.8,707
1997,SK93722,1993,49.21739366,-121.0676078,698,7,17.9,-2.4,20.3,1220,306,13.9,58.5,340,1583,4078,68,218,126,284,158,468,-30.3,35.8,13.7,658,233,67,66.83,707
1997,SK93734,1993,49.19803638,-120.9928605,869,6.2,17.3,-3.5,20.8,1143,295,14.2,58.6,428,1450,4345,51,199,132,278,146,523,-32.6,35.5,14,653,235,65,60.23,629
1997,SK93735,1993,49.19748268,-120.9920592,869,6.2,17.3,-3.5,20.8,1141,295,14.2,58.7,429,1450,4347,51,199,132,278,146,522,-32.7,35.5,14,653,236,65,60.04,628
1997,SK93736,1993,49.20192025,-120.9885846,823,6.4,17.5,-3.4,20.9,1127,292,14.5,60,413,1493,4283,57,202,131,279,148,500,-32.3,35.7,14,660,243,65,57.72,655
1997,00NCc13,2000,49.22752855,-120.9627241,900,5.9,17.2,-4.1,21.4,1156,294,13.8,58.7,476,1429,4439,50,193,134,275,141,572,-33.6,35.6,14.1,657,242,65,61.35,618
1997,00NCe73,2000,49.12286895,-120.8200364,1455,3,14,-6.3,20.3,1106,302,11.7,46.4,802,877,5472,11,150,150,262,112,785,-37.5,32.2,14.1,519,168,65,71.28,274
1997,00NCe74,2000,49.12958668,-120.8160951,1620,2.5,13.3,-6,19.3,1114,302,11.2,43.9,827,767,5639,8,144,153,262,109,827,-37.8,31.1,14,487,147,66,76.26,218
1997,00NCe75,2000,49.13184343,-120.8212604,1750,2.2,12.7,-5.7,18.4,1113,302,11,42.2,834,690,5746,7,139,154,263,108,843,-37.9,30.3,14,419,134,66,78.99,181
1997,00NCe76,2000,49.12956482,-120.8230328,1665,2.4,13.1,-5.9,19,1106,301,11.2,43.4,824,742,5667,7,143,153,262,109,821,-37.8,30.9,14,479,143,66,76.45,206
1997,00NCe77,2000,49.06956013,-120.905716,1470,3.2,14.1,-5.8,19.9,1173,324,11.2,43.7,758,891,5404,12,153,149,264,115,794,-37.2,32.2,14.1,514,154,65,78.26,284
1997,00NCe78,2000,49.08614425,-120.9258513,1840,1.8,12.5,-6,18.5,1223,328,9.7,37.9,901,645,5888,6,139,154,265,111,939,-37.7,29.7,13.8,399,112,68,92.7,162
1997,00NCe79,2000,49.08811762,-120.9446303,1790,2.1,12.7,-5.9,18.7,1255,333,9.6,38.2,861,682,5791,6,143,152,266,114,941,-37.4,30,13.8,403,111,68,95.01,179
1997,00NCe82,2000,49.04462405,-120.9646257,1810,2,12.6,-6,18.6,1301,352,9.2,35.9,880,667,5834,5,141,153,265,112,979,-37.4,30,13.8,403,101,68,99.84,173
1997,00NCe83,2000,49.0409285,-120.9723988,1800,2,12.7,-5.9,18.6,1324,357,9.1,35.5,871,675,5813,5,142,153,265,113,990,-37.3,30,13.8,403,99,68,101.98,176
1997,00NCe84,2000,49.04042506,-120.9724193,685,7.6,18.6,-2.1,20.7,1321,357,13.3,52.1,301,1731,3868,90,215,123,285,162,428,-32.2,36.1,14.1,712,213,63,71.83,803
1997,00NCe85,2000,49.03686803,-120.9645592,1705,2.5,13.2,-5.6,18.8,1304,352,9.6,37.4,805,743,5647,7,148,150,267,117,935,-37,30.6,13.9,418,110,68,97.75,209
1997,00NCe86,2000,49.04063959,-120.9800327,1745,2.3,13,-5.7,18.7,1329,357,9.3,36.3,830,715,5712,6,146,151,266,115,969,-37,30.3,13.9,411,103,68,101.19,195
1997,00NCe87,2000,49.03145849,-120.9420956,1820,1.9,12.5,-6.1,18.6,1208,333,9.8,37.6,898,656,5870,5,139,154,264,110,913,-37.5,30,13.9,403,111,68,90.64,168
1997,00NCe89,2000,49.05549669,-120.9155332,1725,2.4,13,-5.7,18.6,1177,326,10.5,39.9,818,724,5686,6,144,152,265,113,851,-37.4,30.5,14,420,126,67,84.96,199
1997,00NCe90,2000,49.06442921,-120.8922135,1325,3.6,14.8,-5.9,20.7,1160,324,11.7,45.6,737,988,5263,16,158,147,264,117,754,-37,33.1,14.1,542,170,65,73.34,342
1997,00NCe91,2000,49.11667802,-120.8651929,1450,3.2,14.2,-5.8,20,1106,301,11.9,47.2,754,900,5388,12,153,149,264,115,755,-37.3,32.3,14.1,518,169,65,71.09,289
1997,00NCe92,2000,49.12229155,-120.8690776,1665,2.5,13.2,-5.8,19,1111,302,11.2,43.6,820,752,5651,7,145,152,264,112,810,-37.6,30.8,14,476,141,66,77.07,212
1997,00NCe93,2000,49.13832844,-120.8485222,1615,2.6,13.4,-5.9,19.3,1124,308,11.2,43.5,817,783,5609,8,146,152,264,112,814,-37.6,31.1,14,486,143,66,77.24,227
1997,00NCe94,2000,49.1422333,-120.8451718,1565,2.7,13.6,-6.1,19.7,1123,309,11.3,44,819,812,5575,9,147,151,263,112,808,-37.5,31.4,14,496,149,66,76.01,242
1997,00NCe95,2000,49.12585389,-120.8366702,1540,2.8,13.7,-5.9,19.6,1098,301,11.7,45.5,786,827,5516,10,148,151,263,112,775,-37.6,31.7,14.1,502,158,65,72.44,248
1997,114791,2007,49.1638298,-120.7723007,2225,-0.2,10.2,-7.7,17.9,1366,363,7.2,28.1,1233,394,6629,1,110,163,257,94,1252,-39.7,27.1,13.6,326,71,70,115.78,62
1997,114792,2007,49.16588973,-120.7787018,2225,-0.2,10.2,-7.7,17.9,1377,366,7.1,27.8,1238,390,6640,1,109,164,257,93,1262,-39.8,27.1,13.7,326,70,70,116.92,61
1997,114793,2007,49.16717147,-120.7802963,2200,-0.1,10.3,-7.6,17.9,1370,364,7.2,28.3,1215,404,6591,2,110,163,257,94,1244,-39.7,27.3,13.7,330,73,69,115.67,65
1997,114794,2007,49.16852951,-120.7815018,2145,0.2,10.6,-7.4,18,1355,361,7.5,29.3,1165,434,6487,3,114,162,258,95,1208,-39.5,27.6,13.7,338,77,69,112.97,75
1997,114795,2007,49.16878128,-120.781601,2140,0.2,10.6,-7.4,18,1353,361,7.5,29.5,1161,437,6478,3,115,162,258,96,1204,-39.5,27.7,13.7,339,77,69,112.65,76
1997,114796,2007,49.17169952,-120.7848969,2100,0.4,10.9,-7.2,18.1,1330,356,7.8,30.5,1131,461,6407,4,117,161,258,97,1167,-39.3,28,13.7,345,81,69,109.49,84
1997,114797,2007,49.17219924,-120.7894974,2125,0.3,10.7,-7.3,18,1329,355,7.7,30.3,1152,447,6451,3,116,162,258,96,1173,-39.4,27.8,13.7,342,80,69,109.8,80
1997,12-1929,2015,49.20005416,-120.9982758,906,6,17.2,-3.5,20.7,1160,300,13.8,57.3,440,1423,4394,49,197,133,278,145,545,-32.6,35.4,14,648,228,66,62.56,612
1997,02-3085,2019,49.14056015,-120.7638931,2044,0.7,11.2,-7,18.2,1342,356,8,31.4,1085,496,6303,4,121,160,259,99,1171,-39,28.4,13.8,374,86,68,109.26,97
1997,02-3087,2019,49.1199913,-120.752121,1874,1.6,12.1,-6.3,18.4,1231,334,9.4,36.3,946,611,5983,5,132,157,262,105,1001,-38.3,29.6,13.9,402,108,67,93.72,145
1997,02-3088,2019,49.13434982,-120.7645264,1928,1.3,11.8,-6.5,18.4,1295,345,8.7,34.3,992,573,6087,5,129,158,261,103,1081,-38.5,29.3,13.9,393,98,68,101.6,128
1997,02-3089,2019,49.14989852,-120.7567673,2136,0.2,10.7,-7.4,18.1,1344,357,7.6,30,1161,442,6470,3,115,162,258,96,1206,-39.4,27.8,13.7,341,80,69,111.45,78
1997,02-3090,2019,49.1461296,-120.7544632,2119,0.3,10.8,-7.3,18.1,1343,357,7.7,30.1,1146,451,6439,3,116,162,258,96,1200,-39.3,27.9,13.7,343,81,69,111.05,81
1997,12-2000,2019,49.13544082,-120.7637634,1954,1.1,11.7,-6.6,18.3,1305,347,8.5,33.7,1012,555,6135,5,127,158,261,102,1100,-38.7,29.1,13.9,389,95,68,103.29,121
1997,12-9554,2019,49.0820198,-120.9237823,1792,2,12.7,-6,18.6,1215,328,9.9,38.6,877,673,5822,5,140,153,264,111,917,-37.7,30,13.9,407,117,68,90.74,175
1997,12-9555,2019,49.16053009,-120.76474,1876,1.6,12.1,-6.3,18.4,1329,357,8.7,33.9,946,606,5987,5,132,157,262,105,1085,-38.4,29.5,13.9,400,99,67,103.82,142
1997,14-4318,2019,49.10192108,-120.7574768,1956,1.1,11.7,-6.7,18.3,1212,330,9.2,35.3,1020,551,6151,5,127,158,261,102,1020,-38.6,29,13.8,387,101,68,94.33,119
1997,14-4319,2019,49.10179138,-120.7552795,1890,1.4,12,-6.4,18.4,1210,330,9.5,36.4,964,595,6026,5,131,157,261,105,992,-38.3,29.5,13.9,398,107,67,92.33,138
1997,14-4320,2019,49.07690048,-120.7710724,1815,1.9,12.4,-5.9,18.4,1099,296,10.8,42,892,651,5867,6,136,155,262,107,863,-38.1,30,14,412,132,66,78.97,163
1997,14-4323,2019,49.16270065,-120.7649994,1994,1,11.5,-6.7,18.2,1324,355,8.3,32.3,1036,531,6197,4,125,159,260,102,1126,-38.8,28.7,13.8,380,89,68,106.35,111
1997,14-4324,2019,49.16270065,-120.7649002,1988,1,11.5,-6.7,18.2,1323,355,8.3,32.4,1032,534,6187,4,125,159,260,102,1122,-38.8,28.8,13.8,381,89,68,106.08,112
1997,14-4325,2019,49.15930175,-120.7705002,1981,1,11.5,-6.7,18.2,1363,363,8.1,31.7,1030,534,6185,4,125,159,260,101,1157,-38.8,28.8,13.8,382,87,68,109.93,112
1997,14-4326,2019,49.1603012,-120.7731018,2030,0.8,11.2,-6.9,18.2,1364,364,7.9,30.9,1070,502,6277,4,122,160,259,99,1177,-39,28.5,13.8,374,84,68,111.33,99
1997,14-4361,2019,49.15879821,-120.7743988,2093,0.5,10.9,-7.2,18,1372,366,7.6,29.8,1120,464,6390,4,118,161,259,97,1209,-39.3,28,13.8,346,79,69,113.56,85
1997,14-4382,2019,49.1646614,-120.7790527,2197,-0.1,10.3,-7.6,17.9,1375,365,7.2,28.3,1213,405,6587,2,111,163,257,94,1249,-39.7,27.3,13.7,330,72,69,116.11,66
1997,14-4383,2019,49.15822982,-120.7749863,2106,0.4,10.8,-7.2,18,1374,366,7.6,29.6,1130,456,6413,4,117,162,258,97,1215,-39.3,27.9,13.7,344,78,69,114,82
1997,14-4384,2019,49.15280151,-120.7717896,2062,0.6,11.1,-7.1,18.1,1366,363,7.8,30.5,1100,483,6339,4,120,161,259,98,1195,-39.1,28.3,13.8,369,82,69,112.21,92
1997,14-4385,2019,49.16463088,-120.7775726,2217,-0.2,10.2,-7.7,17.9,1377,366,7.1,27.9,1230,395,6623,1,110,163,257,94,1259,-39.8,27.1,13.7,327,71,70,116.72,62
1997,14-4386,2019,49.10020828,-120.7596817,2009,0.8,11.4,-6.9,18.3,1212,329,8.9,34.6,1066,518,6252,4,123,159,260,101,1039,-38.8,28.6,13.8,378,96,69,95.56,106
1997,14-4387,2019,49.09149169,-120.7733994,1955,1.2,11.7,-6.6,18.3,1197,319,9.3,36.8,1014,559,6134,5,128,158,261,103,1007,-38.5,29.1,13.8,388,106,68,92.6,123
1997,14-4388,2019,49.06903839,-120.7620316,1624,2.6,13.3,-5.8,19.1,1034,286,12.2,46.6,809,777,5606,8,145,152,263,111,751,-37.6,31.2,14.1,490,165,65,67.76,223
1997,14-4573,2019,49.07849884,-120.9320297,1590,3,13.7,-5.3,19,1204,327,10.8,41.8,746,823,5473,10,153,149,267,118,826,-37,31.3,14,485,136,66,84.57,247
1997,14-4577,2019,49.14511871,-120.7613602,2052,0.7,11.1,-7,18.2,1347,358,7.9,31.1,1089,491,6315,4,120,161,259,98,1177,-39.1,28.4,13.8,372,85,68,109.97,95
1997,14-4585,2019,49.07535934,-120.7685013,1752,2.2,12.7,-5.7,18.5,1074,291,11.3,43.7,848,693,5759,7,139,154,263,109,819,-37.9,30.4,14,422,143,66,74.95,183
1997,14-4587,2019,49.0782814,-120.917923,1679,2.5,13.2,-5.6,18.8,1195,325,10.5,40.6,799,751,5628,7,146,151,265,114,857,-37.4,30.7,14,472,129,66,85.82,212
1997,14-4588,2019,49.0820198,-120.9236526,1792,2,12.7,-6,18.6,1215,327,9.9,38.6,876,673,5822,5,140,153,264,111,917,-37.7,30,13.9,407,117,68,90.73,175
1997,19JCG13,2019,49.11692047,-120.6429367,1080,5.1,16.2,-4.9,21.1,804,266,18.7,61.1,561,1268,4727,33,175,140,269,129,437,-35.6,35,14.3,613,255,62,28.43,513
1997,19JCG15,2019,49.11320114,-120.6441498,1046,5.2,16.4,-4.8,21.2,812,267,18.8,61.6,546,1302,4670,36,177,139,269,130,433,-35.5,35.3,14.3,653,259,62,28.03,535
1997,19JCG18,2019,49.11236953,-120.6519089,1088,5,16.2,-4.9,21.1,810,265,18.6,61,564,1259,4741,32,175,140,269,129,443,-35.7,35,14.3,611,253,62,29.29,507
1998,MP 291,1976,49.03950881,-120.8720016,1308,4.5,16.2,-7,23.3,1024,184,14.2,88.4,729,1264,4945,39,169,150,267,117,381,-37,33.2,14.5,626,323,64,50.85,533
1998,MP 292,1976,49.03998947,-120.8811035,1277,4.6,16.4,-7.1,23.4,1037,186,14.1,88.2,727,1287,4917,41,170,149,267,118,381,-36.9,33.4,14.5,631,325,64,51.39,548
1998,MP 293,1976,49.04455947,-120.8516998,1259,4.8,16.5,-6.7,23.2,985,178,15,92.8,697,1314,4850,44,171,149,267,119,347,-36.9,33.6,14.5,639,340,64,44.97,566
1998,MP 294,1976,49.11808013,-120.8660965,1402,4.2,15.7,-6.8,22.6,1015,181,14,86.7,748,1184,5057,31,165,152,266,115,401,-37.2,32.6,14.4,571,309,65,52.76,482
1998,MP 295,1976,49.11931991,-120.8755035,1353,4.3,16,-7,23,1014,181,14.1,88,748,1225,5013,35,167,151,267,116,395,-37.1,33,14.4,613,319,65,51.38,508
1998,MP 296,1976,49.12162017,-120.8731003,1381,4.2,15.8,-6.9,22.7,1015,182,14,86.9,748,1203,5037,33,166,151,267,116,398,-37.1,32.7,14.4,607,312,65,52.22,494
1998,MP 299,1976,49.04080963,-120.8787003,1311,4.5,16.2,-7.1,23.3,1034,185,14,87.4,735,1259,4958,38,169,150,267,117,388,-37,33.2,14.5,624,320,65,52.09,530
1998,MP 281,1976,49.10832977,-120.7583008,1921,2.2,13.1,-7.3,20.3,1171,214,10.4,61.1,948,808,5758,10,142,162,265,103,627,-38.4,29.3,14.2,478,209,68,81.68,259
1998,MP 285,1976,49.07500076,-120.7750015,1481,4,15.5,-6.4,21.9,948,171,14.8,90.3,741,1137,5098,27,162,153,266,113,376,-37.2,32.1,14.5,567,312,64,46.74,453
1998,MP 286,1976,49.07500076,-120.7750015,1326,4.6,16.3,-6.3,22.6,910,167,16.1,97.5,698,1269,4899,39,169,150,266,116,323,-36.8,33.1,14.6,633,345,63,38.24,534
1998,MP 287,1976,49.11643981,-120.8702011,1250,4.6,16.5,-7.3,23.7,1015,181,14.4,91.1,736,1307,4907,43,171,149,266,118,379,-37,33.7,14.5,636,339,65,48.42,561
1998,MP 288,1976,49.11574935,-120.8669968,1259,4.6,16.4,-7.2,23.6,1016,181,14.4,90.8,732,1300,4909,43,171,149,266,117,379,-37,33.6,14.5,634,337,64,48.74,556
1998,MP 289,1976,49.04022979,-120.8937988,1466,4,15.4,-6.5,21.9,1049,188,13.4,82,746,1130,5113,27,163,153,267,114,418,-37.2,32.1,14.4,559,288,65,58,450
1998,MP 290,1976,49.03955841,-120.8881989,1353,4.4,16,-6.8,22.8,1045,187,13.7,85.4,735,1223,4997,35,167,151,267,116,397,-37,32.9,14.4,614,310,65,54.37,507
1998,35079,1979,49.18056106,-120.9610977,770,7.2,19.2,-4.7,23.9,999,174,17.2,110.5,485,1835,4068,137,209,133,276,143,228,-33,36.7,14.4,738,439,64,32.54,915
1998,35179,1979,49.08110809,-120.8127975,1210,5,16.7,-6.5,23.3,921,169,16.3,99,671,1355,4774,49,173,148,267,119,311,-36.8,33.9,14.6,650,360,63,36.87,590
1998,35379,1979,49.08889007,-120.8139038,1210,4.9,16.7,-6.7,23.4,947,173,15.7,96.7,695,1342,4816,47,173,148,266,118,330,-36.8,33.8,14.5,647,354,64,40.1,582
1998,SK93710,1993,49.21475894,-121.0660627,695,7.7,19,-3.2,22.2,1087,181,16.3,105.1,369,1856,3868,131,228,127,284,158,182,-30.2,35.9,13.9,719,402,67,45.91,915
1998,SK93711,1993,49.21441772,-121.0671746,686,7.8,19,-3.1,22.2,1087,181,16.3,105.3,365,1864,3856,133,229,126,285,158,180,-30.1,35.9,13.9,720,403,67,45.8,920
1998,SK93721,1993,49.21632862,-121.0684733,698,7.7,19,-3.1,22.1,1087,180,16.3,105.2,367,1849,3872,129,228,127,284,158,182,-30.2,35.8,13.9,717,401,67,46.1,910
1998,SK93722,1993,49.21739366,-121.0676078,698,7.7,19,-3.2,22.1,1088,180,16.3,105.1,369,1849,3875,130,228,127,284,157,183,-30.3,35.8,13.9,718,401,67,46.14,910
1998,SK93734,1993,49.19803638,-120.9928605,869,6.9,18.5,-4.2,22.8,1031,178,16.4,104.3,457,1722,4119,106,209,133,278,145,223,-32.6,35.5,14.2,698,399,66,41.21,831
1998,SK93735,1993,49.19748268,-120.9920592,869,6.9,18.5,-4.3,22.8,1029,177,16.5,104.4,458,1721,4120,106,209,133,278,145,224,-32.7,35.5,14.2,698,399,65,41.04,831
1998,SK93736,1993,49.20192025,-120.9885846,823,7.1,18.7,-4.1,22.9,1015,176,16.9,106.7,443,1765,4062,116,212,132,279,147,212,-32.3,35.7,14.2,722,407,66,38.67,860
1998,00NCc13,2000,49.22752855,-120.9627241,900,6.7,18.5,-4.9,23.4,1057,180,15.8,102.9,506,1700,4208,104,203,135,276,141,258,-33.6,35.6,14.3,702,400,65,43.41,820
1998,00NCe73,2000,49.12286895,-120.8200364,1455,3.8,15.4,-7.3,22.7,1035,186,13.4,82.7,798,1124,5182,26,161,154,265,111,436,-37.5,32.2,14.4,564,297,65,56.12,445
1998,00NCe74,2000,49.12958668,-120.8160951,1620,3.4,14.5,-6.8,21.3,1046,187,12.8,77.9,812,1005,5336,18,155,157,265,108,469,-37.8,31.1,14.3,531,265,66,61.75,374
1998,00NCe75,2000,49.13184343,-120.8212604,1750,3.1,13.9,-6.4,20.4,1042,186,12.5,74.9,811,924,5441,14,151,158,266,107,482,-37.9,30.3,14.3,506,243,66,64.56,328
1998,00NCe76,2000,49.12956482,-120.8230328,1665,3.3,14.3,-6.6,21,1033,185,12.9,77.4,806,978,5363,17,154,157,265,108,465,-37.8,30.9,14.3,522,258,66,61.56,359
1998,00NCe77,2000,49.06956013,-120.905716,1470,4,15.4,-6.7,22.1,1060,187,13.2,82,759,1130,5129,27,163,153,267,114,429,-37.2,32.2,14.4,558,288,65,59.26,450
1998,00NCe78,2000,49.08614425,-120.9258513,1840,2.6,13.5,-6.7,20.2,1103,190,11.5,70.8,877,868,5597,12,149,159,267,108,549,-37.7,29.7,14.1,482,219,68,73.87,294
1998,00NCe79,2000,49.08811762,-120.9446303,1790,2.9,13.7,-6.6,20.3,1127,192,11.4,71.4,842,905,5505,13,154,157,268,112,539,-37.4,30,14.1,486,220,68,75.48,316
1998,00NCe82,2000,49.04462405,-120.9646257,1810,2.8,13.6,-6.6,20.2,1155,199,11,68.4,860,889,5550,13,151,158,267,109,561,-37.4,30,14.1,486,218,68,78.55,307
1998,00NCe83,2000,49.0409285,-120.9723988,1800,2.8,13.7,-6.6,20.2,1171,201,10.9,68.1,852,897,5530,13,152,158,268,110,564,-37.3,30,14.1,487,218,68,80.06,311
1998,00NCe84,2000,49.04042506,-120.9724193,685,8.4,19.8,-2.8,22.5,1169,200,15.7,98.7,332,2022,3671,173,226,123,286,163,168,-32.2,36.1,14.4,760,389,63,47.93,1030
1998,00NCe85,2000,49.03686803,-120.9645592,1705,3.3,14.2,-6.2,20.4,1157,199,11.5,71.3,794,969,5365,16,158,155,269,114,516,-37,30.6,14.2,504,231,68,76.27,354
1998,00NCe86,2000,49.04063959,-120.9800327,1745,3.1,14,-6.4,20.3,1174,201,11.1,69.6,817,938,5430,15,156,156,268,112,541,-37,30.3,14.1,496,224,68,79,336
1998,00NCe87,2000,49.03145849,-120.9420956,1820,2.7,13.6,-6.7,20.3,1072,187,11.8,72.4,876,880,5581,12,150,159,267,108,530,-37.5,30,14.1,488,228,68,70.18,302
1998,00NCe89,2000,49.05549669,-120.9155332,1725,3.2,14.1,-6.3,20.5,1058,187,12.5,75.7,803,953,5394,15,154,157,267,111,477,-37.4,30.5,14.3,507,242,67,65.99,345
1998,00NCe90,2000,49.06442921,-120.8922135,1325,4.4,16.1,-7.1,23.2,1051,188,13.7,85.5,746,1242,4992,37,168,150,266,116,401,-37,33.1,14.4,619,314,65,54.35,519
1998,00NCe91,2000,49.11667802,-120.8651929,1450,4,15.5,-6.7,22.2,1015,181,13.8,85.5,754,1143,5108,28,163,153,266,114,410,-37.3,32.3,14.4,561,300,65,54.1,458
1998,00NCe92,2000,49.12229155,-120.8690776,1665,3.3,14.4,-6.6,20.9,1017,182,13.1,78.9,804,984,5356,17,155,156,266,110,457,-37.6,30.8,14.3,519,259,66,60.37,362
1998,00NCe93,2000,49.13832844,-120.8485222,1615,3.4,14.7,-6.7,21.3,1033,188,13,77.8,803,1017,5311,19,157,156,266,111,456,-37.6,31.1,14.3,529,262,66,60.73,382
1998,00NCe94,2000,49.1422333,-120.8451718,1565,3.5,14.9,-6.9,21.8,1034,189,13.1,78.7,808,1046,5281,21,158,155,266,111,451,-37.5,31.4,14.3,539,271,66,59.45,399
1998,00NCe95,2000,49.12585389,-120.8366702,1540,3.7,15,-6.7,21.7,1015,184,13.5,81.5,778,1063,5222,22,159,155,265,111,429,-37.6,31.7,14.4,546,283,65,56.42,409
1998,114791,2007,49.1638298,-120.7723007,2225,0.7,11.2,-8.4,19.6,1317,236,8.1,47.5,1167,585,6314,4,124,169,262,92,833,-39.7,27.1,14,378,161,70,104.15,136
1998,114792,2007,49.16588973,-120.7787018,2225,0.6,11.1,-8.5,19.6,1322,236,8,47.1,1172,580,6326,4,124,170,261,91,839,-39.8,27.1,14,378,160,70,104.72,133
1998,114793,2007,49.16717147,-120.7802963,2200,0.8,11.3,-8.4,19.6,1313,235,8.2,47.9,1150,597,6278,5,125,169,261,92,823,-39.7,27.3,14,383,163,69,103.14,141
1998,114794,2007,49.16852951,-120.7815018,2145,1,11.6,-8.1,19.7,1295,233,8.5,49.7,1105,634,6174,5,128,168,262,94,789,-39.5,27.6,14,392,168,69,100.07,160
1998,114795,2007,49.16878128,-120.781601,2140,1.1,11.6,-8.1,19.7,1293,233,8.6,49.9,1101,638,6164,5,129,168,262,94,785,-39.5,27.7,14,393,169,69,99.71,162
1998,114796,2007,49.17169952,-120.7848969,2100,1.3,11.9,-8,19.9,1266,230,8.9,51.8,1074,666,6095,6,131,167,262,95,754,-39.3,28,14,399,173,69,96.04,177
1998,114797,2007,49.17219924,-120.7894974,2125,1.1,11.7,-8.1,19.8,1261,228,8.8,51.4,1093,649,6140,6,130,168,262,94,763,-39.4,27.8,14,395,172,69,96.12,168
1998,12-1929,2015,49.20005416,-120.9982758,906,6.8,18.4,-4.3,22.7,1046,181,16,101.9,469,1691,4164,100,207,134,278,144,234,-32.6,35.4,14.2,693,391,66,43.52,812
1998,02-3085,2019,49.14056015,-120.7638931,2044,1.6,12.3,-7.7,20,1303,231,8.9,53.1,1033,713,5986,7,134,166,263,97,750,-39,28.4,14.1,411,183,68,98.01,203
1998,02-3087,2019,49.1199913,-120.752121,1874,2.4,13.3,-7,20.4,1188,216,10.5,61.8,908,847,5661,11,145,161,265,104,612,-38.3,29.6,14.2,489,214,67,81.95,282
1998,02-3088,2019,49.13434982,-120.7645264,1928,2.2,13,-7.3,20.3,1253,223,9.7,58.1,950,803,5770,9,141,163,265,102,672,-38.5,29.3,14.2,478,201,68,89.89,255
1998,02-3089,2019,49.14989852,-120.7567673,2136,1.1,11.7,-8.1,19.9,1307,233,8.5,50.4,1100,647,6152,6,129,168,262,94,791,-39.4,27.8,14.1,396,173,69,100.69,168
1998,02-3090,2019,49.1461296,-120.7544632,2119,1.2,11.8,-8,19.9,1307,233,8.6,50.7,1087,659,6121,6,130,168,262,95,784,-39.3,27.9,14.1,398,175,69,100.31,174
1998,12-2000,2019,49.13544082,-120.7637634,1954,2,12.8,-7.4,20.2,1264,225,9.5,56.9,968,782,5818,9,140,164,264,101,689,-38.7,29.1,14.2,473,197,68,91.65,243
1998,12-9554,2019,49.0820198,-120.9237823,1792,2.8,13.7,-6.6,20.3,1095,190,11.7,72.2,855,898,5532,13,151,158,267,109,530,-37.7,30,14.2,492,226,68,71.86,312
1998,12-9555,2019,49.16053009,-120.76474,1876,2.4,13.2,-7,20.3,1286,232,9.7,57.1,908,839,5668,11,144,161,265,104,658,-38.4,29.5,14.2,486,199,67,92.03,276
1998,14-4318,2019,49.10192108,-120.7574768,1956,2,12.8,-7.4,20.2,1167,211,10.3,60.9,975,780,5832,9,140,163,264,101,641,-38.6,29,14.1,471,206,68,82.25,243
1998,14-4319,2019,49.10179138,-120.7552795,1890,2.3,13.2,-7.1,20.3,1165,211,10.6,62.7,925,830,5704,10,143,162,265,104,611,-38.3,29.5,14.2,484,215,67,80.33,272
1998,14-4320,2019,49.07690048,-120.7710724,1815,2.8,13.7,-6.6,20.3,1036,182,12.3,75.3,861,891,5550,13,148,160,266,106,511,-38.1,30,14.3,500,244,66,65.2,308
1998,14-4323,2019,49.16270065,-120.7649994,1994,1.9,12.6,-7.5,20.1,1278,231,9.3,54.5,988,753,5881,8,138,164,264,100,709,-38.8,28.7,14.1,417,185,68,94.32,226
1998,14-4324,2019,49.16270065,-120.7649002,1988,1.9,12.6,-7.5,20.1,1277,231,9.3,54.7,984,757,5870,8,138,164,264,100,705,-38.8,28.8,14.1,418,186,68,94.04,228
1998,14-4325,2019,49.15930175,-120.7705002,1981,1.9,12.6,-7.5,20.1,1316,236,9,53.4,983,756,5870,8,138,164,264,100,725,-38.8,28.8,14.1,466,184,68,97.8,228
1998,14-4326,2019,49.1603012,-120.7731018,2030,1.6,12.3,-7.7,20,1315,236,8.8,52.1,1018,718,5962,7,135,166,263,98,748,-39,28.5,14.1,411,179,68,99.1,206
1998,14-4361,2019,49.15879821,-120.7743988,2093,1.3,11.9,-7.9,19.8,1323,237,8.6,50.4,1064,672,6075,6,131,167,263,96,780,-39.3,28,14.1,400,173,69,101.53,180
1998,14-4382,2019,49.1646614,-120.7790527,2197,0.8,11.3,-8.4,19.7,1320,236,8.2,47.9,1149,599,6273,5,125,169,261,92,826,-39.7,27.3,14,383,163,69,103.82,142
1998,14-4383,2019,49.15822982,-120.7749863,2106,1.3,11.9,-7.9,19.8,1324,237,8.5,50.1,1073,662,6099,6,131,167,262,95,786,-39.3,27.9,14.1,398,172,69,102,175
1998,14-4384,2019,49.15280151,-120.7717896,2062,1.5,12.1,-7.8,19.9,1320,235,8.7,51.5,1046,696,6024,7,133,166,263,97,767,-39.1,28.3,14.1,406,178,68,100.43,194
1998,14-4385,2019,49.16463088,-120.7775726,2217,0.7,11.2,-8.4,19.6,1324,237,8.1,47.3,1165,586,6309,4,124,170,261,92,836,-39.8,27.1,14,380,161,70,104.66,136
1998,14-4386,2019,49.10020828,-120.7596817,2009,1.7,12.5,-7.6,20.1,1166,210,10,59.7,1017,740,5933,8,137,165,264,99,664,-38.8,28.6,14.1,416,200,69,83.52,220
1998,14-4387,2019,49.09149169,-120.7733994,1955,2,12.9,-7.3,20.2,1145,200,10.5,64.4,971,787,5818,9,140,163,265,102,629,-38.5,29.1,14.1,472,213,68,79.85,247
1998,14-4388,2019,49.06903839,-120.7620316,1624,3.5,14.7,-6.6,21.3,965,174,14,84.4,793,1023,5293,19,156,156,266,111,422,-37.6,31.2,14.4,537,281,65,52.91,386
1998,14-4573,2019,49.07849884,-120.9320297,1590,3.8,14.8,-6,20.8,1081,189,12.7,78.2,741,1051,5194,21,162,153,269,116,442,-37,31.3,14.2,527,258,66,65.36,402
1998,14-4577,2019,49.14511871,-120.7613602,2052,1.5,12.2,-7.8,20,1308,233,8.8,52.5,1035,706,5998,7,134,166,263,97,755,-39.1,28.4,14.1,409,181,68,98.8,200
1998,14-4585,2019,49.07535934,-120.7685013,1752,3.1,14,-6.4,20.5,1009,178,12.9,78.9,822,936,5441,15,151,158,266,108,473,-37.9,30.4,14.3,512,256,66,60.75,335
1998,14-4587,2019,49.0782814,-120.917923,1679,3.3,14.3,-6.3,20.6,1079,189,12.4,75.9,787,981,5340,17,156,156,268,112,476,-37.4,30.7,14.3,514,246,66,67.15,360
1998,14-4588,2019,49.0820198,-120.9236526,1792,2.8,13.7,-6.6,20.3,1095,190,11.7,72.2,855,898,5532,13,151,158,267,109,530,-37.7,30,14.2,492,226,68,71.86,312
1998,19JCG13,2019,49.11692047,-120.6429367,1080,6,17.9,-5.5,23.4,790,170,20.3,105.5,574,1568,4438,80,186,141,271,131,213,-35.6,35,14.6,699,408,63,17.54,731
1998,19JCG15,2019,49.11320114,-120.6441498,1046,6.2,18.1,-5.4,23.5,798,170,20.3,106.4,561,1605,4384,86,188,140,272,132,209,-35.5,35.3,14.6,707,414,62,17.06,757
1998,19JCG18,2019,49.11236953,-120.6519089,1088,6,17.8,-5.5,23.4,793,169,20.1,105.8,577,1557,4452,78,186,141,271,130,216,-35.7,35,14.6,697,407,62,18.18,724
1999,MP 291,1976,49.03950881,-120.8720016,1308,3.6,14.4,-4,18.4,1123,216,12.1,66.6,624,896,5228,14,149,188,253,65,648,-37,33.2,14.2,544,235,65,71.04,298
1999,MP 292,1976,49.03998947,-120.8811035,1277,3.7,14.5,-4,18.5,1140,220,12,66.1,621,915,5198,15,151,187,253,66,654,-36.9,33.4,14.2,549,235,65,72.07,310
1999,MP 293,1976,49.04455947,-120.8516998,1259,3.9,14.7,-3.8,18.5,1073,207,13,71,589,938,5129,16,152,187,253,66,596,-36.9,33.6,14.2,556,256,64,64.18,323
1999,MP 294,1976,49.11808013,-120.8660965,1402,3.3,13.9,-4.2,18.2,1106,213,12,65.5,649,829,5345,12,145,189,252,63,656,-37.2,32.6,14.1,514,222,66,71.93,260
1999,MP 295,1976,49.11931991,-120.8755035,1353,3.4,14.2,-4.2,18.4,1109,214,12.1,66.3,646,864,5297,13,148,188,252,64,654,-37.1,33,14.1,524,230,66,70.93,280
1999,MP 296,1976,49.12162017,-120.8731003,1381,3.4,14,-4.2,18.3,1108,214,12.1,65.5,648,846,5321,12,147,189,252,64,656,-37.1,32.7,14.1,518,225,66,71.63,269
1999,MP 299,1976,49.04080963,-120.8787003,1311,3.6,14.4,-4.1,18.5,1136,219,12,65.7,631,891,5241,14,149,187,253,65,660,-37,33.2,14.1,542,230,65,72.57,296
1999,MP 281,1976,49.10832977,-120.7583008,1921,1.3,11.5,-5.9,17.4,1250,232,9,49.5,891,508,6076,4,119,195,248,53,905,-38.4,29.3,13.8,381,125,69,98.68,107
1999,MP 285,1976,49.07500076,-120.7750015,1481,3.2,13.6,-4.5,18.1,1021,190,12.9,71.5,645,788,5392,10,141,191,250,59,619,-37.2,32.1,14.2,510,240,65,64.15,236
1999,MP 286,1976,49.07500076,-120.7750015,1326,3.8,14.3,-4.1,18.4,982,186,14,77,592,896,5181,14,149,188,251,62,555,-36.8,33.1,14.2,551,273,64,55.82,295
1999,MP 287,1976,49.11643981,-120.8702011,1250,3.8,14.7,-4,18.7,1107,213,12.4,68.9,627,932,5186,16,151,187,252,65,637,-37,33.7,14.1,544,250,65,68.05,321
1999,MP 288,1976,49.11574935,-120.8669968,1259,3.8,14.6,-4,18.6,1107,212,12.4,68.8,623,926,5189,15,151,187,252,65,636,-37,33.6,14.2,552,249,65,68.22,317
1999,MP 289,1976,49.04022979,-120.8937988,1466,3.1,13.6,-4.5,18.1,1158,224,11.3,60.9,656,788,5408,10,143,190,252,62,691,-37.2,32.1,14.1,503,197,66,78.72,238
1999,MP 290,1976,49.03955841,-120.8881989,1353,3.5,14.2,-4.2,18.4,1151,222,11.7,63.7,634,863,5282,13,148,188,252,64,672,-37,32.9,14.1,524,219,66,75.19,278
1999,35079,1979,49.18056106,-120.9610977,770,6.3,17.3,-2,19.3,1108,217,14.7,79.8,375,1411,4294,54,196,169,265,96,411,-33,36.7,14.1,676,335,65,54.31,604
1999,35179,1979,49.08110809,-120.8127975,1210,4.1,14.9,-3.6,18.5,996,191,14.2,77.8,560,968,5050,17,154,186,252,66,531,-36.8,33.9,14.3,567,282,64,54.88,341
1999,35379,1979,49.08889007,-120.8139038,1210,4,14.8,-3.8,18.6,1022,196,13.7,75.4,583,958,5092,17,153,186,252,65,563,-36.8,33.8,14.2,564,275,64,58.07,334
1999,SK93710,1993,49.21475894,-121.0660627,695,6.9,17.3,-0.8,18.1,1217,233,13.9,74.2,285,1447,4096,53,221,161,276,115,329,-30.2,35.9,13.6,643,288,68,68.55,606
1999,SK93711,1993,49.21441772,-121.0671746,686,6.9,17.3,-0.8,18,1217,233,13.9,74.3,282,1455,4082,53,222,161,276,116,325,-30.1,35.9,13.6,644,289,69,68.46,610
1999,SK93721,1993,49.21632862,-121.0684733,698,6.8,17.2,-0.8,18,1218,232,13.8,74.1,285,1441,4101,52,221,161,276,115,329,-30.2,35.8,13.6,642,287,68,68.81,602
1999,SK93722,1993,49.21739366,-121.0676078,698,6.8,17.2,-0.8,18,1218,233,13.8,74,286,1439,4105,52,221,161,276,115,331,-30.3,35.8,13.6,642,287,68,68.85,602
1999,SK93734,1993,49.19803638,-120.9928605,869,6.1,16.7,-1.7,18.4,1141,222,14.1,75.3,360,1308,4369,41,197,169,268,99,402,-32.6,35.5,13.9,638,294,66,62.29,535
1999,SK93735,1993,49.19748268,-120.9920592,869,6.1,16.7,-1.7,18.4,1139,222,14.1,75.5,360,1307,4371,41,197,169,268,99,403,-32.7,35.5,13.9,639,295,66,62.12,535
1999,SK93736,1993,49.20192025,-120.9885846,823,6.3,16.9,-1.5,18.5,1122,220,14.5,77,346,1352,4304,45,201,168,269,101,380,-32.3,35.7,13.9,645,303,66,59.49,559
1999,00NCc13,2000,49.22752855,-120.9627241,900,5.8,16.7,-2.2,18.8,1158,223,13.7,74.9,400,1284,4460,40,189,172,265,93,454,-33.6,35.6,14,642,298,66,63.8,526
1999,00NCe73,2000,49.12286895,-120.8200364,1455,2.9,13.6,-4.6,18.2,1116,213,11.6,63.9,701,777,5477,10,140,191,249,58,706,-37.5,32.2,14.1,507,216,66,74.51,232
1999,00NCe74,2000,49.12958668,-120.8160951,1620,2.5,12.8,-4.9,17.8,1127,213,11.1,60.2,728,678,5644,7,134,193,249,57,731,-37.8,31.1,14,476,186,66,79.42,183
1999,00NCe75,2000,49.13184343,-120.8212604,1750,2.2,12.3,-5,17.3,1125,214,10.8,57.6,740,608,5752,6,129,194,250,56,729,-37.9,30.3,14,406,165,67,81.82,150
1999,00NCe76,2000,49.12956482,-120.8230328,1665,2.4,12.7,-4.9,17.6,1116,213,11.1,59.5,727,655,5673,6,132,193,250,57,718,-37.8,30.9,14,468,179,67,79.2,172
1999,00NCe77,2000,49.06956013,-120.905716,1470,3.1,13.6,-4.5,18.2,1171,226,11.2,60.4,668,789,5423,10,143,190,252,63,706,-37.2,32.2,14.1,502,194,66,80.2,238
1999,00NCe78,2000,49.08614425,-120.9258513,1840,1.8,11.9,-5.4,17.4,1223,231,9.6,51.7,819,564,5911,5,129,193,252,60,822,-37.7,29.7,13.8,385,129,69,94.51,131
1999,00NCe79,2000,49.08811762,-120.9446303,1790,2,12.2,-5.2,17.4,1257,236,9.6,51.7,780,596,5817,5,133,191,254,63,822,-37.4,30,13.8,389,127,69,97,145
1999,00NCe82,2000,49.04462405,-120.9646257,1810,1.9,12,-5.4,17.4,1301,248,9.1,48.5,801,583,5863,5,131,192,253,61,864,-37.4,30,13.8,389,116,69,101.74,139
1999,00NCe83,2000,49.0409285,-120.9723988,1800,1.9,12.1,-5.4,17.5,1323,252,9,48,793,589,5844,5,132,192,253,62,874,-37.3,30,13.8,389,113,69,103.8,142
1999,00NCe84,2000,49.04042506,-120.9724193,685,7.5,18,-0.4,18.3,1321,252,13.3,71.5,251,1601,3876,70,217,156,277,121,313,-32.2,36.1,14.1,678,276,64,73.19,695
1999,00NCe85,2000,49.03686803,-120.9645592,1705,2.4,12.6,-4.9,17.5,1305,248,9.5,50.7,726,652,5676,6,138,190,255,65,823,-37,30.6,13.8,450,128,69,99.78,171
1999,00NCe86,2000,49.04063959,-120.9800327,1745,2.2,12.4,-5.1,17.5,1330,253,9.2,49,752,626,5744,6,136,191,254,64,854,-37,30.3,13.8,397,119,69,103.19,158
1999,00NCe87,2000,49.03145849,-120.9420956,1820,1.8,12,-5.5,17.5,1201,231,9.8,51.9,817,574,5895,5,129,193,252,59,806,-37.5,30,13.8,390,133,69,91.81,135
1999,00NCe89,2000,49.05549669,-120.9155332,1725,2.3,12.5,-5,17.5,1174,226,10.5,55.2,734,637,5707,6,134,192,253,61,744,-37.4,30.5,13.9,406,153,68,86.44,163
1999,00NCe90,2000,49.06442921,-120.8922135,1325,3.5,14.3,-4.2,18.5,1156,224,11.7,63.7,644,878,5276,13,149,188,252,64,679,-37,33.1,14.1,529,222,66,75.11,288
1999,00NCe91,2000,49.11667802,-120.8651929,1450,3.2,13.7,-4.3,18.1,1105,212,11.9,64.6,659,798,5401,11,143,190,252,62,663,-37.3,32.3,14.1,505,214,66,73.11,243
1999,00NCe92,2000,49.12229155,-120.8690776,1665,2.4,12.7,-4.9,17.6,1109,214,11.2,59.3,728,663,5664,6,134,192,252,59,702,-37.6,30.8,14,464,175,67,78.77,176
1999,00NCe93,2000,49.13832844,-120.8485222,1615,2.6,12.9,-4.9,17.8,1121,219,11.2,59.1,721,692,5619,7,136,192,251,59,709,-37.6,31.1,14,474,178,67,78.9,190
1999,00NCe94,2000,49.1422333,-120.8451718,1565,2.7,13.1,-4.8,18,1121,220,11.3,59.8,721,717,5584,8,137,192,251,59,710,-37.5,31.4,14,484,187,67,77.78,203
1999,00NCe95,2000,49.12585389,-120.8366702,1540,2.8,13.2,-4.6,17.8,1098,212,11.7,62.5,689,732,5524,9,138,192,250,59,679,-37.6,31.7,14.1,490,201,66,74.51,209
1999,114791,2007,49.1638298,-120.7723007,2225,-0.2,9.8,-7.2,17,1397,257,7,38.1,1152,344,6627,1,100,194,244,49,1111,-39.7,27.1,13.6,280,68,71,120.4,49
1999,114792,2007,49.16588973,-120.7787018,2225,-0.2,9.8,-7.3,17,1405,259,7,37.8,1158,341,6639,1,99,194,243,49,1118,-39.8,27.1,13.7,280,66,70,121.28,49
1999,114793,2007,49.16717147,-120.7802963,2200,-0.1,9.9,-7.1,17.1,1395,258,7.1,38.4,1133,353,6590,1,101,195,243,49,1100,-39.7,27.3,13.7,283,70,70,119.74,52
1999,114794,2007,49.16852951,-120.7815018,2145,0.2,10.2,-6.9,17.1,1377,257,7.4,39.9,1079,380,6486,2,104,195,244,49,1065,-39.5,27.6,13.7,290,78,70,116.76,60
1999,114795,2007,49.16878128,-120.781601,2140,0.2,10.3,-6.9,17.1,1375,256,7.4,40,1075,382,6477,2,105,195,244,49,1062,-39.5,27.7,13.7,345,79,70,116.4,61
1999,114796,2007,49.17169952,-120.7848969,2100,0.4,10.5,-6.7,17.2,1347,253,7.7,41.3,1042,403,6407,2,107,196,245,49,1027,-39.3,28,13.7,351,86,70,112.79,67
1999,114797,2007,49.17219924,-120.7894974,2125,0.3,10.4,-6.8,17.1,1344,253,7.6,41,1065,391,6452,2,106,195,244,49,1032,-39.4,27.8,13.7,348,84,70,112.93,63
1999,12-1929,2015,49.20005416,-120.9982758,906,5.9,16.6,-1.9,18.5,1158,226,13.8,73.5,372,1281,4420,39,195,171,268,97,423,-32.6,35.4,13.9,633,286,67,64.73,521
1999,02-3085,2019,49.14056015,-120.7638931,2044,0.7,10.8,-6.4,17.3,1381,250,7.7,43.3,991,436,6299,2,111,196,246,50,1045,-39,28.4,13.8,362,98,69,114.72,79
1999,02-3087,2019,49.1199913,-120.752121,1874,1.6,11.8,-5.7,17.4,1262,234,9.2,50.4,845,539,5977,5,122,195,249,54,891,-38.3,29.6,13.9,390,131,68,98.45,120
1999,02-3088,2019,49.13434982,-120.7645264,1928,1.3,11.5,-5.9,17.4,1330,243,8.5,47.3,893,504,6083,4,119,195,248,52,962,-38.5,29.3,13.9,381,117,68,106.8,105
1999,02-3089,2019,49.14989852,-120.7567673,2136,0.2,10.3,-6.9,17.2,1381,251,7.4,41.2,1072,388,6465,2,105,195,244,49,1076,-39.4,27.8,13.7,347,86,70,116.7,63
1999,02-3090,2019,49.1461296,-120.7544632,2119,0.3,10.4,-6.8,17.2,1380,251,7.5,41.6,1056,396,6434,2,106,195,245,49,1069,-39.3,27.9,13.7,350,88,70,116.31,65
1999,12-2000,2019,49.13544082,-120.7637634,1954,1.2,11.3,-6,17.4,1341,244,8.3,46.4,914,488,6131,4,117,196,247,52,980,-38.7,29.1,13.8,377,113,69,108.53,99
1999,12-9554,2019,49.0820198,-120.9237823,1792,1.9,12.1,-5.3,17.4,1214,230,9.8,52.7,793,589,5844,5,130,193,252,60,803,-37.7,30,13.8,393,137,69,92.47,142
1999,12-9555,2019,49.16053009,-120.76474,1876,1.6,11.7,-5.6,17.3,1360,252,8.5,46.4,845,533,5984,5,122,195,249,54,954,-38.4,29.5,13.9,388,114,68,108.57,117
1999,14-4318,2019,49.10192108,-120.7574768,1956,1.1,11.3,-6.1,17.4,1245,230,8.9,49.2,923,486,6146,4,117,195,248,52,916,-38.6,29,13.8,375,122,69,99.16,98
1999,14-4319,2019,49.10179138,-120.7552795,1890,1.5,11.7,-5.8,17.4,1242,229,9.2,50.8,865,525,6020,4,121,195,249,54,887,-38.3,29.5,13.9,386,132,68,97.12,114
1999,14-4320,2019,49.07690048,-120.7710724,1815,1.9,12.1,-5.4,17.5,1110,202,10.7,59.8,794,575,5863,5,126,194,250,55,757,-38.1,30,14,400,172,67,81.67,136
1999,14-4323,2019,49.16270065,-120.7649994,1994,1,11.1,-6.1,17.2,1353,252,8.1,44.1,940,466,6194,4,115,195,247,52,994,-38.8,28.7,13.8,368,101,69,110.79,90
1999,14-4324,2019,49.16270065,-120.7649002,1988,1,11.1,-6.1,17.2,1352,251,8.1,44.3,935,469,6183,4,115,195,247,52,990,-38.8,28.8,13.8,369,102,69,110.51,91
1999,14-4325,2019,49.15930175,-120.7705002,1981,1,11.1,-6.1,17.3,1394,257,7.9,43.4,934,469,6182,4,115,196,247,51,1023,-38.8,28.8,13.8,370,98,69,114.71,91
1999,14-4326,2019,49.1603012,-120.7731018,2030,0.8,10.9,-6.3,17.2,1395,257,7.7,42.2,976,440,6275,2,112,196,246,50,1041,-39,28.5,13.8,362,91,69,115.97,80
1999,14-4361,2019,49.15879821,-120.7743988,2093,0.5,10.5,-6.6,17.1,1403,258,7.4,40.7,1030,406,6388,2,108,196,245,50,1070,-39.3,28,13.7,352,83,69,118.27,69
1999,14-4382,2019,49.1646614,-120.7790527,2197,-0.1,9.9,-7.1,17.1,1402,259,7.1,38.4,1131,354,6586,1,101,195,244,49,1106,-39.7,27.3,13.7,283,70,70,120.42,52
1999,14-4383,2019,49.15822982,-120.7749863,2106,0.4,10.4,-6.7,17.1,1405,258,7.4,40.4,1041,399,6412,2,107,195,245,49,1076,-39.3,27.9,13.7,350,81,70,118.72,66
1999,14-4384,2019,49.15280151,-120.7717896,2062,0.6,10.7,-6.5,17.2,1400,256,7.6,41.8,1008,424,6336,2,110,196,246,50,1062,-39.1,28.3,13.8,358,90,69,117.19,75
1999,14-4385,2019,49.16463088,-120.7775726,2217,-0.2,9.8,-7.2,17,1405,259,7,38,1149,345,6622,1,100,194,243,49,1116,-39.8,27.1,13.7,281,67,70,121.18,50
1999,14-4386,2019,49.10020828,-120.7596817,2009,0.8,11,-6.3,17.4,1245,229,8.7,48.1,971,456,6247,4,114,195,247,51,936,-38.8,28.6,13.8,367,116,69,100.45,86
1999,14-4387,2019,49.09149169,-120.7733994,1955,1.2,11.3,-6.1,17.4,1225,222,9.1,51.1,918,493,6131,4,118,195,248,53,899,-38.5,29.1,13.8,376,130,69,96.98,101
1999,14-4388,2019,49.06903839,-120.7620316,1624,2.6,13,-4.8,17.8,1036,193,12.2,67.2,708,692,5600,7,135,192,251,58,662,-37.6,31.2,14.1,481,210,66,69.64,189
1999,14-4573,2019,49.07849884,-120.9320297,1590,2.9,13.1,-4.5,17.7,1202,230,10.7,57.2,663,726,5497,9,143,189,255,66,717,-37,31.3,13.9,473,165,67,86.43,205
1999,14-4577,2019,49.14511871,-120.7613602,2052,0.7,10.8,-6.5,17.2,1384,251,7.7,42.9,995,431,6311,2,110,196,246,50,1048,-39.1,28.4,13.8,361,96,69,115.29,77
1999,14-4585,2019,49.07535934,-120.7685013,1752,2.2,12.4,-5.2,17.5,1082,198,11.3,62.5,749,614,5754,6,129,194,250,57,715,-37.9,30.4,14,410,186,67,77.17,153
1999,14-4587,2019,49.0782814,-120.917923,1679,2.5,12.7,-4.9,17.6,1196,228,10.4,55.6,715,662,5649,6,136,191,253,62,747,-37.4,30.7,13.9,460,157,67,87.73,175
1999,14-4588,2019,49.0820198,-120.9236526,1792,1.9,12.1,-5.3,17.4,1214,230,9.8,52.7,792,589,5844,5,130,193,252,60,803,-37.7,30,13.8,393,137,69,92.45,142
1999,19JCG13,2019,49.11692047,-120.6429367,1080,5.1,16,-2.8,18.7,798,181,19,88.5,457,1152,4693,29,170,180,257,77,358,-35.6,35,14.3,637,344,63,29.08,447
1999,19JCG15,2019,49.11320114,-120.6441498,1046,5.3,16.2,-2.6,18.8,806,181,19,89.4,444,1185,4636,31,172,179,258,79,352,-35.5,35.3,14.3,644,350,63,28.76,467
1999,19JCG18,2019,49.11236953,-120.6519089,1088,5.1,15.9,-2.8,18.7,804,180,18.8,88.4,461,1143,4708,28,169,180,257,77,364,-35.7,35,14.3,635,342,63,29.97,441
2000,MP 291,1976,49.03950881,-120.8720016,1308,3.5,13.4,-6.2,19.6,758,245,17.9,54.5,762,973,5260,12,155,169,256,86,363,-37,33.2,14.2,554,220,64,32.03,322
2000,MP 292,1976,49.03998947,-120.8811035,1277,3.6,13.5,-6.3,19.8,769,250,17.7,54.2,759,995,5230,13,156,168,255,87,366,-36.9,33.4,14.2,558,219,64,32.48,335
2000,MP 293,1976,49.04455947,-120.8516998,1259,3.8,13.7,-6.1,19.7,726,234,19,58.3,729,1020,5163,14,157,168,256,88,327,-36.9,33.6,14.2,600,244,63,26.95,349
2000,MP 294,1976,49.11808013,-120.8660965,1402,3.2,12.9,-6.3,19.2,755,242,17.5,53.3,788,897,5392,10,151,172,255,83,375,-37.2,32.6,14.1,533,204,64,34.46,277
2000,MP 295,1976,49.11931991,-120.8755035,1353,3.3,13.1,-6.4,19.5,757,244,17.6,53.9,788,936,5338,11,153,171,255,85,374,-37.1,33,14.1,543,211,65,33.4,300
2000,MP 296,1976,49.12162017,-120.8731003,1381,3.3,13,-6.3,19.3,758,244,17.5,53.2,788,915,5369,10,152,171,255,84,375,-37.1,32.7,14.1,537,205,65,34.17,287
2000,MP 299,1976,49.04080963,-120.8787003,1311,3.5,13.4,-6.3,19.6,767,249,17.6,53.7,768,969,5273,12,155,169,255,86,371,-37,33.2,14.1,552,215,64,33.15,319
2000,MP 281,1976,49.10832977,-120.7583008,1921,1.2,10.5,-7,17.4,842,259,13.3,40.5,1007,539,6131,2,124,186,252,66,556,-38.4,29.3,13.8,443,122,67,55.91,100
2000,MP 285,1976,49.07500076,-120.7750015,1481,3.1,12.6,-6.1,18.7,689,214,18.9,58.8,784,854,5442,7,146,175,253,79,340,-37.2,32.1,14.1,530,233,64,28.62,251
2000,MP 286,1976,49.07500076,-120.7750015,1326,3.6,13.4,-6,19.4,665,209,20.5,63.9,737,973,5227,12,153,170,253,83,296,-36.8,33.1,14.2,561,267,63,21.69,320
2000,MP 287,1976,49.11643981,-120.8702011,1250,3.6,13.6,-6.4,20.1,755,242,18.1,56.3,773,1012,5227,14,157,168,255,87,362,-37,33.7,14.1,564,232,64,30.37,345
2000,MP 288,1976,49.11574935,-120.8669968,1259,3.6,13.6,-6.4,20,755,242,18.1,56.3,769,1005,5230,14,156,168,255,87,360,-37,33.6,14.1,562,231,64,30.55,341
2000,MP 289,1976,49.04022979,-120.8937988,1466,3.1,12.6,-6.1,18.7,781,255,16.7,49.5,782,853,5443,8,148,173,255,82,393,-37.2,32.1,14.1,522,180,64,38.88,251
2000,MP 290,1976,49.03955841,-120.8881989,1353,3.4,13.1,-6.2,19.3,777,253,17.2,52,768,937,5313,11,153,170,255,85,378,-37,32.9,14.1,543,202,64,35.32,300
2000,35079,1979,49.18056106,-120.9610977,770,6.2,16.5,-4.4,20.8,754,248,21.5,66.3,502,1517,4335,50,197,146,267,121,209,-33,36.7,14.1,686,312,64,16.49,659
2000,35179,1979,49.08110809,-120.8127975,1210,4,13.9,-6,19.9,678,216,20.7,64.1,704,1053,5092,15,159,167,255,88,287,-36.8,33.9,14.3,610,273,62,20.64,368
2000,35379,1979,49.08889007,-120.8139038,1210,3.9,13.8,-6.2,20,697,222,19.9,62.4,730,1043,5136,15,158,167,254,87,307,-36.8,33.8,14.2,607,265,63,23.06,362
2000,SK93710,1993,49.21475894,-121.0660627,695,6.8,16.3,-2.8,19.1,826,273,20.3,59.8,378,1539,4128,49,218,137,277,140,163,-30.2,35.9,13.6,670,250,67,27.46,659
2000,SK93711,1993,49.21441772,-121.0671746,686,6.8,16.3,-2.8,19.1,826,273,20.4,59.9,374,1547,4114,50,218,137,277,141,160,-30.1,35.9,13.6,670,251,67,27.33,664
2000,SK93721,1993,49.21632862,-121.0684733,698,6.8,16.3,-2.8,19,826,272,20.3,59.7,377,1532,4133,48,217,137,277,140,163,-30.2,35.8,13.6,668,249,67,27.69,655
2000,SK93722,1993,49.21739366,-121.0676078,698,6.7,16.3,-2.8,19.1,827,273,20.3,59.6,379,1532,4136,48,217,137,277,140,164,-30.3,35.8,13.6,668,249,67,27.74,655
2000,SK93734,1993,49.19803638,-120.9928605,869,6,15.8,-3.9,19.7,779,256,20.5,61.5,473,1406,4402,37,198,146,270,124,204,-32.6,35.5,13.9,646,265,65,24.15,583
2000,SK93735,1993,49.19748268,-120.9920592,869,6,15.8,-3.9,19.7,778,256,20.5,61.6,474,1405,4404,37,197,146,270,123,204,-32.7,35.5,13.9,647,266,65,24,583
2000,SK93736,1993,49.20192025,-120.9885846,823,6.2,16,-3.8,19.8,769,254,21,62.9,458,1447,4340,41,201,145,271,126,191,-32.3,35.7,13.9,653,274,65,22.11,609
2000,00NCc13,2000,49.22752855,-120.9627241,900,5.7,15.7,-4.6,20.3,793,256,19.8,61.4,527,1384,4499,36,191,149,267,118,235,-33.6,35.6,14,651,269,64,25.29,573
2000,00NCe73,2000,49.12286895,-120.8200364,1455,2.8,12.5,-6.7,19.3,760,240,16.9,52.3,844,842,5529,7,145,175,253,78,407,-37.5,32.2,14.1,526,202,65,36.45,244
2000,00NCe74,2000,49.12958668,-120.8160951,1620,2.4,11.8,-6.5,18.3,768,241,16.1,49.1,860,729,5696,6,139,179,253,74,428,-37.8,31.1,14,495,171,65,41.49,184
2000,00NCe75,2000,49.13184343,-120.8212604,1750,2.1,11.3,-6.1,17.4,767,241,15.7,46.7,861,650,5804,5,134,181,253,72,433,-37.9,30.3,14,470,152,65,44.39,146
2000,00NCe76,2000,49.12956482,-120.8230328,1665,2.3,11.6,-6.3,17.9,761,240,16.1,48.4,855,703,5725,6,138,179,253,74,422,-37.8,30.9,14,486,164,65,41.83,171
2000,00NCe77,2000,49.06956013,-120.905716,1470,3,12.6,-6.2,18.8,792,257,16.4,49.1,797,853,5460,8,149,173,255,82,407,-37.2,32.2,14,521,176,65,40.05,251
2000,00NCe78,2000,49.08614425,-120.9258513,1840,1.7,10.9,-6.4,17.3,827,264,14.1,41.2,923,600,5948,4,134,181,256,75,515,-37.7,29.7,13.8,447,124,68,53.25,124
2000,00NCe79,2000,49.08811762,-120.9446303,1790,1.9,11.2,-6.4,17.5,848,270,14.1,41.3,885,636,5853,4,139,178,257,79,506,-37.4,30,13.7,451,122,68,54.55,139
2000,00NCe82,2000,49.04462405,-120.9646257,1810,1.8,11,-6.4,17.4,873,283,13.5,39,902,622,5892,4,137,179,256,77,536,-37.4,30,13.8,451,116,68,57.32,133
2000,00NCe83,2000,49.0409285,-120.9723988,1800,1.9,11.1,-6.3,17.4,887,287,13.4,38.6,893,630,5871,3,138,179,257,78,540,-37.3,30,13.8,452,114,68,58.61,136
2000,00NCe84,2000,49.04042506,-120.9724193,685,7.4,17,-2.5,19.5,886,287,19.7,59.2,335,1701,3898,67,216,132,278,146,147,-32.2,36.1,14.1,729,251,62,27.43,763
2000,00NCe85,2000,49.03686803,-120.9645592,1705,2.3,11.6,-6,17.6,874,283,14.1,41,832,700,5704,5,144,175,258,83,492,-37,30.6,13.8,468,126,67,55.01,169
2000,00NCe86,2000,49.04063959,-120.9800327,1745,2.2,11.4,-6.1,17.5,891,288,13.6,39.4,855,670,5771,4,141,177,257,81,519,-37,30.3,13.8,461,119,68,57.68,154
2000,00NCe87,2000,49.03145849,-120.9420956,1820,1.7,11,-6.5,17.4,808,263,14.5,41.7,919,613,5924,3,135,180,255,75,501,-37.5,30,13.8,452,128,68,50.82,130
2000,00NCe89,2000,49.05549669,-120.9155332,1725,2.2,11.5,-6.1,17.5,792,258,15.4,44.5,844,682,5741,5,140,178,256,78,444,-37.4,30.5,13.9,472,141,66,46.64,161
2000,00NCe90,2000,49.06442921,-120.8922135,1325,3.4,13.3,-6.3,19.6,782,255,17.1,52.1,782,954,5309,12,154,170,255,85,386,-37,33.1,14.1,548,204,65,35.28,311
2000,00NCe91,2000,49.11667802,-120.8651929,1450,3,12.7,-6.2,18.9,754,241,17.3,52.5,795,862,5447,9,148,173,255,82,381,-37.3,32.3,14.1,524,196,65,35.74,257
2000,00NCe92,2000,49.12229155,-120.8690776,1665,2.3,11.7,-6.3,17.9,758,244,16.3,47.9,850,711,5711,6,140,178,255,77,419,-37.6,30.8,13.9,483,159,66,41.85,175
2000,00NCe93,2000,49.13832844,-120.8485222,1615,2.4,11.9,-6.4,18.3,769,249,16.2,47.8,851,743,5669,6,141,177,255,77,418,-37.6,31.1,13.9,492,162,66,41.8,192
2000,00NCe94,2000,49.1422333,-120.8451718,1565,2.5,12.1,-6.6,18.7,770,249,16.3,48.5,856,772,5636,7,142,177,254,77,418,-37.5,31.4,14,502,169,66,40.6,207
2000,00NCe95,2000,49.12585389,-120.8366702,1540,2.7,12.2,-6.3,18.5,751,240,16.9,50.8,823,789,5574,7,143,176,253,77,394,-37.6,31.7,14,509,184,65,37.68,215
2000,114791,2007,49.1638298,-120.7723007,2225,-0.4,8.8,-8.1,16.9,953,291,10.1,30.1,1241,351,6688,1,105,192,248,55,750,-39.7,27.1,13.6,342,76,69,74.78,43
2000,114792,2007,49.16588973,-120.7787018,2225,-0.4,8.7,-8.2,16.9,959,293,10,29.8,1246,347,6700,1,104,193,247,55,757,-39.8,27.1,13.6,342,75,69,75.47,42
2000,114793,2007,49.16717147,-120.7802963,2200,-0.3,8.9,-8.1,16.9,954,293,10.2,30.3,1223,360,6651,1,105,193,248,55,741,-39.7,27.3,13.6,347,78,69,74.35,45
2000,114794,2007,49.16852951,-120.7815018,2145,0,9.2,-7.8,17,943,291,10.6,31.5,1175,390,6547,1,109,192,248,57,709,-39.5,27.6,13.7,355,85,69,71.96,53
2000,114795,2007,49.16878128,-120.781601,2140,0.1,9.2,-7.8,17,942,290,10.7,31.7,1171,393,6538,1,109,191,248,57,706,-39.5,27.7,13.7,401,86,68,71.69,53
2000,114796,2007,49.17169952,-120.7848969,2100,0.2,9.4,-7.7,17.1,926,287,11.1,32.7,1143,417,6468,1,112,191,249,58,678,-39.3,28,13.7,409,92,68,69.08,60
2000,114797,2007,49.17219924,-120.7894974,2125,0.1,9.3,-7.7,17,924,287,11,32.4,1162,403,6513,1,110,191,248,57,687,-39.4,27.8,13.7,404,91,69,69.44,56
2000,12-1929,2015,49.20005416,-120.9982758,906,5.8,15.6,-4,19.6,791,261,20,59.8,487,1377,4451,35,195,148,270,122,216,-32.6,35.4,13.9,642,255,65,26.08,566
2000,02-3085,2019,49.14056015,-120.7638931,2044,0.5,9.8,-7.4,17.2,934,281,11.3,34.8,1098,455,6358,1,115,190,250,60,669,-39,28.4,13.8,421,100,68,68.18,71
2000,02-3087,2019,49.1199913,-120.752121,1874,1.4,10.7,-6.7,17.5,853,260,13.4,41.3,967,574,6034,3,127,185,252,68,540,-38.3,29.6,13.9,453,127,67,55.68,114
2000,02-3088,2019,49.13434982,-120.7645264,1928,1.1,10.4,-7,17.4,900,272,12.4,38.4,1010,534,6141,2,123,186,251,65,596,-38.5,29.3,13.8,443,116,67,61.72,98
2000,02-3089,2019,49.14989852,-120.7567673,2136,0.1,9.3,-7.8,17.1,937,282,10.8,32.9,1170,401,6526,1,110,192,248,57,705,-39.4,27.8,13.7,405,91,68,70.81,55
2000,02-3090,2019,49.1461296,-120.7544632,2119,0.2,9.4,-7.7,17.1,936,282,10.9,33.2,1155,410,6494,1,111,191,249,58,697,-39.3,27.9,13.7,408,92,68,70.32,58
2000,12-2000,2019,49.13544082,-120.7637634,1954,1,10.3,-7.1,17.4,907,274,12.1,37.6,1029,515,6190,2,122,187,251,64,612,-38.7,29.1,13.8,438,112,67,63.09,91
2000,12-9554,2019,49.0820198,-120.9237823,1792,1.9,11.1,-6.4,17.5,821,263,14.4,42.2,900,629,5881,4,136,180,256,76,496,-37.7,30,13.8,456,130,67,51.52,136
2000,12-9555,2019,49.16053009,-120.76474,1876,1.4,10.7,-6.7,17.4,928,284,12.3,37.5,968,566,6045,3,127,185,252,67,585,-38.4,29.5,13.8,451,115,67,63.52,110
2000,14-4318,2019,49.10192108,-120.7574768,1956,1,10.3,-7.1,17.4,837,255,13.1,40.3,1035,514,6200,2,122,187,251,64,568,-38.6,29,13.8,436,121,68,56.3,91
2000,14-4319,2019,49.10179138,-120.7552795,1890,1.3,10.6,-6.8,17.5,835,255,13.6,41.7,983,559,6075,3,126,185,252,67,539,-38.3,29.5,13.8,448,128,67,54.52,108
2000,14-4320,2019,49.07690048,-120.7710724,1815,1.8,11,-6.4,17.4,745,226,15.8,48.9,914,617,5913,4,131,183,253,70,450,-38.1,30,13.9,464,162,66,43.38,131
2000,14-4323,2019,49.16270065,-120.7649994,1994,0.8,10,-7.2,17.2,925,284,11.7,35.4,1053,489,6256,1,120,188,251,63,631,-38.8,28.7,13.8,429,104,68,66.04,82
2000,14-4324,2019,49.16270065,-120.7649002,1988,0.9,10.1,-7.1,17.2,924,283,11.7,35.5,1048,493,6245,1,120,188,251,63,628,-38.8,28.8,13.8,430,104,68,65.8,83
2000,14-4325,2019,49.15930175,-120.7705002,1981,0.9,10.1,-7.2,17.3,950,290,11.4,34.8,1047,492,6243,1,120,188,251,63,648,-38.8,28.8,13.8,431,101,67,68.32,83
2000,14-4326,2019,49.1603012,-120.7731018,2030,0.6,9.8,-7.4,17.2,951,291,11.2,33.7,1084,459,6335,1,116,189,250,61,669,-39,28.5,13.7,421,95,68,69.77,72
2000,14-4361,2019,49.15879821,-120.7743988,2093,0.3,9.5,-7.6,17,956,292,10.8,32.4,1131,421,6448,1,112,190,249,59,699,-39.3,28,13.7,410,88,68,71.91,61
2000,14-4382,2019,49.1646614,-120.7790527,2197,-0.2,8.9,-8,16.9,957,293,10.2,30.3,1221,362,6646,1,106,192,248,55,744,-39.7,27.3,13.6,347,78,69,74.65,46
2000,14-4383,2019,49.15822982,-120.7749863,2106,0.2,9.4,-7.6,17,957,292,10.7,32.1,1141,413,6472,1,112,191,249,58,705,-39.3,27.9,13.7,408,87,68,72.33,59
2000,14-4384,2019,49.15280151,-120.7717896,2062,0.4,9.6,-7.5,17.1,951,289,11,33.4,1113,441,6396,1,114,190,249,60,687,-39.1,28.3,13.7,416,94,68,70.58,67
2000,14-4385,2019,49.16463088,-120.7775726,2217,-0.3,8.8,-8.1,16.9,959,293,10.1,30,1238,352,6683,1,104,193,248,55,753,-39.8,27.1,13.6,344,76,69,75.29,43
2000,14-4386,2019,49.10020828,-120.7596817,2009,0.7,10,-7.3,17.3,836,254,12.8,39.3,1078,479,6301,1,118,188,250,62,590,-38.8,28.6,13.7,427,116,68,57.53,79
2000,14-4387,2019,49.09149169,-120.7733994,1955,1,10.3,-7,17.4,821,246,13.4,41.9,1028,521,6183,2,123,186,252,65,559,-38.5,29.1,13.8,437,127,68,54.47,94
2000,14-4388,2019,49.06903839,-120.7620316,1624,2.5,11.9,-6.3,18.2,696,216,17.9,55.3,840,747,5650,6,140,178,254,76,375,-37.6,31.2,14,500,205,65,33.63,193
2000,14-4573,2019,49.07849884,-120.9320297,1590,2.8,12.1,-5.7,17.8,813,263,15.8,46.1,779,781,5532,7,149,173,258,85,415,-37,31.3,13.9,491,148,66,45.77,209
2000,14-4577,2019,49.14511871,-120.7613602,2052,0.5,9.7,-7.5,17.2,938,283,11.2,34.4,1101,449,6371,1,115,190,250,60,672,-39.1,28.4,13.7,420,98,68,68.85,69
2000,14-4585,2019,49.07535934,-120.7685013,1752,2.1,11.3,-6.2,17.5,727,222,16.6,51.2,872,660,5805,5,134,181,253,72,416,-37.9,30.4,14,476,176,65,39.95,151
2000,14-4587,2019,49.0782814,-120.917923,1679,2.4,11.7,-6,17.6,808,260,15.3,44.8,828,710,5686,6,142,177,256,79,444,-37.4,30.7,13.9,478,143,66,47.3,174
2000,14-4588,2019,49.0820198,-120.9236526,1792,1.9,11.1,-6.4,17.5,821,263,14.4,42.2,900,629,5881,4,136,180,256,76,496,-37.7,30,13.8,456,130,67,51.51,136
2000,19JCG13,2019,49.11692047,-120.6429367,1080,5,15,-5.3,20.2,561,195,26.7,76.8,610,1240,4759,26,172,159,259,100,184,-35.6,35,14.3,647,349,62,3.23,486
2000,19JCG15,2019,49.11320114,-120.6441498,1046,5.1,15.2,-5.2,20.3,566,195,26.7,77.7,596,1285,4701,29,175,158,260,102,181,-35.5,35.3,14.3,655,355,62,2.54,510
2000,19JCG18,2019,49.11236953,-120.6519089,1088,4.9,14.9,-5.3,20.2,564,195,26.5,76.6,613,1231,4773,26,172,160,259,100,187,-35.7,35,14.3,645,347,62,3.8,480
2001,MP 291,1976,49.03950881,-120.8720016,1308,4.1,15.1,-6,21,854,177,16.5,85.1,649,1052,5075,20,160,157,267,110,271,-37,33.2,14.3,593,301,64,39.82,388
2001,MP 292,1976,49.03998947,-120.8811035,1277,4.2,15.2,-6,21.2,867,181,16.3,84.3,646,1074,5047,21,162,156,267,111,270,-36.9,33.4,14.3,598,301,64,40.43,401
2001,MP 293,1976,49.04455947,-120.8516998,1259,4.3,15.4,-5.6,21,817,168,17.6,91.3,616,1101,4979,22,163,156,268,112,247,-36.9,33.6,14.4,606,321,64,34.11,417
2001,MP 294,1976,49.11808013,-120.8660965,1402,3.7,14.6,-5.8,20.4,843,171,16.3,85.3,673,974,5195,16,156,158,267,108,290,-37.2,32.6,14.2,538,290,65,41.45,343
2001,MP 295,1976,49.11931991,-120.8755035,1353,3.9,14.8,-6,20.8,846,172,16.4,86.1,672,1011,5146,18,159,157,267,109,285,-37.1,33,14.2,581,297,65,40.46,366
2001,MP 296,1976,49.12162017,-120.8731003,1381,3.8,14.7,-5.9,20.6,846,173,16.3,85.2,673,991,5174,17,158,158,267,109,288,-37.1,32.7,14.2,542,292,65,41.19,354
2001,MP 299,1976,49.04080963,-120.8787003,1311,4,15.1,-6,21,864,180,16.2,83.8,655,1047,5088,19,160,157,267,110,275,-37,33.2,14.3,591,297,65,41.09,385
2001,MP 281,1976,49.10832977,-120.7583008,1921,1.7,12.2,-6,18.2,932,183,12.6,66.7,898,627,5922,6,130,168,264,96,441,-38.4,29.3,14,407,203,68,62.65,157
2001,MP 285,1976,49.07500076,-120.7750015,1481,3.6,14.3,-5.3,19.6,773,150,17.6,95.2,668,935,5237,14,152,160,265,105,277,-37.2,32.1,14.3,534,308,64,34.93,319
2001,MP 286,1976,49.07500076,-120.7750015,1326,4.2,15,-5.2,20.2,746,147,19,102.5,619,1057,5029,20,160,157,266,109,239,-36.8,33.1,14.4,600,338,63,27.77,389
2001,MP 287,1976,49.11643981,-120.8702011,1250,4.2,15.3,-6.2,21.6,844,171,16.8,89.4,657,1093,5041,22,163,156,267,111,271,-37,33.7,14.3,603,316,64,37.34,413
2001,MP 288,1976,49.11574935,-120.8669968,1259,4.2,15.3,-6.1,21.4,843,171,16.8,89.3,653,1086,5043,22,162,156,267,111,271,-37,33.6,14.3,601,314,64,37.51,409
2001,MP 289,1976,49.04022979,-120.8937988,1466,3.6,14.3,-5.5,19.8,880,184,15.4,77.5,672,927,5253,14,154,160,267,107,300,-37.2,32.1,14.2,525,266,65,46.88,315
2001,MP 290,1976,49.03955841,-120.8881989,1353,3.9,14.8,-5.8,20.6,875,183,15.9,81.1,656,1010,5126,18,159,157,267,109,283,-37,32.9,14.3,582,286,65,43.42,365
2001,35079,1979,49.18056106,-120.9610977,770,6.7,18,-3.7,21.7,850,176,19.7,101.9,405,1594,4164,75,204,139,278,138,154,-33,36.7,14.2,704,389,64,24.04,726
2001,35179,1979,49.08110809,-120.8127975,1210,4.6,15.6,-5.4,21,756,153,19.3,101.9,591,1138,4905,26,165,155,267,112,223,-36.8,33.9,14.4,629,344,63,26.33,439
2001,35379,1979,49.08889007,-120.8139038,1210,4.4,15.5,-5.6,21.1,778,157,18.6,98.7,614,1126,4947,24,164,155,266,111,236,-36.8,33.8,14.4,614,339,63,29.11,431
2001,SK93710,1993,49.21475894,-121.0660627,695,7.3,17.8,-1.9,19.7,944,195,18.3,91.8,302,1618,3968,74,226,132,286,155,119,-30.2,35.9,13.8,679,335,67,37.48,726
2001,SK93711,1993,49.21441772,-121.0671746,686,7.3,17.9,-1.8,19.7,945,195,18.3,91.9,299,1626,3955,75,227,131,287,155,117,-30.1,35.9,13.8,679,336,68,37.39,731
2001,SK93721,1993,49.21632862,-121.0684733,698,7.2,17.8,-1.9,19.7,945,194,18.3,91.7,302,1612,3973,73,226,132,286,155,119,-30.2,35.8,13.8,677,334,67,37.69,721
2001,SK93722,1993,49.21739366,-121.0676078,698,7.2,17.8,-1.9,19.7,945,194,18.2,91.7,303,1612,3976,73,226,132,286,154,119,-30.3,35.8,13.8,677,334,67,37.72,721
2001,SK93734,1993,49.19803638,-120.9928605,869,6.5,17.3,-3.1,20.4,884,182,18.7,95.2,383,1486,4239,57,205,139,280,141,153,-32.6,35.5,14.1,665,344,66,32.34,647
2001,SK93735,1993,49.19748268,-120.9920592,869,6.5,17.3,-3.1,20.4,883,182,18.7,95.4,384,1486,4241,57,205,139,280,141,153,-32.7,35.5,14.1,665,345,65,32.18,647
2001,SK93736,1993,49.20192025,-120.9885846,823,6.7,17.5,-2.9,20.4,871,180,19.1,97.6,369,1527,4169,62,208,138,281,143,143,-32.3,35.7,14,672,353,66,30.08,673
2001,00NCc13,2000,49.22752855,-120.9627241,900,6.2,17.3,-3.7,20.9,900,180,18,96.2,428,1465,4332,56,198,141,277,136,178,-33.6,35.6,14.2,670,351,65,33.66,639
2001,00NCe73,2000,49.12286895,-120.8200364,1455,3.4,14.3,-6.2,20.5,847,169,15.8,84.5,727,921,5326,14,151,160,265,104,317,-37.5,32.2,14.2,531,287,65,43.2,311
2001,00NCe74,2000,49.12958668,-120.8160951,1620,2.9,13.5,-5.7,19.3,854,169,15.1,80.1,747,812,5492,10,144,163,265,102,342,-37.8,31.1,14.2,499,260,66,47.92,250
2001,00NCe75,2000,49.13184343,-120.8212604,1750,2.6,13,-5.3,18.3,854,169,14.8,76.7,753,734,5600,9,140,165,265,100,352,-37.9,30.3,14.1,431,239,66,50.68,210
2001,00NCe76,2000,49.12956482,-120.8230328,1665,2.8,13.3,-5.6,18.9,848,169,15.1,79,744,786,5521,10,143,164,265,102,340,-37.8,30.9,14.2,491,253,66,48.24,237
2001,00NCe77,2000,49.06956013,-120.905716,1470,3.5,14.3,-5.7,20,891,185,15.2,77.1,686,927,5270,14,154,160,267,107,309,-37.2,32.2,14.2,524,265,65,48.14,315
2001,00NCe78,2000,49.08614425,-120.9258513,1840,2.2,12.6,-5.5,18.1,927,190,13.1,66.2,820,680,5757,7,139,165,267,102,394,-37.7,29.7,13.9,409,198,68,61.24,183
2001,00NCe79,2000,49.08811762,-120.9446303,1790,2.4,12.9,-5.4,18.2,952,195,13.1,66,782,714,5664,8,143,163,269,106,389,-37.4,30,13.9,413,196,68,62.98,200
2001,00NCe82,2000,49.04462405,-120.9646257,1810,2.3,12.7,-5.5,18.2,987,208,12.5,61.1,800,699,5708,6,141,164,267,103,405,-37.4,30,13.9,412,183,68,66.81,192
2001,00NCe83,2000,49.0409285,-120.9723988,1800,2.4,12.8,-5.4,18.2,1004,211,12.3,60.4,792,705,5688,6,142,163,268,104,408,-37.3,30,13.9,413,180,68,68.33,195
2001,00NCe84,2000,49.04042506,-120.9724193,685,7.9,18.7,-1.4,20.1,1002,211,17.9,88.4,265,1778,3750,99,224,128,287,160,104,-32.2,36.1,14.2,717,340,63,37.4,832
2001,00NCe85,2000,49.03686803,-120.9645592,1705,2.8,13.3,-5.1,18.4,989,208,13,63.7,729,774,5521,9,148,161,269,108,375,-37,30.6,14,471,196,68,64.56,231
2001,00NCe86,2000,49.04063959,-120.9800327,1745,2.6,13,-5.3,18.3,1008,212,12.5,61.4,753,745,5589,8,146,162,268,107,393,-37,30.3,13.9,464,186,68,67.46,215
2001,00NCe87,2000,49.03145849,-120.9420956,1820,2.2,12.7,-5.6,18.3,912,193,13.4,65.7,816,691,5739,6,139,165,267,102,380,-37.5,30,14,414,199,68,59.29,188
2001,00NCe89,2000,49.05549669,-120.9155332,1725,2.7,13.1,-5.2,18.4,893,187,14.3,70.4,740,761,5551,10,144,163,267,104,345,-37.4,30.5,14.1,475,221,67,54.52,224
2001,00NCe90,2000,49.06442921,-120.8922135,1325,3.9,14.9,-6.1,21,881,184,15.8,81.3,668,1027,5123,19,160,157,267,109,287,-37,33.1,14.3,586,290,65,43.34,376
2001,00NCe91,2000,49.11667802,-120.8651929,1450,3.6,14.4,-5.7,20.1,843,171,16.1,84.2,682,939,5251,15,154,159,267,107,297,-37.3,32.3,14.2,528,283,65,42.65,322
2001,00NCe92,2000,49.12229155,-120.8690776,1665,2.9,13.4,-5.5,18.9,846,172,15.2,77.6,741,792,5512,10,145,163,266,104,333,-37.6,30.8,14.1,487,246,66,48.44,240
2001,00NCe93,2000,49.13832844,-120.8485222,1615,3,13.6,-5.6,19.2,857,175,15.1,77.9,738,825,5467,10,147,162,266,104,335,-37.6,31.1,14.1,497,252,66,48.46,258
2001,00NCe94,2000,49.1422333,-120.8451718,1565,3.1,13.8,-5.9,19.7,858,175,15.2,79,742,853,5433,11,148,162,266,104,332,-37.5,31.4,14.1,507,261,66,47.31,273
2001,00NCe95,2000,49.12585389,-120.8366702,1540,3.2,13.9,-5.7,19.6,837,169,15.8,82.3,710,870,5372,12,149,161,265,104,313,-37.6,31.7,14.2,514,272,65,44.18,281
2001,114791,2007,49.1638298,-120.7723007,2225,0.2,10.5,-7.4,17.9,1062,202,9.6,52,1143,434,6477,3,110,174,260,87,584,-39.7,27.1,13.8,338,136,70,83.5,76
2001,114792,2007,49.16588973,-120.7787018,2225,0.2,10.5,-7.4,17.9,1070,204,9.5,51.4,1149,430,6489,3,110,174,260,86,590,-39.8,27.1,13.8,338,134,70,84.38,75
2001,114793,2007,49.16717147,-120.7802963,2200,0.3,10.6,-7.3,17.9,1064,203,9.7,52.2,1125,444,6441,4,111,174,260,86,580,-39.7,27.3,13.8,342,139,69,83.17,80
2001,114794,2007,49.16852951,-120.7815018,2145,0.6,10.9,-7,17.9,1051,201,10.1,54.1,1075,475,6337,4,115,173,261,88,558,-39.5,27.6,13.9,350,149,69,80.56,91
2001,114795,2007,49.16878128,-120.781601,2140,0.6,10.9,-7,17.9,1049,201,10.1,54.3,1071,478,6328,4,115,173,261,88,556,-39.5,27.7,13.9,351,150,69,80.27,92
2001,114796,2007,49.17169952,-120.7848969,2100,0.8,11.1,-6.8,18,1030,199,10.5,56.1,1041,503,6258,4,118,172,261,89,536,-39.3,28,13.9,357,158,69,77.37,102
2001,114797,2007,49.17219924,-120.7894974,2125,0.7,11,-6.9,18,1028,198,10.4,55.6,1061,488,6303,4,116,173,261,88,541,-39.4,27.8,13.9,354,155,69,77.75,96
2001,12-1929,2015,49.20005416,-120.9982758,906,6.3,17.2,-3.1,20.3,897,186,18.2,92.7,395,1457,4290,54,202,140,280,139,161,-32.6,35.4,14.1,660,336,66,34.45,630
2001,02-3085,2019,49.14056015,-120.7638931,2044,1.1,11.5,-6.6,18.1,1039,197,10.7,58.4,993,543,6147,5,121,171,262,91,526,-39,28.4,13.9,387,171,68,76.58,119
2001,02-3087,2019,49.1199913,-120.752121,1874,2,12.5,-5.7,18.2,945,184,12.7,68,855,662,5823,7,133,167,265,97,433,-38.3,29.6,14.1,416,211,67,62.52,174
2001,02-3088,2019,49.13434982,-120.7645264,1928,1.7,12.2,-6,18.2,999,191,11.7,63.7,901,621,5931,6,129,169,264,95,473,-38.5,29.3,14,406,195,68,69.46,154
2001,02-3089,2019,49.14989852,-120.7567673,2136,0.7,11,-7,18,1042,197,10.2,56,1068,487,6314,4,115,173,261,88,553,-39.4,27.8,13.9,354,157,69,79.12,96
2001,02-3090,2019,49.1461296,-120.7544632,2119,0.7,11.1,-6.9,18,1041,197,10.3,56.4,1053,497,6283,4,116,173,261,89,548,-39.3,27.9,13.9,356,160,69,78.63,100
2001,12-2000,2019,49.13544082,-120.7637634,1954,1.6,12,-6.2,18.2,1008,192,11.5,62.5,921,603,5979,6,127,169,263,94,485,-38.7,29.1,14,402,189,68,70.98,146
2001,12-9554,2019,49.0820198,-120.9237823,1792,2.4,12.8,-5.5,18.3,920,189,13.4,67.5,796,708,5690,7,140,164,267,103,381,-37.7,30,14,418,206,68,59.44,197
2001,12-9555,2019,49.16053009,-120.76474,1876,2,12.4,-5.8,18.2,1031,198,11.6,62.7,857,654,5834,6,132,168,264,97,473,-38.4,29.5,14,413,194,67,71.51,170
2001,14-4318,2019,49.10192108,-120.7574768,1956,1.5,12,-6.1,18.1,927,181,12.4,66.3,927,601,5991,6,127,169,264,95,449,-38.6,29,14,401,200,68,63.18,145
2001,14-4319,2019,49.10179138,-120.7552795,1890,1.9,12.4,-5.8,18.2,925,181,12.8,68.4,873,646,5865,6,132,168,264,97,430,-38.3,29.5,14,412,210,67,61.28,167
2001,14-4320,2019,49.07690048,-120.7710724,1815,2.3,12.8,-5.4,18.2,835,159,14.8,80.1,803,703,5706,7,136,166,265,99,365,-38.1,30,14.1,426,244,66,50.01,195
2001,14-4323,2019,49.16270065,-120.7649994,1994,1.4,11.8,-6.3,18.1,1027,197,11.1,59.8,945,577,6044,5,125,170,263,93,504,-38.8,28.7,14,394,177,68,74.16,133
2001,14-4324,2019,49.16270065,-120.7649002,1988,1.4,11.8,-6.3,18.1,1026,197,11.1,60.1,941,581,6033,5,126,170,263,94,502,-38.8,28.8,14,395,178,68,73.9,135
2001,14-4325,2019,49.15930175,-120.7705002,1981,1.4,11.8,-6.3,18.1,1058,202,10.8,58.6,940,580,6032,5,125,170,263,93,516,-38.8,28.8,14,396,174,68,76.98,135
2001,14-4326,2019,49.1603012,-120.7731018,2030,1.2,11.5,-6.5,18,1060,202,10.5,57.1,979,547,6125,5,122,171,262,91,531,-39,28.5,13.9,387,166,68,78.5,120
2001,14-4361,2019,49.15879821,-120.7743988,2093,0.9,11.2,-6.8,18,1066,203,10.2,55.1,1028,507,6238,4,118,172,261,89,551,-39.3,28,13.9,358,155,68,80.75,104
2001,14-4382,2019,49.1646614,-120.7790527,2197,0.3,10.6,-7.3,17.9,1068,203,9.7,52.2,1123,446,6436,4,111,174,260,86,581,-39.7,27.3,13.8,342,139,69,83.54,80
2001,14-4383,2019,49.15822982,-120.7749863,2106,0.8,11.1,-6.8,17.9,1067,203,10.1,54.7,1039,499,6262,4,117,172,261,89,555,-39.3,27.9,13.9,356,153,69,81.2,100
2001,14-4384,2019,49.15280151,-120.7717896,2062,1,11.4,-6.6,18,1060,201,10.4,56.5,1008,528,6186,5,120,172,262,90,541,-39.1,28.3,13.9,383,162,68,79.33,112
2001,14-4385,2019,49.16463088,-120.7775726,2217,0.2,10.5,-7.4,17.9,1070,204,9.6,51.6,1140,435,6472,3,110,174,260,86,587,-39.8,27.1,13.8,339,136,69,84.19,76
2001,14-4386,2019,49.10020828,-120.7596817,2009,1.3,11.7,-6.4,18.1,927,181,12.2,64.9,972,567,6092,5,124,170,263,93,463,-38.8,28.6,13.9,392,192,69,64.55,129
2001,14-4387,2019,49.09149169,-120.7733994,1955,1.6,12.1,-6.1,18.1,914,175,12.7,68.7,921,608,5976,6,128,169,264,95,439,-38.5,29.1,14,402,206,68,61.66,148
2001,14-4388,2019,49.06903839,-120.7620316,1624,3,13.7,-5.5,19.2,783,152,16.7,89.9,726,832,5443,11,146,162,266,103,308,-37.6,31.2,14.2,505,282,65,40.07,261
2001,14-4573,2019,49.07849884,-120.9320297,1590,3.3,13.8,-4.9,18.7,914,190,14.6,72.7,672,856,5343,11,153,159,269,110,323,-37,31.3,14.1,495,234,66,53.86,273
2001,14-4577,2019,49.14511871,-120.7613602,2052,1.1,11.5,-6.6,18,1044,198,10.6,57.9,997,537,6160,5,120,171,262,91,531,-39.1,28.4,13.9,386,168,68,77.29,116
2001,14-4585,2019,49.07535934,-120.7685013,1752,2.6,13.1,-5.2,18.3,815,156,15.5,83.8,761,746,5597,9,140,165,266,101,341,-37.9,30.4,14.2,436,258,66,46.32,217
2001,14-4587,2019,49.0782814,-120.917923,1679,2.9,13.3,-5.1,18.5,907,188,14.2,71.1,722,787,5495,10,146,162,268,106,345,-37.4,30.7,14.1,482,226,66,55.11,237
2001,14-4588,2019,49.0820198,-120.9236526,1792,2.4,12.8,-5.5,18.3,920,189,13.4,67.5,796,708,5690,7,140,164,267,103,381,-37.7,30,14,418,206,68,59.43,197
2001,19JCG13,2019,49.11692047,-120.6429367,1080,5.6,16.7,-4.3,21,614,139,25.3,119.8,495,1342,4560,43,180,148,271,124,152,-35.6,35,14.5,667,405,62,5.82,563
2001,19JCG15,2019,49.11320114,-120.6441498,1046,5.7,16.9,-4.2,21.1,620,140,25.4,120.9,481,1379,4504,47,182,147,272,125,148,-35.5,35.3,14.5,675,411,62,5.2,586
2001,19JCG18,2019,49.11236953,-120.6519089,1088,5.5,16.7,-4.3,21,618,139,25.1,119.5,498,1327,4575,42,179,148,271,123,154,-35.7,35,14.5,665,403,62,6.51,556
2002,MP 291,1976,49.03950881,-120.8720016,1308,4.1,14.9,-4.9,19.9,900,165,15.6,90.7,674,1073,5085,21,157,175,253,78,573,-37,33.2,14.3,589,340,64,42.57,407
2002,MP 292,1976,49.03998947,-120.8811035,1277,4.1,15.1,-5,20.1,913,168,15.5,89.9,670,1098,5057,22,158,174,253,79,577,-36.9,33.4,14.3,594,341,64,43.25,422
2002,MP 293,1976,49.04455947,-120.8516998,1259,4.3,15.2,-4.8,20,861,158,16.6,96.6,640,1124,4988,24,159,174,254,80,525,-36.9,33.6,14.4,602,358,63,36.76,439
2002,MP 294,1976,49.11808013,-120.8660965,1402,3.7,14.5,-4.9,19.4,900,164,15.2,87.9,704,1002,5212,16,153,177,253,76,596,-37.2,32.6,14.3,569,320,64,45.37,364
2002,MP 295,1976,49.11931991,-120.8755035,1353,3.8,14.7,-5,19.7,902,165,15.3,88.8,702,1038,5164,18,155,176,253,77,592,-37.1,33,14.3,578,327,65,44.28,386
2002,MP 296,1976,49.12162017,-120.8731003,1381,3.8,14.6,-5,19.5,902,166,15.3,87.8,703,1019,5190,17,154,176,253,77,595,-37.1,32.7,14.3,573,322,65,45.05,374
2002,MP 299,1976,49.04080963,-120.8787003,1311,4,14.9,-5,19.9,910,167,15.4,89.3,680,1068,5099,20,157,175,253,78,583,-37,33.2,14.3,587,336,64,43.88,404
2002,MP 281,1976,49.10832977,-120.7583008,1921,1.7,11.8,-6.6,18.4,1024,180,11.4,65.6,929,645,5933,5,129,187,250,64,836,-38.4,29.3,14,422,231,67,70.3,157
2002,MP 285,1976,49.07500076,-120.7750015,1481,3.6,14.2,-4.7,18.9,828,145,16.4,97.6,697,963,5249,15,149,179,251,73,555,-37.2,32.1,14.3,566,337,64,38.63,338
2002,MP 286,1976,49.07500076,-120.7750015,1326,4.2,15,-4.6,19.6,795,142,17.8,105.6,645,1082,5039,20,156,175,251,76,495,-36.8,33.1,14.4,596,368,63,30.93,407
2002,MP 287,1976,49.11643981,-120.8702011,1250,4.2,15.2,-5.1,20.3,901,164,15.7,92.5,683,1116,5054,23,158,174,253,79,574,-37,33.7,14.3,599,347,64,41.3,435
2002,MP 288,1976,49.11574935,-120.8669968,1259,4.1,15.2,-5,20.2,900,164,15.7,92.4,679,1109,5056,23,158,174,253,79,573,-37,33.6,14.3,597,346,64,41.48,431
2002,MP 289,1976,49.04022979,-120.8937988,1466,3.6,14.1,-4.8,18.9,927,171,14.6,82.6,704,957,5265,14,150,178,253,75,617,-37.2,32.1,14.3,557,304,65,49.6,335
2002,MP 290,1976,49.03955841,-120.8881989,1353,3.9,14.7,-4.9,19.6,921,170,15.1,86.5,684,1037,5142,18,155,176,253,77,595,-37,32.9,14.3,579,325,64,46.18,384
2002,35079,1979,49.18056106,-120.9610977,770,6.7,18,-3.1,21.1,901,168,18.5,106.9,425,1603,4197,83,200,154,265,110,375,-33,36.7,14.3,688,420,64,27.23,760
2002,35179,1979,49.08110809,-120.8127975,1210,4.5,15.5,-4.6,20.1,807,147,18,105,614,1159,4913,26,161,173,253,80,475,-36.8,33.9,14.4,612,377,63,29.83,462
2002,35379,1979,49.08889007,-120.8139038,1210,4.4,15.4,-4.8,20.2,830,151,17.4,102.4,637,1147,4956,25,160,173,252,79,503,-36.8,33.8,14.4,609,371,63,32.68,454
2002,SK93710,1993,49.21475894,-121.0660627,695,7.2,17.7,-1.6,19.4,990,185,17.4,95.9,329,1634,4000,79,222,146,274,128,312,-30.2,35.9,13.8,672,371,67,39.91,757
2002,SK93711,1993,49.21441772,-121.0671746,686,7.3,17.8,-1.6,19.3,991,185,17.4,96.2,325,1642,3986,80,223,146,275,129,308,-30.1,35.9,13.8,673,372,67,39.81,762
2002,SK93721,1993,49.21632862,-121.0684733,698,7.2,17.7,-1.6,19.3,992,185,17.3,95.9,328,1628,4004,78,222,146,274,128,312,-30.2,35.8,13.8,671,370,67,40.23,753
2002,SK93722,1993,49.21739366,-121.0676078,698,7.2,17.7,-1.6,19.3,992,185,17.3,95.8,330,1628,4008,78,222,146,274,128,314,-30.3,35.8,13.8,671,370,67,40.27,753
2002,SK93734,1993,49.19803638,-120.9928605,869,6.4,17.3,-2.6,19.9,931,175,17.7,98.8,409,1502,4263,63,200,155,267,113,375,-32.6,35.5,14.1,651,378,65,35.28,683
2002,SK93735,1993,49.19748268,-120.9920592,869,6.4,17.3,-2.6,19.9,930,174,17.7,99,410,1501,4265,63,200,155,267,112,375,-32.7,35.5,14.1,651,378,65,35.12,682
2002,SK93736,1993,49.20192025,-120.9885846,823,6.6,17.5,-2.5,20,918,173,18.1,101.2,395,1542,4202,69,204,153,268,115,356,-32.3,35.7,14.1,657,386,65,32.93,709
2002,00NCc13,2000,49.22752855,-120.9627241,900,6.2,17.2,-3.3,20.5,946,175,17.1,98.7,454,1479,4357,61,193,157,264,107,424,-33.6,35.6,14.2,655,380,64,36.58,674
2002,00NCe73,2000,49.12286895,-120.8200364,1455,3.3,14.1,-5.3,19.4,910,164,14.7,86,757,949,5341,14,148,179,251,72,638,-37.5,32.2,14.2,561,313,65,47.73,331
2002,00NCe74,2000,49.12958668,-120.8160951,1620,2.9,13.3,-5.1,18.4,922,165,14,80.6,780,839,5503,11,142,182,251,69,670,-37.8,31.1,14.2,530,284,65,52.99,264
2002,00NCe75,2000,49.13184343,-120.8212604,1750,2.6,12.7,-5.4,18.1,920,165,13.7,76.9,788,761,5614,7,138,183,252,68,677,-37.9,30.3,14.2,506,262,65,55.72,217
2002,00NCe76,2000,49.12956482,-120.8230328,1665,2.8,13.1,-5.1,18.2,911,164,14.1,79.7,778,814,5530,9,141,182,251,69,662,-37.8,30.9,14.2,522,277,65,52.87,248
2002,00NCe77,2000,49.06956013,-120.905716,1470,3.5,14.1,-4.9,19,942,173,14.3,81.4,718,958,5283,14,151,178,253,75,634,-37.2,32.2,14.2,556,300,65,51.27,335
2002,00NCe78,2000,49.08614425,-120.9258513,1840,2.2,12.2,-6.1,18.3,990,178,12.3,68.4,857,704,5770,6,137,183,254,71,767,-37.7,29.7,14,426,231,68,65.82,187
2002,00NCe79,2000,49.08811762,-120.9446303,1790,2.4,12.4,-5.7,18.2,1017,182,12.2,68.3,821,742,5677,7,142,181,255,74,764,-37.4,30,13.9,487,231,68,67.63,206
2002,00NCe82,2000,49.04462405,-120.9646257,1810,2.3,12.3,-5.9,18.2,1043,191,11.8,64.7,838,725,5720,7,139,182,254,72,796,-37.4,30,14,474,226,68,70.57,198
2002,00NCe83,2000,49.0409285,-120.9723988,1800,2.4,12.4,-5.8,18.1,1061,193,11.6,64.1,830,732,5700,7,140,182,254,72,804,-37.3,30,13.9,474,225,68,72.22,202
2002,00NCe84,2000,49.04042506,-120.9724193,685,7.9,18.5,-1.3,19.8,1059,193,16.9,95.9,284,1799,3774,108,220,142,275,134,274,-32.2,36.1,14.2,739,390,62,40.43,859
2002,00NCe85,2000,49.03686803,-120.9645592,1705,2.8,12.9,-5.3,18.2,1045,190,12.3,67.8,767,805,5532,8,146,179,256,76,749,-37,30.6,14,503,239,67,68.25,242
2002,00NCe86,2000,49.04063959,-120.9800327,1745,2.6,12.7,-5.4,18.1,1066,194,11.8,65.3,792,774,5601,8,144,180,255,75,782,-37,30.3,14,496,231,68,71.35,224
2002,00NCe87,2000,49.03145849,-120.9420956,1820,2.2,12.3,-5.9,18.2,961,177,12.7,69.6,853,716,5749,7,138,183,253,70,742,-37.5,30,14,475,238,68,62.43,193
2002,00NCe89,2000,49.05549669,-120.9155332,1725,2.7,12.8,-5.3,18.2,942,173,13.5,74.2,777,789,5562,8,142,182,254,72,679,-37.4,30.5,14.1,507,256,66,57.64,233
2002,00NCe90,2000,49.06442921,-120.8922135,1325,3.9,14.8,-5,19.9,928,172,15,86.2,696,1054,5136,19,156,175,253,77,602,-37,33.1,14.3,584,327,65,46.28,395
2002,00NCe91,2000,49.11667802,-120.8651929,1450,3.6,14.2,-4.9,19.1,900,164,15.1,86.6,714,968,5266,16,151,178,253,75,605,-37.3,32.3,14.2,560,312,65,46.53,343
2002,00NCe92,2000,49.12229155,-120.8690776,1665,2.8,13.1,-5.2,18.4,904,166,14.2,79.2,778,820,5522,9,142,181,253,72,652,-37.6,30.8,14.1,519,272,66,52.45,253
2002,00NCe93,2000,49.13832844,-120.8485222,1615,2.9,13.4,-5.1,18.5,916,170,14.1,78.9,774,853,5480,11,144,181,253,72,657,-37.6,31.1,14.1,528,276,66,52.42,273
2002,00NCe94,2000,49.1422333,-120.8451718,1565,3,13.6,-5.2,18.8,916,170,14.2,80.1,776,881,5448,12,145,180,252,72,656,-37.5,31.4,14.2,537,285,66,51.29,290
2002,00NCe95,2000,49.12585389,-120.8366702,1540,3.2,13.7,-5,18.7,895,164,14.8,83.7,743,898,5386,13,146,180,251,72,623,-37.6,31.7,14.2,545,298,65,48.12,299
2002,114791,2007,49.1638298,-120.7723007,2225,0.2,9.9,-8.4,18.3,1145,203,8.9,48.9,1170,442,6491,1,111,191,247,56,1063,-39.7,27.1,13.8,371,174,69,89.75,70
2002,114792,2007,49.16588973,-120.7787018,2225,0.1,9.9,-8.4,18.3,1151,205,8.8,48.2,1176,438,6504,1,110,191,246,55,1072,-39.8,27.1,13.8,371,173,69,90.46,69
2002,114793,2007,49.16717147,-120.7802963,2200,0.3,10,-8.2,18.3,1144,204,9,49.1,1153,453,6456,1,111,191,246,56,1055,-39.7,27.3,13.8,375,177,69,89.07,73
2002,114794,2007,49.16852951,-120.7815018,2145,0.6,10.4,-7.9,18.3,1130,203,9.4,51.1,1105,486,6352,1,115,190,247,57,1021,-39.5,27.6,13.9,384,184,68,86.36,85
2002,114795,2007,49.16878128,-120.781601,2140,0.6,10.4,-7.9,18.3,1128,202,9.4,51.3,1100,489,6343,1,115,190,247,57,1017,-39.5,27.7,13.9,385,185,68,86.05,86
2002,114796,2007,49.17169952,-120.7848969,2100,0.8,10.6,-7.7,18.3,1107,200,9.7,53.1,1071,514,6273,1,117,190,247,58,985,-39.3,28,13.9,392,192,68,83.06,96
2002,114797,2007,49.17219924,-120.7894974,2125,0.7,10.5,-7.8,18.3,1105,200,9.6,52.5,1092,499,6318,1,116,190,247,57,992,-39.4,27.8,13.9,388,190,68,83.32,91
2002,12-1929,2015,49.20005416,-120.9982758,906,6.3,17.1,-2.7,19.8,944,178,17.3,96.2,422,1473,4312,59,198,156,267,111,392,-32.6,35.4,14.1,646,370,65,37.4,665
2002,02-3085,2019,49.14056015,-120.7638931,2044,1.1,11,-7.4,18.4,1132,197,9.8,55.9,1023,555,6161,2,121,189,248,59,982,-39,28.4,14,403,202,68,84.03,114
2002,02-3087,2019,49.1199913,-120.752121,1874,2,12.1,-6.4,18.5,1035,182,11.6,66.5,887,682,5835,6,132,186,251,65,823,-38.3,29.6,14.1,432,237,67,70.03,175
2002,02-3088,2019,49.13434982,-120.7645264,1928,1.7,11.7,-6.7,18.4,1091,190,10.7,61.7,933,639,5944,5,128,187,250,63,897,-38.5,29.3,14,422,222,67,77.12,153
2002,02-3089,2019,49.14989852,-120.7567673,2136,0.6,10.5,-7.8,18.3,1133,198,9.4,53,1097,497,6328,1,115,190,247,57,1019,-39.4,27.8,13.9,388,191,68,86.21,90
2002,02-3090,2019,49.1461296,-120.7544632,2119,0.7,10.6,-7.8,18.3,1132,198,9.5,53.5,1082,507,6296,1,116,190,248,57,1011,-39.3,27.9,13.9,390,193,68,85.76,94
2002,12-2000,2019,49.13544082,-120.7637634,1954,1.6,11.6,-6.9,18.4,1100,192,10.5,60.4,952,620,5992,5,126,188,250,62,915,-38.7,29.1,14,418,217,67,78.64,144
2002,12-9554,2019,49.0820198,-120.9237823,1792,2.3,12.4,-5.8,18.3,982,177,12.6,70.1,833,734,5703,7,139,183,253,71,745,-37.7,30,14,479,239,67,63.82,203
2002,12-9555,2019,49.16053009,-120.76474,1876,1.9,12,-6.5,18.5,1117,199,10.7,60.2,891,674,5848,6,131,186,251,65,892,-38.4,29.5,14,429,221,67,78.55,171
2002,14-4318,2019,49.10192108,-120.7574768,1956,1.5,11.6,-6.9,18.4,1019,177,11.3,65.2,957,617,6002,5,127,187,250,62,848,-38.6,29,14,416,228,68,70.78,143
2002,14-4319,2019,49.10179138,-120.7552795,1890,1.9,12,-6.5,18.5,1016,177,11.7,67.5,904,665,5877,6,131,186,251,64,817,-38.3,29.5,14,427,237,67,68.81,167
2002,14-4320,2019,49.07690048,-120.7710724,1815,2.3,12.4,-6,18.4,902,154,13.6,80.6,835,726,5717,7,135,185,251,67,695,-38.1,30,14.1,486,268,66,55.11,199
2002,14-4323,2019,49.16270065,-120.7649994,1994,1.4,11.3,-7.1,18.4,1111,199,10.2,57.1,977,591,6058,5,125,188,250,62,939,-38.8,28.7,14,409,207,68,80.87,130
2002,14-4324,2019,49.16270065,-120.7649002,1988,1.4,11.4,-7.1,18.5,1110,198,10.3,57.3,973,595,6048,5,125,188,250,62,935,-38.8,28.8,14,410,208,68,80.62,132
2002,14-4325,2019,49.15930175,-120.7705002,1981,1.4,11.3,-7,18.4,1143,203,10,55.9,972,595,6047,5,125,188,249,61,964,-38.8,28.8,14,411,205,67,83.83,132
2002,14-4326,2019,49.1603012,-120.7731018,2030,1.1,11,-7.3,18.3,1143,203,9.8,54.4,1010,560,6139,3,122,189,249,60,985,-39,28.5,13.9,403,198,68,84.99,116
2002,14-4361,2019,49.15879821,-120.7743988,2093,0.8,10.7,-7.6,18.3,1149,204,9.4,52.4,1059,519,6252,1,118,190,248,58,1016,-39.3,28,13.9,393,190,68,87.07,98
2002,14-4382,2019,49.1646614,-120.7790527,2197,0.3,10,-8.2,18.3,1149,204,9,49.2,1151,455,6451,1,112,191,247,56,1059,-39.7,27.3,13.8,376,177,69,89.54,74
2002,14-4383,2019,49.15822982,-120.7749863,2106,0.8,10.6,-7.7,18.3,1150,204,9.4,52,1069,510,6276,1,117,190,248,58,1022,-39.3,27.9,13.9,390,188,68,87.47,95
2002,14-4384,2019,49.15280151,-120.7717896,2062,1,10.9,-7.5,18.4,1147,202,9.6,53.8,1039,540,6200,2,120,189,248,59,1004,-39.1,28.3,13.9,398,196,68,86.13,107
2002,14-4385,2019,49.16463088,-120.7775726,2217,0.2,9.9,-8.3,18.3,1151,205,8.9,48.6,1168,443,6487,1,111,191,246,56,1068,-39.8,27.1,13.8,372,174,69,90.3,70
2002,14-4386,2019,49.10020828,-120.7596817,2009,1.2,11.3,-7.2,18.4,1019,177,11,63.7,1001,580,6103,3,124,188,249,61,869,-38.8,28.6,13.9,408,221,68,72.03,126
2002,14-4387,2019,49.09149169,-120.7733994,1955,1.6,11.6,-6.8,18.5,1002,170,11.5,68.4,951,624,5987,5,127,187,250,63,833,-38.5,29.1,14,417,233,68,68.9,147
2002,14-4388,2019,49.06903839,-120.7620316,1624,3,13.4,-5,18.4,834,147,15.6,91.6,757,858,5451,11,143,181,252,71,597,-37.6,31.2,14.2,535,309,65,43.33,275
2002,14-4573,2019,49.07849884,-120.9320297,1590,3.3,13.5,-4.8,18.3,970,177,13.7,76.1,710,888,5355,12,151,177,256,79,650,-37,31.3,14.1,527,269,66,57.35,290
2002,14-4577,2019,49.14511871,-120.7613602,2052,1.1,11,-7.4,18.4,1135,198,9.7,55.3,1027,549,6173,2,120,189,248,59,987,-39.1,28.4,14,401,200,68,84.56,111
2002,14-4585,2019,49.07535934,-120.7685013,1752,2.6,12.8,-5.7,18.4,878,151,14.4,84.8,793,771,5608,8,138,184,252,68,653,-37.9,30.4,14.2,511,282,65,50.99,224
2002,14-4587,2019,49.0782814,-120.917923,1679,2.9,13,-5.2,18.2,965,176,13.4,74.2,760,817,5503,9,144,181,254,74,684,-37.4,30.7,14.1,514,259,66,58.94,249
2002,14-4588,2019,49.0820198,-120.9236526,1792,2.3,12.4,-5.8,18.3,982,177,12.6,70.1,833,734,5703,7,139,183,253,71,745,-37.7,30,14,479,239,67,63.81,203
2002,19JCG13,2019,49.11692047,-120.6429367,1080,5.6,16.7,-3.8,20.4,641,134,24.3,124.7,513,1356,4565,45,175,165,257,93,314,-35.6,35,14.5,649,440,62,7.11,595
2002,19JCG15,2019,49.11320114,-120.6441498,1046,5.7,16.9,-3.7,20.5,647,134,24.3,125.9,499,1391,4510,49,177,164,258,94,310,-35.5,35.3,14.5,657,446,62,6.57,617
2002,19JCG18,2019,49.11236953,-120.6519089,1088,5.5,16.6,-3.8,20.4,645,133,24,124.4,517,1347,4579,44,175,165,258,92,320,-35.7,35,14.5,647,438,62,7.93,588
2003,MP 291,1976,49.03950881,-120.8720016,1308,4.7,16.2,-5.8,22,1069,84,13.7,192.4,667,1266,4873,37,170,166,266,100,338,-37,33.2,14.5,602,434,64,54.1,540
2003,MP 292,1976,49.03998947,-120.8811035,1277,4.8,16.4,-5.8,22.2,1083,86,13.6,190.3,664,1289,4845,40,172,165,266,101,337,-36.9,33.4,14.5,606,436,64,54.87,555
2003,MP 293,1976,49.04455947,-120.8516998,1259,5,16.5,-5.5,22,1025,81,14.6,205.1,635,1316,4779,43,172,164,266,102,303,-36.9,33.6,14.6,647,448,63,47.75,574
2003,MP 294,1976,49.11808013,-120.8660965,1402,4.3,15.7,-5.7,21.4,1068,86,13.4,183.7,693,1183,4994,30,166,168,265,98,355,-37.2,32.6,14.4,581,415,64,56.9,485
2003,MP 295,1976,49.11931991,-120.8755035,1353,4.5,16,-5.8,21.8,1071,87,13.5,184.4,692,1226,4950,33,168,166,265,99,351,-37.1,33,14.4,591,423,64,55.84,513
2003,MP 296,1976,49.12162017,-120.8731003,1381,4.4,15.8,-5.7,21.5,1071,87,13.4,182.5,693,1201,4974,31,168,167,265,98,353,-37.1,32.7,14.4,585,418,64,56.58,498
2003,MP 299,1976,49.04080963,-120.8787003,1311,4.6,16.2,-5.8,22,1080,86,13.6,189.2,672,1261,4886,37,170,165,266,100,344,-37,33.2,14.5,600,431,64,55.53,536
2003,MP 281,1976,49.10832977,-120.7583008,1921,2.3,13.1,-6.3,19.3,1176,89,10.5,146,904,811,5704,8,144,179,262,83,521,-38.4,29.3,14.2,449,334,67,80.77,251
2003,MP 285,1976,49.07500076,-120.7750015,1481,4.2,15.5,-5.2,20.7,990,74,14.3,208.1,689,1145,5031,26,163,170,264,94,340,-37.2,32.1,14.5,577,423,64,49.62,456
2003,MP 286,1976,49.07500076,-120.7750015,1326,4.8,16.3,-5.1,21.4,958,73,15.4,223.4,642,1271,4834,37,170,167,264,98,292,-36.8,33.1,14.6,608,451,63,41.9,541
2003,MP 287,1976,49.11643981,-120.8702011,1250,4.8,16.5,-6.1,22.6,1069,86,13.8,192.2,678,1306,4844,42,172,165,265,101,335,-37,33.7,14.5,612,441,64,52.71,568
2003,MP 288,1976,49.11574935,-120.8669968,1259,4.8,16.4,-6,22.4,1069,85,13.8,192.3,674,1299,4847,41,171,165,265,101,334,-37,33.6,14.5,610,440,64,52.89,563
2003,MP 289,1976,49.04022979,-120.8937988,1466,4.2,15.4,-5.3,20.7,1097,88,12.9,175.6,688,1137,5039,26,164,169,265,97,369,-37.2,32.1,14.4,569,403,64,61.45,452
2003,MP 290,1976,49.03955841,-120.8881989,1353,4.5,16,-5.6,21.6,1092,87,13.3,183.4,673,1226,4924,33,169,166,265,99,351,-37,32.9,14.4,591,422,64,57.93,512
2003,35079,1979,49.18056106,-120.9610977,770,7.3,19.2,-3.5,22.7,1068,90,16.2,214.2,421,1820,4014,133,210,145,277,132,164,-33,36.7,14.4,735,511,64,37.7,914
2003,35179,1979,49.08110809,-120.8127975,1210,5.2,16.7,-5.3,22.1,961,76,15.8,221.2,610,1351,4704,47,174,164,266,102,268,-36.8,33.9,14.6,657,462,62,39.75,599
2003,35379,1979,49.08889007,-120.8139038,1210,5,16.7,-5.5,22.2,990,77,15.2,215.9,635,1340,4746,45,174,164,265,101,288,-36.8,33.8,14.5,654,458,63,43.26,590
2003,SK93710,1993,49.21475894,-121.0660627,695,7.9,19,-1.6,20.6,1196,102,14.9,186.9,315,1846,3811,127,231,136,287,152,123,-30.2,35.9,13.9,728,471,67,54.71,914
2003,SK93711,1993,49.21441772,-121.0671746,686,7.9,19.1,-1.5,20.6,1196,102,15,187.4,312,1854,3797,128,232,135,288,152,121,-30.1,35.9,13.9,729,471,67,54.58,919
2003,SK93721,1993,49.21632862,-121.0684733,698,7.8,19,-1.6,20.6,1196,102,14.9,186.7,315,1840,3815,125,231,136,287,152,124,-30.2,35.8,13.9,726,470,67,54.94,909
2003,SK93722,1993,49.21739366,-121.0676078,698,7.8,19,-1.6,20.6,1196,102,14.9,186.4,317,1839,3818,125,231,136,287,151,124,-30.3,35.8,13.9,727,470,67,55,909
2003,SK93734,1993,49.19803638,-120.9928605,869,7.1,18.5,-2.8,21.3,1120,94,15.3,196.4,400,1708,4072,103,211,145,280,135,166,-32.6,35.5,14.2,705,474,65,48.47,828
2003,SK93735,1993,49.19748268,-120.9920592,869,7.1,18.5,-2.8,21.4,1118,94,15.3,196.9,400,1707,4074,103,211,145,280,135,166,-32.7,35.5,14.2,705,475,65,48.27,828
2003,SK93736,1993,49.20192025,-120.9885846,823,7.3,18.7,-2.6,21.4,1103,93,15.7,200.5,385,1750,4013,112,214,143,281,138,153,-32.3,35.7,14.2,730,481,65,45.69,859
2003,00NCc13,2000,49.22752855,-120.9627241,900,6.8,18.5,-3.4,21.9,1152,95,14.6,194.8,446,1683,4168,101,204,147,277,129,194,-33.6,35.6,14.3,699,477,64,51.43,818
2003,00NCe73,2000,49.12286895,-120.8200364,1455,4,15.4,-6.1,21.5,1072,84,13,181.8,746,1129,5120,25,162,170,263,93,388,-37.5,32.2,14.4,573,410,65,58.55,446
2003,00NCe74,2000,49.12958668,-120.8160951,1620,3.5,14.5,-5.6,20.2,1080,85,12.5,171,764,1011,5283,17,156,173,263,90,409,-37.8,31.1,14.3,541,383,65,63.46,371
2003,00NCe75,2000,49.13184343,-120.8212604,1750,3.2,13.9,-5.2,19.1,1079,85,12.2,163.4,767,930,5388,13,152,175,263,89,411,-37.9,30.3,14.3,516,361,65,66.4,322
2003,00NCe76,2000,49.12956482,-120.8230328,1665,3.4,14.3,-5.5,19.8,1073,85,12.5,168.9,760,985,5311,16,155,174,263,90,403,-37.8,30.9,14.3,532,375,65,63.73,355
2003,00NCe77,2000,49.06956013,-120.905716,1470,4.1,15.4,-5.5,20.9,1115,90,12.7,171.8,702,1138,5057,26,165,168,266,97,380,-37.2,32.2,14.4,568,400,65,63.31,451
2003,00NCe78,2000,49.08614425,-120.9258513,1840,2.8,13.5,-5.7,19.2,1167,93,11,145,827,872,5535,10,152,174,265,92,469,-37.7,29.7,14.1,454,334,67,78.46,286
2003,00NCe79,2000,49.08811762,-120.9446303,1790,3,13.7,-5.4,19.1,1196,95,10.9,144,791,910,5443,12,156,171,267,96,464,-37.4,30,14.1,498,335,68,80.6,309
2003,00NCe82,2000,49.04462405,-120.9646257,1810,2.9,13.6,-5.5,19.1,1222,98,10.6,138.7,807,894,5482,11,154,173,266,93,485,-37.4,30,14.1,498,332,68,83.39,299
2003,00NCe83,2000,49.0409285,-120.9723988,1800,3,13.7,-5.4,19.1,1241,100,10.5,137,798,901,5462,11,155,172,266,94,489,-37.3,30,14.1,498,331,68,85.16,304
2003,00NCe84,2000,49.04042506,-120.9724193,685,8.6,19.8,-1.2,21,1238,100,15,198.5,271,2016,3594,171,228,131,289,157,102,-32.2,36.1,14.4,778,495,62,52.77,1031
2003,00NCe85,2000,49.03686803,-120.9645592,1705,3.5,14.2,-5,19.3,1223,98,11,145,740,976,5297,15,160,169,268,98,451,-37,30.6,14.1,515,347,67,80.94,349
2003,00NCe86,2000,49.04063959,-120.9800327,1745,3.3,14,-5.2,19.2,1246,101,10.6,139.2,762,944,5364,14,158,170,267,97,472,-37,30.3,14.1,507,338,67,84.26,330
2003,00NCe87,2000,49.03145849,-120.9420956,1820,2.9,13.6,-5.6,19.2,1130,91,11.4,149.4,822,885,5512,11,152,174,265,91,456,-37.5,30,14.1,458,341,67,74.19,295
2003,00NCe89,2000,49.05549669,-120.9155332,1725,3.4,14.2,-5,19.2,1112,90,12,158,751,960,5331,15,157,172,266,94,413,-37.4,30.5,14.2,518,358,66,69.56,339
2003,00NCe90,2000,49.06442921,-120.8922135,1325,4.5,16.1,-5.9,22,1101,89,13.2,181.9,686,1244,4922,35,169,166,265,99,357,-37,33.1,14.4,596,426,64,58.16,525
2003,00NCe91,2000,49.11667802,-120.8651929,1450,4.2,15.5,-5.6,21,1068,85,13.3,181.3,701,1148,5044,27,164,169,265,97,362,-37.3,32.3,14.4,572,408,64,58.13,460
2003,00NCe92,2000,49.12229155,-120.8690776,1665,3.4,14.4,-5.3,19.7,1072,86,12.5,166.5,756,991,5301,16,157,172,265,92,399,-37.6,30.8,14.3,529,371,65,64.09,359
2003,00NCe93,2000,49.13832844,-120.8485222,1615,3.6,14.6,-5.5,20.1,1089,89,12.5,165.5,755,1024,5259,18,158,172,265,93,403,-37.6,31.1,14.3,539,377,65,64.58,380
2003,00NCe94,2000,49.1422333,-120.8451718,1565,3.7,14.9,-5.8,20.6,1089,89,12.5,167.6,759,1053,5225,20,159,171,264,93,403,-37.5,31.4,14.3,549,386,65,63.38,397
2003,00NCe95,2000,49.12585389,-120.8366702,1540,3.8,15,-5.5,20.5,1064,85,13,176.3,728,1070,5164,21,160,171,264,93,378,-37.6,31.7,14.4,556,395,64,59.89,408
2003,114791,2007,49.1638298,-120.7723007,2225,0.8,11.2,-7.4,18.6,1358,104,7.9,107.5,1129,584,6267,5,126,184,258,74,661,-39.7,27.1,13.9,397,270,69,106.98,127
2003,114792,2007,49.16588973,-120.7787018,2225,0.7,11.1,-7.4,18.5,1370,105,7.8,105.8,1134,580,6279,5,125,185,257,73,667,-39.8,27.1,14,397,269,69,108.17,124
2003,114793,2007,49.16717147,-120.7802963,2200,0.9,11.3,-7.3,18.5,1362,105,8,107.3,1111,596,6231,5,127,184,257,73,656,-39.7,27.3,14,401,273,69,106.81,132
2003,114794,2007,49.16852951,-120.7815018,2145,1.2,11.6,-7.1,18.7,1345,104,8.3,111,1066,634,6127,6,130,184,258,75,633,-39.5,27.6,14,410,282,68,103.82,151
2003,114795,2007,49.16878128,-120.781601,2140,1.2,11.6,-7,18.7,1343,104,8.3,111.4,1062,638,6118,6,130,184,258,75,631,-39.5,27.7,14,411,283,68,103.47,153
2003,114796,2007,49.17169952,-120.7848969,2100,1.4,11.9,-7,18.8,1318,103,8.6,114.8,1035,667,6048,6,133,183,259,76,611,-39.3,28,14,418,290,68,100.02,168
2003,114797,2007,49.17219924,-120.7894974,2125,1.3,11.7,-7,18.8,1316,103,8.6,113.6,1054,650,6093,6,131,183,258,75,616,-39.4,27.8,14,414,287,68,100.37,159
2003,12-1929,2015,49.20005416,-120.9982758,906,6.9,18.4,-2.9,21.3,1137,96,14.9,191.2,414,1678,4120,98,209,146,280,134,177,-32.6,35.4,14.2,699,468,65,50.97,810
2003,02-3085,2019,49.14056015,-120.7638931,2044,1.7,12.3,-6.7,19,1326,99,8.8,123.5,991,714,5936,7,136,182,260,78,609,-39,28.4,14.1,429,305,68,99.02,194
2003,02-3087,2019,49.1199913,-120.752121,1874,2.6,13.3,-6,19.3,1198,91,10.5,147.3,865,850,5609,10,146,178,263,84,510,-38.3,29.6,14.2,458,341,66,81.33,274
2003,02-3088,2019,49.13434982,-120.7645264,1928,2.3,13,-6.3,19.2,1272,95,9.7,135.9,907,804,5720,8,143,179,262,82,553,-38.5,29.3,14.2,449,327,67,90.42,246
2003,02-3089,2019,49.14989852,-120.7567673,2136,1.2,11.7,-7,18.7,1332,100,8.4,117,1061,648,6104,6,131,184,259,75,635,-39.4,27.8,14,414,290,68,102.03,158
2003,02-3090,2019,49.1461296,-120.7544632,2119,1.3,11.8,-7,18.8,1331,100,8.5,118.4,1047,659,6072,6,132,183,259,75,630,-39.3,27.9,14.1,416,293,68,101.48,164
2003,12-2000,2019,49.13544082,-120.7637634,1954,2.1,12.8,-6.4,19.2,1283,96,9.5,133.1,926,784,5768,8,141,180,261,81,565,-38.7,29.1,14.2,444,322,67,92.3,234
2003,12-9554,2019,49.0820198,-120.9237823,1792,3,13.7,-5.5,19.3,1157,92,11.2,148.5,805,903,5469,11,153,173,265,92,455,-37.7,30,14.1,503,343,67,76.23,305
2003,12-9555,2019,49.16053009,-120.76474,1876,2.5,13.2,-6,19.2,1317,101,9.5,130.4,868,841,5621,9,146,178,262,84,546,-38.4,29.5,14.2,456,328,66,93.62,267
2003,14-4318,2019,49.10192108,-120.7574768,1956,2.1,12.8,-6.4,19.3,1172,88,10.3,145.7,930,781,5778,8,142,180,261,82,531,-38.6,29,14.1,443,329,67,81.39,233
2003,14-4319,2019,49.10179138,-120.7552795,1890,2.5,13.2,-6.1,19.3,1170,88,10.7,150.5,881,833,5649,9,145,178,262,84,509,-38.3,29.5,14.2,454,340,67,79.29,264
2003,14-4320,2019,49.07690048,-120.7710724,1815,2.9,13.7,-5.6,19.3,1065,78,12.1,175.6,815,896,5491,11,150,176,263,87,437,-38.1,30,14.3,510,363,66,66.33,302
2003,14-4323,2019,49.16270065,-120.7649994,1994,2,12.6,-6.5,19.1,1313,101,9.1,124.1,949,753,5834,8,140,180,261,80,578,-38.8,28.7,14.1,436,309,67,96.53,216
2003,14-4324,2019,49.16270065,-120.7649002,1988,2,12.6,-6.5,19.1,1312,101,9.1,124.5,944,757,5824,8,140,180,261,81,576,-38.8,28.8,14.1,437,310,67,96.23,218
2003,14-4325,2019,49.15930175,-120.7705002,1981,2,12.6,-6.4,19,1352,103,8.9,121.6,943,757,5822,8,140,181,261,80,593,-38.8,28.8,14.1,438,309,67,100.15,218
2003,14-4326,2019,49.1603012,-120.7731018,2030,1.7,12.3,-6.6,18.9,1354,104,8.7,118.4,979,718,5914,7,137,182,260,78,607,-39,28.5,14.1,429,301,67,101.77,196
2003,14-4361,2019,49.15879821,-120.7743988,2093,1.4,11.9,-6.8,18.7,1362,104,8.4,114.5,1024,672,6028,6,133,183,259,76,628,-39.3,28,14.1,419,290,68,104.22,171
2003,14-4382,2019,49.1646614,-120.7790527,2197,0.9,11.3,-7.3,18.6,1367,105,8,107.6,1109,598,6226,5,127,184,258,73,658,-39.7,27.3,14,401,273,69,107.24,133
2003,14-4383,2019,49.15822982,-120.7749863,2106,1.4,11.8,-6.9,18.7,1364,104,8.3,113.7,1034,663,6051,6,132,183,259,76,632,-39.3,27.9,14,416,288,68,104.69,166
2003,14-4384,2019,49.15280151,-120.7717896,2062,1.6,12.1,-6.8,18.9,1354,103,8.6,117.8,1006,696,5975,7,135,182,259,77,622,-39.1,28.3,14.1,424,297,68,102.53,184
2003,14-4385,2019,49.16463088,-120.7775726,2217,0.8,11.2,-7.4,18.5,1369,105,7.9,106.5,1126,585,6262,5,126,184,257,73,665,-39.8,27.1,14,398,270,69,107.94,127
2003,14-4386,2019,49.10020828,-120.7596817,2009,1.8,12.5,-6.7,19.2,1171,88,10.1,142.6,971,741,5878,7,139,181,261,80,547,-38.8,28.6,14.1,434,321,68,82.73,210
2003,14-4387,2019,49.09149169,-120.7733994,1955,2.2,12.9,-6.4,19.3,1159,85,10.5,152,924,789,5761,8,142,179,262,83,524,-38.5,29.1,14.1,444,334,67,79.88,238
2003,14-4388,2019,49.06903839,-120.7620316,1624,3.6,14.7,-5.4,20.1,1002,75,13.6,197.1,744,1032,5234,19,158,173,264,92,375,-37.6,31.2,14.4,546,398,65,54.98,384
2003,14-4573,2019,49.07849884,-120.9320297,1590,3.9,14.8,-4.7,19.5,1142,92,12.2,160.1,689,1061,5126,20,165,168,268,101,388,-37,31.3,14.2,538,372,66,69.67,399
2003,14-4577,2019,49.14511871,-120.7613602,2052,1.7,12.2,-6.7,18.9,1333,100,8.7,121.8,995,707,5949,7,136,182,260,77,612,-39.1,28.4,14.1,427,302,68,100.03,190
2003,14-4585,2019,49.07535934,-120.7685013,1752,3.2,14,-5.3,19.4,1041,77,12.7,183.4,776,943,5385,14,153,175,264,89,410,-37.9,30.4,14.3,522,375,65,62.15,330
2003,14-4587,2019,49.0782814,-120.917923,1679,3.5,14.3,-5,19.3,1138,91,11.9,157,736,988,5278,16,158,171,266,95,412,-37.4,30.7,14.2,525,362,66,71.14,356
2003,14-4588,2019,49.0820198,-120.9236526,1792,3,13.7,-5.5,19.3,1157,92,11.2,148.5,805,903,5469,11,153,173,265,92,455,-37.7,30,14.1,503,343,67,76.22,305
2003,19JCG13,2019,49.11692047,-120.6429367,1080,6.1,17.9,-4.3,22.2,757,68,21.3,263.8,519,1556,4390,78,187,157,270,113,170,-35.6,35,14.6,694,499,62,13.17,737
2003,19JCG15,2019,49.11320114,-120.6441498,1046,6.3,18.1,-4.2,22.3,765,68,21.3,266.6,505,1593,4337,85,189,156,271,115,165,-35.5,35.3,14.7,701,505,62,12.7,761
2003,19JCG18,2019,49.11236953,-120.6519089,1088,6.1,17.8,-4.3,22.2,763,68,21.1,263.6,522,1546,4403,76,187,157,270,113,173,-35.7,35,14.6,692,497,62,14.11,730
2004,MP 291,1976,49.03950881,-120.8720016,1308,5,15.8,-5,20.7,917,310,16.4,50.8,538,1202,4740,31,175,156,253,97,325,-37,33.2,14.3,620,269,65,42.19,490
2004,MP 292,1976,49.03998947,-120.8811035,1277,5.1,15.9,-5,20.9,929,315,16.3,50.5,538,1227,4711,33,176,155,253,98,327,-36.9,33.4,14.3,626,271,65,42.78,506
2004,MP 293,1976,49.04455947,-120.8516998,1259,5.3,16,-4.8,20.8,879,298,17.4,53.8,511,1253,4639,36,177,155,254,99,301,-36.9,33.6,14.4,634,288,64,36.34,522
2004,MP 294,1976,49.11808013,-120.8660965,1402,4.7,15.3,-5,20.3,918,303,16,50.4,560,1119,4866,25,170,159,253,94,339,-37.2,32.6,14.3,598,256,65,45.3,438
2004,MP 295,1976,49.11931991,-120.8755035,1353,4.8,15.5,-5.1,20.6,921,305,16.1,50.9,562,1161,4820,28,173,157,253,96,336,-37.1,33,14.3,609,265,66,44.23,465
2004,MP 296,1976,49.12162017,-120.8731003,1381,4.7,15.4,-5.1,20.5,921,305,16,50.5,561,1138,4845,26,172,158,253,95,337,-37.1,32.7,14.3,602,260,66,45.03,450
2004,MP 299,1976,49.04080963,-120.8787003,1311,5,15.7,-5,20.8,926,314,16.2,50.2,544,1197,4754,31,175,156,253,97,330,-37,33.2,14.3,619,266,65,43.48,487
2004,MP 281,1976,49.10832977,-120.7583008,1921,2.7,12.6,-5.7,18.3,1028,334,12.3,37.6,735,730,5584,7,143,174,250,75,511,-38.4,29.3,14,468,153,68,69.6,214
2004,MP 285,1976,49.07500076,-120.7750015,1481,4.6,15,-4.8,19.8,844,282,17.3,53,549,1062,4906,21,166,162,251,89,311,-37.2,32.1,14.3,593,268,65,38.48,405
2004,MP 286,1976,49.07500076,-120.7750015,1326,5.1,15.8,-4.7,20.5,815,277,18.6,57,513,1202,4704,30,174,157,251,94,273,-36.8,33.1,14.4,627,298,64,30.9,487
2004,MP 287,1976,49.11643981,-120.8702011,1250,5.1,16,-5.2,21.2,919,303,16.5,52.8,553,1245,4706,35,177,155,253,98,327,-37,33.7,14.3,631,283,65,41,518
2004,MP 288,1976,49.11574935,-120.8669968,1259,5.1,16,-5.1,21.1,918,303,16.5,52.8,548,1238,4714,35,176,155,253,98,327,-37,33.6,14.3,629,281,65,41.17,513
2004,MP 289,1976,49.04022979,-120.8937988,1466,4.5,15,-4.8,19.7,942,319,15.4,46.9,552,1061,4911,21,168,160,253,93,348,-37.2,32.1,14.3,585,237,65,49.27,406
2004,MP 290,1976,49.03955841,-120.8881989,1353,4.9,15.5,-4.9,20.4,937,318,15.9,48.9,543,1162,4793,28,173,157,253,96,336,-37,32.9,14.3,609,256,65,45.78,465
2004,35079,1979,49.18056106,-120.9610977,770,7.7,18.8,-3.2,22,921,295,19.2,63.8,341,1804,3861,120,221,134,266,132,242,-33,36.7,14.3,755,366,65,25.24,864
2004,35179,1979,49.08110809,-120.8127975,1210,5.5,16.3,-4.7,21,824,280,18.8,58.1,491,1291,4572,39,179,154,253,99,273,-36.8,33.9,14.4,645,308,63,29.22,544
2004,35379,1979,49.08889007,-120.8139038,1210,5.4,16.2,-4.9,21.2,849,286,18.1,56.8,513,1279,4614,38,179,154,252,98,288,-36.8,33.8,14.4,642,301,64,32.39,537
2004,SK93710,1993,49.21475894,-121.0660627,695,8.2,18.7,-1.6,20.3,1009,308,18.1,60.5,251,1843,3661,116,245,126,277,151,214,-30.2,35.9,13.8,720,336,68,38.15,867
2004,SK93711,1993,49.21441772,-121.0671746,686,8.3,18.7,-1.6,20.3,1009,308,18.1,60.7,248,1852,3648,117,246,126,278,152,213,-30.1,35.9,13.8,721,337,68,38.01,872
2004,SK93721,1993,49.21632862,-121.0684733,698,8.2,18.6,-1.6,20.2,1009,308,18,60.5,251,1836,3665,114,245,126,277,151,214,-30.2,35.8,13.8,718,335,68,38.37,862
2004,SK93722,1993,49.21739366,-121.0676078,698,8.2,18.6,-1.6,20.3,1010,308,18,60.4,252,1836,3668,114,245,126,277,151,215,-30.3,35.8,13.8,719,335,68,38.45,862
2004,SK93734,1993,49.19803638,-120.9928605,869,7.4,18.1,-2.7,20.9,953,299,18.3,60.6,320,1689,3929,92,222,135,269,134,236,-32.6,35.5,14.1,715,332,66,33.9,782
2004,SK93735,1993,49.19748268,-120.9920592,869,7.4,18.1,-2.7,20.9,951,299,18.3,60.7,320,1689,3931,92,222,135,269,134,237,-32.7,35.5,14.1,715,332,66,33.71,782
2004,SK93736,1993,49.20192025,-120.9885846,823,7.6,18.3,-2.6,21,941,297,18.7,61.7,309,1735,3865,100,226,133,270,137,229,-32.3,35.7,14.1,722,340,66,31.65,810
2004,00NCc13,2000,49.22752855,-120.9627241,900,7.2,18.1,-3.4,21.5,980,304,17.5,59.5,361,1661,4026,90,214,137,265,128,264,-33.6,35.6,14.2,702,333,65,36.41,771
2004,00NCe73,2000,49.12286895,-120.8200364,1455,4.3,14.9,-5.5,20.4,929,306,15.4,48.6,607,1051,4996,20,165,162,250,89,368,-37.5,32.2,14.2,590,245,66,47.88,400
2004,00NCe74,2000,49.12958668,-120.8160951,1620,3.8,14.1,-5.2,19.3,939,307,14.8,45.8,616,934,5155,14,158,166,251,85,391,-37.8,31.1,14.2,556,217,66,52.99,330
2004,00NCe75,2000,49.13184343,-120.8212604,1750,3.6,13.5,-4.9,18.4,937,308,14.5,43.7,613,850,5259,11,153,168,251,83,398,-37.9,30.3,14.1,530,196,66,55.79,283
2004,00NCe76,2000,49.12956482,-120.8230328,1665,3.8,13.9,-5.1,19,930,307,14.8,45.2,610,906,5182,14,157,167,251,84,384,-37.8,30.9,14.2,547,211,66,53.15,315
2004,00NCe77,2000,49.06956013,-120.905716,1470,4.5,14.9,-4.9,19.8,956,319,15.2,46.8,566,1062,4930,21,168,160,253,93,357,-37.2,32.2,14.2,584,234,66,50.86,407
2004,00NCe78,2000,49.08614425,-120.9258513,1840,3.2,13,-5.2,18.2,995,324,13.2,40.3,668,797,5401,8,153,168,253,86,439,-37.7,29.7,13.9,473,171,69,64.91,252
2004,00NCe79,2000,49.08811762,-120.9446303,1790,3.4,13.3,-5.1,18.4,1018,328,13.2,40.6,637,835,5309,10,158,165,255,90,435,-37.4,30,13.9,478,173,69,66.25,273
2004,00NCe82,2000,49.04462405,-120.9646257,1810,3.3,13.2,-5.1,18.3,1041,342,12.8,38.6,650,821,5348,8,156,166,254,87,452,-37.4,30,13.9,478,165,69,68.85,265
2004,00NCe83,2000,49.0409285,-120.9723988,1800,3.4,13.3,-5.1,18.3,1057,347,12.6,38.2,643,829,5327,8,157,166,254,89,455,-37.3,30,13.9,478,165,69,70.29,269
2004,00NCe84,2000,49.04042506,-120.9724193,685,8.9,19.4,-1.2,20.6,1055,347,17.9,55.9,218,2018,3450,156,240,123,278,155,198,-32.2,36.1,14.2,758,319,63,36.3,976
2004,00NCe85,2000,49.03686803,-120.9645592,1705,3.8,13.8,-4.7,18.5,1042,343,13.3,40.2,591,902,5164,13,163,162,256,93,420,-37,30.6,14,495,177,68,66.19,311
2004,00NCe86,2000,49.04063959,-120.9800327,1745,3.6,13.6,-4.9,18.4,1060,347,12.9,39,611,871,5230,11,161,164,255,92,439,-37,30.3,14,488,170,69,69.09,294
2004,00NCe87,2000,49.03145849,-120.9420956,1820,3.2,13.2,-5.2,18.4,966,324,13.7,40.7,663,811,5378,7,153,168,253,85,424,-37.5,30,14,479,176,69,61.46,260
2004,00NCe89,2000,49.05549669,-120.9155332,1725,3.7,13.7,-4.8,18.5,954,320,14.4,42.9,600,883,5198,12,159,165,254,89,386,-37.4,30.5,14.1,498,193,67,57.09,301
2004,00NCe90,2000,49.06442921,-120.8922135,1325,4.9,15.7,-5.1,20.7,945,317,15.8,49.3,556,1180,4790,30,174,157,253,96,340,-37,33.1,14.3,614,260,65,45.92,477
2004,00NCe91,2000,49.11667802,-120.8651929,1450,4.5,15,-5,20,918,303,15.8,49.7,565,1077,4918,22,168,160,253,93,343,-37.3,32.3,14.2,588,249,66,46.54,414
2004,00NCe92,2000,49.12229155,-120.8690776,1665,3.8,13.9,-5,19,922,304,15,45.8,607,913,5170,13,159,165,253,87,374,-37.6,30.8,14.1,543,213,67,52.62,320
2004,00NCe93,2000,49.13832844,-120.8485222,1615,3.9,14.2,-5.2,19.4,941,313,14.8,45.3,609,947,5128,15,160,164,252,88,376,-37.6,31.1,14.1,553,214,67,53.38,339
2004,00NCe94,2000,49.1422333,-120.8451718,1565,4,14.4,-5.4,19.8,942,314,14.9,45.9,615,979,5098,16,162,164,252,88,374,-37.5,31.4,14.2,564,222,67,52.3,357
2004,00NCe95,2000,49.12585389,-120.8366702,1540,4.2,14.5,-5.1,19.6,917,304,15.5,47.7,586,997,5037,17,162,163,251,88,356,-37.6,31.7,14.2,572,234,66,48.72,367
2004,114791,2007,49.1638298,-120.7723007,2225,1.1,10.8,-6.9,17.8,1174,372,9.5,29.1,948,514,6143,2,124,183,246,63,682,-39.7,27.1,13.8,409,114,70,92,104
2004,114792,2007,49.16588973,-120.7787018,2225,1.1,10.8,-7,17.8,1181,375,9.4,28.9,954,510,6155,2,123,183,246,62,687,-39.8,27.1,13.8,410,113,70,92.8,103
2004,114793,2007,49.16717147,-120.7802963,2200,1.2,11,-6.9,17.8,1175,374,9.6,29.3,933,526,6106,3,125,183,246,63,673,-39.7,27.3,13.8,414,116,70,91.57,109
2004,114794,2007,49.16852951,-120.7815018,2145,1.5,11.3,-6.6,17.9,1162,371,9.9,30.3,889,562,6003,4,128,181,246,65,644,-39.5,27.6,13.8,425,122,69,88.95,126
2004,114795,2007,49.16878128,-120.781601,2140,1.5,11.3,-6.6,17.9,1160,371,9.9,30.4,885,565,5993,4,128,181,246,65,641,-39.5,27.7,13.8,426,123,69,88.64,127
2004,114796,2007,49.17169952,-120.7848969,2100,1.7,11.5,-6.5,18,1140,366,10.3,31.4,860,593,5924,4,131,180,247,67,614,-39.3,28,13.9,433,128,69,85.62,141
2004,114797,2007,49.17219924,-120.7894974,2125,1.6,11.4,-6.6,17.9,1136,365,10.2,31.2,878,577,5969,4,129,181,246,66,622,-39.4,27.8,13.9,429,127,69,85.86,133
2004,12-1929,2015,49.20005416,-120.9982758,906,7.3,18,-2.8,20.8,967,304,17.9,59.3,330,1657,3977,87,220,136,269,132,243,-32.6,35.4,14.1,709,325,66,36.22,763
2004,02-3085,2019,49.14056015,-120.7638931,2044,2,11.9,-6.2,18.1,1147,361,10.5,32.8,817,637,5812,5,135,179,248,69,613,-39,28.4,13.9,446,134,69,84.73,163
2004,02-3087,2019,49.1199913,-120.752121,1874,2.9,12.8,-5.5,18.3,1044,337,12.4,38.1,699,768,5487,7,146,173,250,77,502,-38.3,29.6,14,478,157,68,69.73,235
2004,02-3088,2019,49.13434982,-120.7645264,1928,2.6,12.5,-5.8,18.3,1103,349,11.5,35.9,739,725,5595,6,142,175,249,75,551,-38.5,29.3,14,467,149,68,77.18,211
2004,02-3089,2019,49.14989852,-120.7567673,2136,1.6,11.4,-6.6,18,1153,363,10,31.3,882,574,5980,4,129,181,247,65,646,-39.4,27.8,13.9,428,125,69,87.62,131
2004,02-3090,2019,49.1461296,-120.7544632,2119,1.7,11.4,-6.5,18,1152,363,10.1,31.5,869,585,5948,4,130,181,247,66,640,-39.3,27.9,13.9,431,126,69,87.08,137
2004,12-2000,2019,49.13544082,-120.7637634,1954,2.5,12.4,-5.9,18.2,1112,351,11.2,35.2,756,705,5643,6,141,176,249,73,565,-38.7,29.1,14,463,146,68,78.84,199
2004,12-9554,2019,49.0820198,-120.9237823,1792,3.3,13.3,-5.1,18.4,988,323,13.5,41.1,648,828,5336,9,155,167,253,86,426,-37.7,30,14,483,178,68,62.89,269
2004,12-9555,2019,49.16053009,-120.76474,1876,2.9,12.7,-5.6,18.3,1144,365,11.3,34.9,703,761,5500,7,146,173,250,77,543,-38.4,29.5,14,476,148,68,79.95,230
2004,14-4318,2019,49.10192108,-120.7574768,1956,2.5,12.3,-5.9,18.2,1022,331,12.2,37.2,759,702,5652,6,141,175,249,74,521,-38.6,29,14,461,151,69,70.13,199
2004,14-4319,2019,49.10179138,-120.7552795,1890,2.8,12.7,-5.6,18.3,1020,331,12.6,38.5,713,752,5527,7,145,173,250,77,499,-38.3,29.5,14,473,157,68,68.08,226
2004,14-4320,2019,49.07690048,-120.7710724,1815,3.3,13.2,-5.1,18.3,912,297,14.5,44.5,652,813,5361,8,150,171,251,80,412,-38.1,30,14.1,489,199,67,54.79,261
2004,14-4323,2019,49.16270065,-120.7649994,1994,2.3,12.1,-6,18.1,1140,365,10.8,33.3,777,676,5710,5,139,176,249,73,580,-38.8,28.7,13.9,453,138,69,82.77,183
2004,14-4324,2019,49.16270065,-120.7649002,1988,2.3,12.2,-6,18.1,1139,364,10.8,33.4,773,680,5699,6,139,176,249,73,577,-38.8,28.8,13.9,454,138,69,82.51,186
2004,14-4325,2019,49.15930175,-120.7705002,1981,2.3,12.2,-6,18.1,1169,371,10.6,32.8,773,680,5698,5,139,176,249,72,593,-38.8,28.8,14,456,136,68,85.47,185
2004,14-4326,2019,49.1603012,-120.7731018,2030,2.1,11.9,-6.2,18.1,1170,372,10.3,32,805,642,5790,5,135,178,248,70,611,-39,28.5,13.9,446,131,69,86.9,165
2004,14-4361,2019,49.15879821,-120.7743988,2093,1.8,11.5,-6.4,17.9,1176,373,10,31,848,598,5903,4,131,180,247,67,636,-39.3,28,13.9,434,125,69,89.08,143
2004,14-4382,2019,49.1646614,-120.7790527,2197,1.2,11,-6.9,17.8,1179,374,9.5,29.3,931,528,6101,3,125,183,246,63,675,-39.7,27.3,13.8,415,116,70,91.92,110
2004,14-4383,2019,49.15822982,-120.7749863,2106,1.7,11.5,-6.4,17.9,1177,373,10,30.8,857,589,5927,4,131,180,247,67,641,-39.3,27.9,13.9,432,124,69,89.49,139
2004,14-4384,2019,49.15280151,-120.7717896,2062,1.9,11.7,-6.3,18,1169,369,10.2,31.7,831,621,5851,5,133,179,248,69,626,-39.1,28.3,13.9,440,129,69,87.6,155
2004,14-4385,2019,49.16463088,-120.7775726,2217,1.1,10.9,-6.9,17.8,1181,374,9.4,29,946,515,6138,2,124,183,246,63,684,-39.8,27.1,13.8,411,114,70,92.6,105
2004,14-4386,2019,49.10020828,-120.7596817,2009,2.2,12,-6.1,18.1,1021,330,11.9,36.5,797,664,5753,5,138,177,248,71,538,-38.8,28.6,13.9,451,147,69,71.4,178
2004,14-4387,2019,49.09149169,-120.7733994,1955,2.5,12.4,-5.8,18.2,1003,320,12.5,38.8,753,710,5635,6,142,175,250,75,511,-38.5,29.1,14,462,158,69,67.98,203
2004,14-4388,2019,49.06903839,-120.7620316,1624,4,14.2,-5,19.2,856,288,16.3,49.3,592,949,5105,15,160,166,252,86,341,-37.6,31.2,14.2,559,238,66,44.09,339
2004,14-4573,2019,49.07849884,-120.9320297,1590,4.3,14.3,-4.5,18.8,977,322,14.6,44.6,548,987,4997,16,168,160,256,96,367,-37,31.3,14.1,551,208,67,56.46,360
2004,14-4577,2019,49.14511871,-120.7613602,2052,2,11.8,-6.3,18.1,1153,364,10.4,32.5,820,631,5825,5,134,179,248,69,617,-39.1,28.4,13.9,444,132,69,85.59,160
2004,14-4585,2019,49.07535934,-120.7685013,1752,3.6,13.5,-4.9,18.4,891,293,15.2,46.2,617,859,5256,11,154,169,251,82,383,-37.9,30.4,14.1,501,213,66,50.83,288
2004,14-4587,2019,49.0782814,-120.917923,1679,3.9,13.9,-4.7,18.6,973,320,14.2,43.3,587,911,5146,13,161,164,254,90,388,-37.4,30.7,14.1,538,197,67,58.12,317
2004,14-4588,2019,49.0820198,-120.9236526,1792,3.3,13.3,-5.1,18.4,988,323,13.5,41.1,648,828,5336,9,155,167,253,86,425,-37.7,30,14,483,178,68,62.88,269
2004,19JCG13,2019,49.11692047,-120.6429367,1080,6.5,17.3,-4,21.3,714,269,23.1,64.5,413,1501,4254,64,194,147,258,110,210,-35.6,35,14.5,693,341,63,11.7,672
2004,19JCG15,2019,49.11320114,-120.6441498,1046,6.6,17.5,-3.9,21.4,719,269,23.1,65.1,402,1541,4199,70,196,146,258,112,209,-35.5,35.3,14.5,701,347,63,10.93,697
2004,19JCG18,2019,49.11236953,-120.6519089,1088,6.4,17.3,-4,21.3,715,268,23,64.5,415,1491,4267,63,193,148,258,110,212,-35.7,35,14.5,691,340,63,12.21,665
2005,MP 291,1976,49.03950881,-120.8720016,1308,4.5,15.1,-4.9,20,812,206,17.9,73.2,596,1090,4916,18,175,137,253,116,277,-37,33.2,14.2,593,269,65,34.7,394
2005,MP 292,1976,49.03998947,-120.8811035,1277,4.6,15.2,-5,20.2,824,209,17.7,72.8,595,1113,4886,20,177,137,253,117,278,-36.9,33.4,14.2,598,270,65,35.1,407
2005,MP 293,1976,49.04455947,-120.8516998,1259,4.8,15.4,-4.8,20.1,778,198,19,77.9,568,1140,4821,21,177,136,254,118,247,-36.9,33.6,14.3,606,291,64,29.12,422
2005,MP 294,1976,49.11808013,-120.8660965,1402,4.2,14.6,-5.1,19.7,807,200,17.5,73.2,623,1006,5045,15,170,140,253,113,302,-37.2,32.6,14.1,571,262,66,37.21,349
2005,MP 295,1976,49.11931991,-120.8755035,1353,4.3,14.9,-5.2,20.1,810,201,17.6,74,625,1047,4999,16,173,139,253,114,299,-37.1,33,14.1,581,269,66,36.03,372
2005,MP 296,1976,49.12162017,-120.8731003,1381,4.2,14.8,-5.1,19.9,810,202,17.6,73.2,624,1025,5024,15,172,139,253,114,301,-37.1,32.7,14.1,575,264,66,36.85,359
2005,MP 299,1976,49.04080963,-120.8787003,1311,4.5,15.1,-5,20,821,209,17.6,72.3,602,1085,4929,18,175,137,253,116,283,-37,33.2,14.2,591,265,65,35.89,391
2005,MP 281,1976,49.10832977,-120.7583008,1921,2.1,12.2,-5.8,18,895,220,13.5,55.5,812,630,5779,4,143,151,249,98,477,-38.4,29.3,13.9,445,173,69,59.25,155
2005,MP 285,1976,49.07500076,-120.7750015,1481,4,14.3,-4.9,19.2,741,181,18.9,79,613,960,5085,12,167,141,251,110,269,-37.2,32.1,14.2,566,278,65,31.38,321
2005,MP 286,1976,49.07500076,-120.7750015,1326,4.6,15,-4.8,19.8,716,177,20.4,84.9,574,1091,4885,18,174,138,252,114,228,-36.8,33.1,14.3,600,311,64,23.97,392
2005,MP 287,1976,49.11643981,-120.8702011,1250,4.6,15.4,-5.2,20.6,808,200,18.1,76.7,615,1133,4890,21,177,137,253,116,286,-37,33.7,14.2,603,290,65,32.68,418
2005,MP 288,1976,49.11574935,-120.8669968,1259,4.6,15.3,-5.2,20.5,808,200,18.1,76.6,611,1125,4893,20,176,137,253,116,285,-37,33.6,14.2,602,288,65,32.89,414
2005,MP 289,1976,49.04022979,-120.8937988,1466,4,14.3,-4.7,19.1,836,213,16.8,67.3,609,958,5084,13,168,140,253,113,305,-37.2,32.1,14.1,558,231,66,41.83,321
2005,MP 290,1976,49.03955841,-120.8881989,1353,4.4,14.9,-4.9,19.7,831,212,17.3,70.2,600,1046,4967,16,173,138,253,115,289,-37,32.9,14.2,582,254,65,38.18,372
2005,35079,1979,49.18056106,-120.9610977,770,7.2,18.1,-3.3,21.3,811,200,21.2,90.3,384,1680,4017,80,218,122,267,145,159,-33,36.7,14.2,726,380,65,18.75,755
2005,35179,1979,49.08110809,-120.8127975,1210,5,15.6,-4.8,20.4,724,181,20.7,85.9,549,1178,4754,24,179,136,253,118,218,-36.8,33.9,14.3,617,320,64,21.96,442
2005,35379,1979,49.08889007,-120.8139038,1210,4.9,15.5,-5,20.5,746,186,19.9,83.1,573,1166,4797,23,178,136,253,117,236,-36.8,33.8,14.3,614,313,64,24.89,435
2005,SK93710,1993,49.21475894,-121.0660627,695,7.7,18,-1.7,19.7,900,217,19.7,83.1,281,1715,3814,78,239,116,278,162,122,-30.2,35.9,13.7,698,328,68,31.46,760
2005,SK93711,1993,49.21441772,-121.0671746,686,7.8,18,-1.6,19.7,900,217,19.7,83.3,278,1724,3800,80,240,116,279,163,120,-30.1,35.9,13.7,699,329,68,31.35,765
2005,SK93721,1993,49.21632862,-121.0684733,698,7.7,18,-1.6,19.6,900,216,19.7,83.1,280,1709,3818,77,239,116,278,162,122,-30.2,35.8,13.7,697,327,68,31.66,755
2005,SK93722,1993,49.21739366,-121.0676078,698,7.7,18,-1.7,19.7,901,216,19.6,83,282,1709,3821,77,239,116,278,162,123,-30.3,35.8,13.7,697,327,68,31.7,755
2005,SK93734,1993,49.19803638,-120.9928605,869,6.9,17.4,-2.8,20.2,844,205,20,85,359,1566,4084,60,218,122,270,148,155,-32.6,35.5,14,686,336,66,27.04,674
2005,SK93735,1993,49.19748268,-120.9920592,869,6.9,17.4,-2.8,20.2,843,205,20.1,85.1,360,1565,4085,60,218,122,270,147,155,-32.7,35.5,14,687,337,66,26.88,674
2005,SK93736,1993,49.20192025,-120.9885846,823,7.1,17.6,-2.7,20.3,832,203,20.6,87,347,1609,4022,66,222,121,271,150,145,-32.3,35.7,14,693,345,66,24.89,702
2005,00NCc13,2000,49.22752855,-120.9627241,900,6.6,17.4,-3.5,20.9,862,205,19.3,84.7,407,1540,4181,58,211,124,266,142,185,-33.6,35.6,14.1,691,342,65,28.59,662
2005,00NCe73,2000,49.12286895,-120.8200364,1455,3.8,14.3,-5.6,19.8,811,200,17,71.4,675,949,5176,12,165,142,250,108,332,-37.5,32.2,14.1,563,256,66,39.14,315
2005,00NCe74,2000,49.12958668,-120.8160951,1620,3.3,13.5,-5.3,18.9,818,200,16.3,67.6,685,829,5346,10,158,145,250,105,356,-37.8,31.1,14.1,530,226,66,44.19,253
2005,00NCe75,2000,49.13184343,-120.8212604,1750,3,13,-5,18,817,201,15.9,64.8,682,747,5454,8,154,147,251,104,364,-37.9,30.3,14,473,204,67,47.09,211
2005,00NCe76,2000,49.12956482,-120.8230328,1665,3.2,13.4,-5.2,18.5,812,200,16.3,66.8,679,802,5375,9,157,145,251,105,352,-37.8,30.9,14.1,489,218,66,44.58,239
2005,00NCe77,2000,49.06956013,-120.905716,1470,4,14.4,-4.9,19.2,847,213,16.5,67.3,625,959,5103,13,169,140,253,113,321,-37.2,32.2,14.1,557,231,66,43.06,321
2005,00NCe78,2000,49.08614425,-120.9258513,1840,2.6,12.7,-5.2,17.8,883,218,14.3,58.1,733,694,5594,7,153,146,253,107,431,-37.7,29.7,13.9,449,174,69,56.79,185
2005,00NCe79,2000,49.08811762,-120.9446303,1790,2.9,12.9,-5.1,18,906,222,14.2,58.3,700,732,5499,7,158,144,255,111,420,-37.4,30,13.8,454,173,69,58.13,203
2005,00NCe82,2000,49.04462405,-120.9646257,1810,2.8,12.8,-5,17.8,929,232,13.8,55.2,711,717,5535,6,156,145,253,108,437,-37.4,30,13.9,453,166,69,60.79,196
2005,00NCe83,2000,49.0409285,-120.9723988,1800,2.9,12.8,-5,17.8,944,235,13.6,54.7,703,725,5514,6,157,144,254,109,439,-37.3,30,13.8,454,165,69,62.11,200
2005,00NCe84,2000,49.04042506,-120.9724193,685,8.4,18.7,-1.1,19.9,942,235,19.6,79.9,242,1885,3583,105,236,112,280,167,97,-32.2,36.1,14.1,740,316,64,29.7,868
2005,00NCe85,2000,49.03686803,-120.9645592,1705,3.3,13.4,-4.6,18,930,231,14.3,57.7,649,798,5346,8,164,141,255,114,392,-37,30.6,13.9,470,175,69,58.28,236
2005,00NCe86,2000,49.04063959,-120.9800327,1745,3.1,13.1,-4.8,17.9,947,235,13.9,55.8,670,767,5414,7,161,142,255,112,416,-37,30.3,13.9,463,169,69,61.04,221
2005,00NCe87,2000,49.03145849,-120.9420956,1820,2.7,12.7,-5.1,17.8,861,218,14.8,58.5,725,707,5566,6,154,146,252,106,409,-37.5,30,13.9,454,174,69,54.03,192
2005,00NCe89,2000,49.05549669,-120.9155332,1725,3.2,13.2,-4.8,18,846,214,15.6,61.8,661,780,5384,8,159,144,253,109,360,-37.4,30.5,14,474,191,68,49.66,228
2005,00NCe90,2000,49.06442921,-120.8922135,1325,4.4,15,-5,20,837,213,17.2,70.5,615,1064,4966,17,174,138,253,115,299,-37,33.1,14.2,587,259,66,38.12,382
2005,00NCe91,2000,49.11667802,-120.8651929,1450,4,14.4,-5.1,19.5,807,200,17.3,72.2,628,969,5096,13,168,140,253,112,308,-37.3,32.3,14.1,561,253,66,38.52,328
2005,00NCe92,2000,49.12229155,-120.8690776,1665,3.3,13.4,-5.1,18.5,810,201,16.4,66.7,673,810,5360,9,159,144,252,108,350,-37.6,30.8,14,486,214,67,44.75,243
2005,00NCe93,2000,49.13832844,-120.8485222,1615,3.4,13.6,-5.2,18.9,823,206,16.3,66.3,677,844,5320,10,161,144,252,108,351,-37.6,31.1,14,496,219,67,44.84,261
2005,00NCe94,2000,49.1422333,-120.8451718,1565,3.5,13.8,-5.5,19.3,824,206,16.4,67.1,684,875,5286,10,162,143,251,108,350,-37.5,31.4,14,538,227,67,43.64,276
2005,00NCe95,2000,49.12585389,-120.8366702,1540,3.6,13.9,-5.2,19.1,804,200,17,69.8,653,892,5223,10,163,143,251,108,324,-37.6,31.7,14.1,545,240,66,40.53,285
2005,114791,2007,49.1638298,-120.7723007,2225,0.6,10.5,-7.1,17.6,1020,244,10.4,43.1,1033,427,6341,2,122,159,244,85,685,-39.7,27.1,13.7,347,133,71,79.24,73
2005,114792,2007,49.16588973,-120.7787018,2225,0.6,10.5,-7.1,17.6,1027,245,10.3,42.7,1038,423,6353,2,121,160,244,84,692,-39.8,27.1,13.7,347,133,70,80.05,72
2005,114793,2007,49.16717147,-120.7802963,2200,0.7,10.6,-7,17.6,1021,244,10.5,43.4,1017,437,6305,2,122,159,244,85,677,-39.7,27.3,13.7,352,136,70,78.85,76
2005,114794,2007,49.16852951,-120.7815018,2145,1,10.9,-6.8,17.7,1009,243,10.9,44.9,973,470,6201,2,126,158,245,87,644,-39.5,27.6,13.8,360,142,70,76.3,88
2005,114795,2007,49.16878128,-120.781601,2140,1,10.9,-6.8,17.7,1007,242,10.9,45.1,969,473,6192,3,127,158,245,87,641,-39.5,27.7,13.8,361,143,70,76.01,89
2005,114796,2007,49.17169952,-120.7848969,2100,1.2,11.1,-6.6,17.8,989,239,11.3,46.6,943,499,6122,3,130,157,245,89,614,-39.3,28,13.8,368,148,70,73.2,99
2005,114797,2007,49.17219924,-120.7894974,2125,1.1,11,-6.7,17.7,987,238,11.2,46.3,961,484,6167,3,128,157,245,88,624,-39.4,27.8,13.8,364,146,70,73.54,93
2005,12-1929,2015,49.20005416,-120.9982758,906,6.8,17.3,-2.9,20.2,857,209,19.6,82.8,370,1535,4132,57,216,123,270,146,165,-32.6,35.4,14,681,328,66,29.08,655
2005,02-3085,2019,49.14056015,-120.7638931,2044,1.5,11.5,-6.4,17.9,999,237,11.5,48.4,898,540,6009,3,134,155,246,91,593,-39,28.4,13.8,424,155,69,72.48,116
2005,02-3087,2019,49.1199913,-120.752121,1874,2.4,12.5,-5.6,18.1,909,221,13.6,56.3,776,667,5684,5,146,150,249,99,463,-38.3,29.6,14,455,180,68,59.16,172
2005,02-3088,2019,49.13434982,-120.7645264,1928,2.1,12.1,-5.9,18,960,229,12.6,53,818,624,5792,4,142,152,249,97,519,-38.5,29.3,13.9,445,170,68,65.78,152
2005,02-3089,2019,49.14989852,-120.7567673,2136,1,11,-6.8,17.8,1002,238,11,46.2,966,481,6178,3,127,158,245,87,635,-39.4,27.8,13.8,364,146,70,75.15,92
2005,02-3090,2019,49.1461296,-120.7544632,2119,1.1,11.1,-6.7,17.8,1001,238,11.1,46.6,952,491,6146,3,128,157,245,88,626,-39.3,27.9,13.8,366,147,70,74.66,96
2005,12-2000,2019,49.13544082,-120.7637634,1954,2,12,-6,18,968,231,12.4,51.9,835,605,5841,3,140,152,248,96,534,-38.7,29.1,13.9,440,166,69,67.25,143
2005,12-9554,2019,49.0820198,-120.9237823,1792,2.8,12.9,-5.1,18,877,217,14.6,59.3,713,724,5526,7,155,145,253,107,413,-37.7,30,13.9,459,179,68,54.94,200
2005,12-9555,2019,49.16053009,-120.76474,1876,2.3,12.4,-5.7,18.1,992,239,12.4,51.9,782,660,5699,4,146,150,249,99,512,-38.4,29.5,13.9,453,170,68,67.76,168
2005,14-4318,2019,49.10192108,-120.7574768,1956,1.9,12,-5.9,17.9,891,217,13.4,55.2,837,602,5848,3,141,152,248,96,491,-38.6,29,13.9,438,170,69,59.76,142
2005,14-4319,2019,49.10179138,-120.7552795,1890,2.3,12.3,-5.7,18,889,217,13.8,56.9,789,650,5723,4,145,150,249,99,461,-38.3,29.5,13.9,450,178,68,57.89,164
2005,14-4320,2019,49.07690048,-120.7710724,1815,2.7,12.8,-5.1,17.9,800,192,15.9,66.5,723,711,5558,7,151,148,250,102,378,-38.1,30,14,466,206,67,46.71,193
2005,14-4323,2019,49.16270065,-120.7649994,1994,1.8,11.8,-6.1,17.9,988,238,11.9,49.5,859,577,5909,3,138,153,248,95,561,-38.8,28.7,13.9,431,159,69,70.3,131
2005,14-4324,2019,49.16270065,-120.7649002,1988,1.8,11.8,-6.1,17.9,987,238,12,49.7,855,581,5898,3,139,153,248,95,558,-38.8,28.8,13.9,432,160,69,70.06,132
2005,14-4325,2019,49.15930175,-120.7705002,1981,1.8,11.8,-6.1,17.9,1016,243,11.6,48.5,854,581,5896,3,138,153,248,94,574,-38.8,28.8,13.9,433,158,69,72.93,132
2005,14-4326,2019,49.1603012,-120.7731018,2030,1.6,11.5,-6.3,17.8,1017,244,11.4,47.3,887,545,5988,3,135,155,247,92,597,-39,28.5,13.8,424,153,69,74.25,117
2005,14-4361,2019,49.15879821,-120.7743988,2093,1.2,11.2,-6.5,17.7,1023,245,11,45.7,931,503,6101,3,130,156,246,89,628,-39.3,28,13.8,369,146,69,76.43,101
2005,14-4382,2019,49.1646614,-120.7790527,2197,0.7,10.6,-7,17.6,1025,245,10.4,43.3,1015,439,6300,2,123,159,244,85,678,-39.7,27.3,13.7,352,136,70,79.19,77
2005,14-4383,2019,49.15822982,-120.7749863,2106,1.2,11.1,-6.6,17.7,1024,245,10.9,45.4,940,495,6125,3,129,157,246,89,634,-39.3,27.9,13.8,366,144,70,76.86,97
2005,14-4384,2019,49.15280151,-120.7717896,2062,1.4,11.4,-6.4,17.8,1018,243,11.2,46.8,913,525,6049,3,132,156,246,91,614,-39.1,28.3,13.8,374,150,69,75.07,109
2005,14-4385,2019,49.16463088,-120.7775726,2217,0.6,10.5,-7.1,17.6,1027,245,10.3,42.9,1031,428,6336,2,121,160,244,84,688,-39.8,27.1,13.7,348,134,70,79.85,73
2005,14-4386,2019,49.10020828,-120.7596817,2009,1.7,11.7,-6.2,17.9,890,216,13.1,54,876,565,5948,3,137,153,247,94,513,-38.8,28.6,13.8,428,164,69,60.95,126
2005,14-4387,2019,49.09149169,-120.7733994,1955,2,12,-5.8,17.9,877,209,13.7,57.6,830,610,5829,4,142,151,249,97,481,-38.5,29.1,13.9,439,172,69,58.15,146
2005,14-4388,2019,49.06903839,-120.7620316,1624,3.5,13.6,-5,18.7,750,184,17.9,74.1,660,846,5295,9,160,144,252,108,306,-37.6,31.2,14.1,502,247,66,36.76,262
2005,14-4573,2019,49.07849884,-120.9320297,1590,3.8,13.9,-4.4,18.3,868,217,15.9,64.1,605,882,5178,11,168,140,256,116,332,-37,31.3,14,525,202,67,48.72,279
2005,14-4577,2019,49.14511871,-120.7613602,2052,1.5,11.4,-6.4,17.8,1004,239,11.4,47.9,902,534,6023,3,133,155,246,91,598,-39.1,28.4,13.8,422,153,69,73.2,113
2005,14-4585,2019,49.07535934,-120.7685013,1752,3,13.1,-4.9,18,781,188,16.7,69.5,686,757,5450,8,154,146,251,104,347,-37.9,30.4,14,478,220,67,43.11,216
2005,14-4587,2019,49.0782814,-120.917923,1679,3.4,13.4,-4.7,18.1,863,215,15.5,62.4,648,808,5331,9,161,143,254,111,361,-37.4,30.7,14,481,195,67,50.37,242
2005,14-4588,2019,49.0820198,-120.9236526,1792,2.8,12.9,-5.1,18,877,217,14.6,59.3,713,725,5526,7,155,145,253,107,413,-37.7,30,13.9,459,179,68,54.93,200
2005,19JCG13,2019,49.11692047,-120.6429367,1080,5.9,16.6,-4.2,20.8,604,172,26.4,96.8,472,1390,4430,41,193,131,259,128,139,-35.6,35,14.4,653,382,63,3.98,567
2005,19JCG15,2019,49.11320114,-120.6441498,1046,6.1,16.8,-4.1,20.9,609,172,26.4,97.7,460,1429,4373,45,195,130,259,130,136,-35.5,35.3,14.4,661,388,63,3.38,591
2005,19JCG18,2019,49.11236953,-120.6519089,1088,5.9,16.6,-4.2,20.8,607,171,26.2,96.7,474,1380,4443,40,192,131,259,128,142,-35.7,35,14.4,651,380,63,4.57,560
2006,MP 291,1976,49.03950881,-120.8720016,1308,4.5,15.8,-5.1,20.9,1213,161,12,98.1,680,1219,4924,29,169,157,265,108,438,-37,33.2,14.4,586,335,65,71.85,493
2006,MP 292,1976,49.03998947,-120.8811035,1277,4.6,15.9,-5.1,21.1,1227,163,11.9,97.7,678,1241,4896,31,171,156,265,109,441,-36.9,33.4,14.3,590,337,65,72.63,508
2006,MP 293,1976,49.04455947,-120.8516998,1259,4.8,16.1,-4.8,20.8,1165,155,12.7,103.8,647,1267,4830,33,172,156,266,110,401,-36.9,33.6,14.4,598,353,64,65.15,527
2006,MP 294,1976,49.11808013,-120.8660965,1402,4.1,15.3,-5,20.3,1211,156,11.7,97.8,707,1142,5045,23,166,159,265,105,455,-37.2,32.6,14.3,566,323,66,74.32,439
2006,MP 295,1976,49.11931991,-120.8755035,1353,4.3,15.5,-5.2,20.7,1210,157,11.8,99,707,1181,4999,26,168,158,265,107,453,-37.1,33,14.3,576,331,66,72.98,466
2006,MP 296,1976,49.12162017,-120.8731003,1381,4.2,15.4,-5,20.4,1211,157,11.7,97.9,707,1160,5023,24,167,159,265,106,454,-37.1,32.7,14.3,570,326,66,73.77,451
2006,MP 299,1976,49.04080963,-120.8787003,1311,4.5,15.8,-5.1,20.9,1224,163,11.8,97,687,1214,4938,29,169,157,265,108,446,-37,33.2,14.3,584,332,65,73.26,489
2006,MP 281,1976,49.10832977,-120.7583008,1921,2.1,12.6,-5.9,18.5,1392,177,8.7,71.5,920,759,5770,8,143,172,263,91,670,-38.4,29.3,14,472,225,69,105.39,211
2006,MP 285,1976,49.07500076,-120.7750015,1481,4,15,-4.5,19.6,1121,145,12.5,103.5,703,1100,5086,20,163,162,264,102,426,-37.2,32.1,14.3,561,330,65,65.85,410
2006,MP 286,1976,49.07500076,-120.7750015,1326,4.6,15.9,-4.4,20.3,1074,142,13.6,111.6,655,1224,4884,29,169,158,264,106,378,-36.8,33.1,14.4,592,361,64,56.73,493
2006,MP 287,1976,49.11643981,-120.8702011,1250,4.6,16,-5.4,21.5,1211,156,12.1,102.7,691,1259,4894,33,171,156,265,108,442,-37,33.7,14.3,597,349,65,70.13,522
2006,MP 288,1976,49.11574935,-120.8669968,1259,4.6,16,-5.3,21.3,1212,156,12,102.4,687,1252,4896,32,171,156,265,108,441,-37,33.6,14.3,595,348,65,70.45,516
2006,MP 289,1976,49.04022979,-120.8937988,1466,4,15,-4.6,19.5,1243,165,11.3,90.5,703,1089,5096,20,164,160,265,105,464,-37.2,32.1,14.3,553,303,66,79.19,406
2006,MP 290,1976,49.03955841,-120.8881989,1353,4.3,15.6,-4.9,20.4,1237,165,11.6,94.4,688,1181,4976,26,168,158,265,107,452,-37,32.9,14.3,575,323,65,75.7,465
2006,35079,1979,49.18056106,-120.9610977,770,7.1,18.8,-2.8,21.6,1192,152,14.4,124,427,1775,4049,110,209,138,275,137,257,-33,36.7,14.3,722,446,65,53.64,873
2006,35179,1979,49.08110809,-120.8127975,1210,5,16.3,-4.7,21,1092,144,13.7,112.9,621,1302,4759,37,173,155,265,110,363,-36.8,33.9,14.4,608,373,64,56.26,552
2006,35379,1979,49.08889007,-120.8139038,1210,4.9,16.3,-4.8,21.1,1125,148,13.2,110.2,647,1292,4801,36,173,155,264,109,388,-36.8,33.8,14.4,606,366,64,60.05,543
2006,SK93710,1993,49.21475894,-121.0660627,695,7.7,18.6,-0.9,19.5,1298,160,13.6,116.1,319,1800,3847,104,230,130,284,154,189,-30.2,35.9,13.8,695,405,68,68.42,874
2006,SK93711,1993,49.21441772,-121.0671746,686,7.7,18.6,-0.8,19.4,1298,160,13.7,116.4,316,1808,3834,106,231,130,284,154,186,-30.1,35.9,13.8,696,406,68,68.33,879
2006,SK93721,1993,49.21632862,-121.0684733,698,7.7,18.5,-0.9,19.4,1298,159,13.6,116.2,319,1793,3851,104,230,130,284,153,188,-30.2,35.8,13.8,694,404,68,68.61,869
2006,SK93722,1993,49.21739366,-121.0676078,698,7.7,18.5,-0.9,19.4,1299,160,13.6,116.1,320,1793,3854,103,230,130,284,153,190,-30.3,35.8,13.8,694,404,68,68.67,869
2006,SK93734,1993,49.19803638,-120.9928605,869,6.9,18.1,-2.1,20.2,1230,155,13.8,116.7,405,1664,4106,83,210,138,277,139,245,-32.6,35.5,14.1,682,404,66,62.67,787
2006,SK93735,1993,49.19748268,-120.9920592,869,6.9,18.1,-2.2,20.2,1228,155,13.8,116.9,406,1663,4107,83,209,138,277,139,245,-32.7,35.5,14.1,682,405,66,62.48,786
2006,SK93736,1993,49.20192025,-120.9885846,823,7.1,18.3,-2,20.3,1210,153,14.1,119.4,390,1706,4047,90,213,137,278,142,230,-32.3,35.7,14.1,689,413,66,59.76,817
2006,00NCc13,2000,49.22752855,-120.9627241,900,6.6,18.1,-2.8,20.9,1265,155,13.2,116.1,452,1640,4199,81,202,141,274,134,289,-33.6,35.6,14.2,687,407,65,65.82,777
2006,00NCe73,2000,49.12286895,-120.8200364,1455,3.8,14.9,-5.5,20.4,1233,158,11.2,94.5,762,1081,5179,20,161,162,263,101,500,-37.5,32.2,14.3,558,315,66,77.82,401
2006,00NCe74,2000,49.12958668,-120.8160951,1620,3.3,14.1,-5,19.1,1247,159,10.7,89,779,965,5342,14,156,165,263,98,519,-37.8,31.1,14.2,526,288,66,83.29,331
2006,00NCe75,2000,49.13184343,-120.8212604,1750,3,13.5,-5,18.5,1243,158,10.5,85.3,780,881,5446,11,152,167,264,96,517,-37.9,30.3,14.2,501,267,66,85.95,280
2006,00NCe76,2000,49.12956482,-120.8230328,1665,3.2,13.9,-4.9,18.8,1231,158,10.8,88.1,774,937,5370,14,155,166,264,98,508,-37.8,30.9,14.2,517,281,66,82.79,314
2006,00NCe77,2000,49.06956013,-120.905716,1470,4,14.9,-4.8,19.7,1262,165,11.1,90.6,717,1089,5113,20,164,160,265,105,479,-37.2,32.2,14.2,553,303,66,81.18,406
2006,00NCe78,2000,49.08614425,-120.9258513,1840,2.6,13,-5.3,18.3,1320,168,9.6,77.8,843,822,5593,9,151,167,266,99,580,-37.7,29.7,14,478,238,69,96.88,245
2006,00NCe79,2000,49.08811762,-120.9446303,1790,2.9,13.3,-5,18.3,1350,170,9.5,78.1,806,861,5501,10,155,164,267,103,574,-37.4,30,14,482,239,69,99.01,267
2006,00NCe82,2000,49.04462405,-120.9646257,1810,2.8,13.2,-5.1,18.3,1374,178,9.3,74.2,823,844,5542,9,153,166,266,100,593,-37.4,30,14,482,231,69,101.77,258
2006,00NCe83,2000,49.0409285,-120.9723988,1800,2.8,13.2,-5.1,18.3,1394,180,9.2,73.6,815,852,5522,9,154,165,266,101,597,-37.3,30,14,482,229,69,103.62,263
2006,00NCe84,2000,49.04042506,-120.9724193,685,8.4,19.3,-0.5,19.8,1391,179,13.2,107.8,276,1964,3638,142,227,126,285,159,173,-32.2,36.1,14.2,741,392,64,72.1,989
2006,00NCe85,2000,49.03686803,-120.9645592,1705,3.3,13.8,-4.7,18.4,1377,178,9.6,77.5,755,929,5358,11,160,162,268,106,551,-37,30.6,14,499,245,69,99.43,308
2006,00NCe86,2000,49.04063959,-120.9800327,1745,3.1,13.5,-4.8,18.4,1398,180,9.4,75.2,778,896,5425,10,157,163,267,104,576,-37,30.3,14,491,236,69,102.62,288
2006,00NCe87,2000,49.03145849,-120.9420956,1820,2.7,13.1,-5.2,18.4,1272,167,10,78.5,838,835,5572,8,152,167,265,99,558,-37.5,30,14,483,242,69,91.59,253
2006,00NCe89,2000,49.05549669,-120.9155332,1725,3.2,13.7,-4.8,18.5,1258,165,10.5,83,766,912,5391,11,156,165,266,102,508,-37.4,30.5,14.1,502,261,67,87.24,298
2006,00NCe90,2000,49.06442921,-120.8922135,1325,4.4,15.7,-5.2,20.8,1248,165,11.5,95,701,1199,4973,27,169,158,265,107,461,-37,33.1,14.3,581,327,66,76.11,478
2006,00NCe91,2000,49.11667802,-120.8651929,1450,4,15,-4.9,19.9,1210,156,11.6,96.3,715,1105,5098,21,164,160,265,104,460,-37.3,32.3,14.3,556,316,66,75.52,415
2006,00NCe92,2000,49.12229155,-120.8690776,1665,3.3,14,-4.8,18.8,1213,157,10.9,88.8,770,944,5359,13,156,165,265,100,494,-37.6,30.8,14.1,514,279,67,81.26,318
2006,00NCe93,2000,49.13832844,-120.8485222,1615,3.4,14.2,-4.8,19.1,1231,161,10.9,88.1,770,978,5317,14,157,164,265,101,500,-37.6,31.1,14.2,524,283,67,81.86,340
2006,00NCe94,2000,49.1422333,-120.8451718,1565,3.5,14.4,-5.1,19.6,1231,162,11,89.3,775,1009,5285,16,159,164,264,100,503,-37.5,31.4,14.2,534,291,67,80.73,358
2006,00NCe95,2000,49.12585389,-120.8366702,1540,3.7,14.5,-4.9,19.4,1210,157,11.3,92.5,742,1027,5223,16,159,163,264,101,478,-37.6,31.7,14.2,541,302,66,77.58,368
2006,114791,2007,49.1638298,-120.7723007,2225,0.6,10.8,-7.3,18,1577,196,6.7,55,1141,531,6327,2,126,179,259,80,878,-39.7,27.1,13.8,376,158,71,131.52,101
2006,114792,2007,49.16588973,-120.7787018,2225,0.6,10.7,-7.3,18,1583,197,6.7,54.4,1146,527,6339,2,125,180,259,79,885,-39.8,27.1,13.8,376,157,70,132.19,99
2006,114793,2007,49.16717147,-120.7802963,2200,0.7,10.8,-7.2,18,1571,196,6.8,55.3,1125,543,6291,2,126,179,259,80,867,-39.7,27.3,13.8,381,162,70,130.35,105
2006,114794,2007,49.16852951,-120.7815018,2145,1,11.2,-6.9,18.1,1550,194,7.1,57.5,1080,580,6187,4,130,178,260,82,832,-39.5,27.6,13.9,390,172,70,126.92,121
2006,114795,2007,49.16878128,-120.781601,2140,1,11.2,-6.9,18.1,1547,194,7.1,57.7,1076,584,6178,5,130,178,260,82,828,-39.5,27.7,13.9,390,173,70,126.51,123
2006,114796,2007,49.17169952,-120.7848969,2100,1.2,11.5,-6.7,18.2,1514,192,7.4,59.8,1050,612,6108,5,132,177,260,83,795,-39.3,28,13.9,397,181,69,122.25,136
2006,114797,2007,49.17219924,-120.7894974,2125,1.1,11.3,-6.8,18.1,1507,191,7.4,59.3,1068,595,6153,5,131,177,260,82,803,-39.4,27.8,13.9,393,179,70,122.15,128
2006,12-1929,2015,49.20005416,-120.9982758,906,6.8,17.9,-2.2,20.2,1249,157,13.4,114,419,1634,4152,78,208,139,277,138,258,-32.6,35.4,14.1,677,397,66,65.31,768
2006,02-3085,2019,49.14056015,-120.7638931,2044,1.5,11.9,-6.5,18.3,1558,191,7.4,62,1007,660,5997,6,136,176,261,85,797,-39,28.4,14,408,192,69,125.08,159
2006,02-3087,2019,49.1199913,-120.752121,1874,2.4,12.9,-5.6,18.6,1414,178,8.8,72.5,881,799,5672,8,146,171,263,93,655,-38.3,29.6,14.1,483,232,68,106.12,233
2006,02-3088,2019,49.13434982,-120.7645264,1928,2.1,12.6,-5.9,18.5,1496,185,8.1,68,923,753,5780,7,143,172,263,90,717,-38.5,29.3,14,472,217,68,115.84,206
2006,02-3089,2019,49.14989852,-120.7567673,2136,1.1,11.3,-6.9,18.2,1564,192,7.1,58.9,1075,593,6164,5,130,178,260,82,839,-39.4,27.8,13.9,393,177,70,127.93,127
2006,02-3090,2019,49.1461296,-120.7544632,2119,1.1,11.4,-6.8,18.2,1564,192,7.1,59.3,1061,605,6133,5,131,177,260,83,831,-39.3,27.9,13.9,396,179,70,127.47,133
2006,12-2000,2019,49.13544082,-120.7637634,1954,2,12.4,-6,18.4,1509,186,7.9,66.7,941,731,5829,7,141,173,262,89,735,-38.7,29.1,14,467,212,68,117.87,195
2006,12-9554,2019,49.0820198,-120.9237823,1792,2.8,13.3,-5.1,18.4,1309,167,9.8,79.4,821,854,5528,9,153,166,266,99,563,-37.7,30,14,487,246,68,94.56,264
2006,12-9555,2019,49.16053009,-120.76474,1876,2.4,12.8,-5.7,18.5,1539,192,8,66.7,883,790,5684,8,145,171,263,92,706,-38.4,29.5,14.1,480,216,68,118.87,227
2006,14-4318,2019,49.10192108,-120.7574768,1956,2,12.4,-6,18.5,1387,175,8.6,71.1,947,729,5839,7,141,173,262,90,683,-38.6,29,14,465,221,69,105.91,195
2006,14-4319,2019,49.10179138,-120.7552795,1890,2.3,12.8,-5.7,18.5,1384,175,8.9,73.4,897,781,5713,8,145,171,263,92,653,-38.3,29.5,14,478,232,68,103.85,223
2006,14-4320,2019,49.07690048,-120.7710724,1815,2.7,13.3,-5.3,18.6,1228,154,10.4,86.4,830,846,5550,9,149,169,264,95,542,-38.1,30,14.1,494,266,67,85.84,260
2006,14-4323,2019,49.16270065,-120.7649994,1994,1.8,12.2,-6.2,18.3,1529,191,7.7,63.6,964,700,5895,6,139,174,262,88,753,-38.8,28.7,14,415,198,69,121.07,179
2006,14-4324,2019,49.16270065,-120.7649002,1988,1.8,12.2,-6.2,18.4,1528,191,7.7,63.8,960,704,5884,7,139,174,262,88,749,-38.8,28.8,14,459,199,69,120.77,181
2006,14-4325,2019,49.15930175,-120.7705002,1981,1.8,12.2,-6.2,18.3,1575,196,7.5,62.2,959,704,5883,7,139,174,262,88,772,-38.8,28.8,14,460,196,69,125.34,180
2006,14-4326,2019,49.1603012,-120.7731018,2030,1.6,11.9,-6.4,18.2,1574,196,7.4,60.6,994,665,5975,6,136,175,261,86,793,-39,28.5,14,408,188,69,126.55,160
2006,14-4361,2019,49.15879821,-120.7743988,2093,1.3,11.5,-6.7,18.1,1583,196,7.1,58.5,1038,618,6088,5,133,177,260,84,825,-39.3,28,13.9,398,177,69,129.05,138
2006,14-4382,2019,49.1646614,-120.7790527,2197,0.7,10.9,-7.2,18,1580,196,6.8,55.4,1123,545,6286,2,127,179,259,80,871,-39.7,27.3,13.8,381,161,70,131.21,106
2006,14-4383,2019,49.15822982,-120.7749863,2106,1.2,11.4,-6.7,18.1,1585,197,7.1,58.1,1048,608,6111,5,132,177,260,83,831,-39.3,27.9,13.9,396,175,69,129.53,134
2006,14-4384,2019,49.15280151,-120.7717896,2062,1.4,11.7,-6.5,18.2,1580,195,7.2,59.9,1021,642,6036,6,135,176,261,85,814,-39.1,28.3,13.9,404,184,69,127.89,150
2006,14-4385,2019,49.16463088,-120.7775726,2217,0.6,10.8,-7.3,18,1585,197,6.7,54.7,1139,532,6323,2,126,179,259,80,882,-39.8,27.1,13.8,377,158,70,132.16,101
2006,14-4386,2019,49.10020828,-120.7596817,2009,1.7,12.1,-6.3,18.4,1386,174,8.4,69.6,988,688,5939,6,138,174,262,88,705,-38.8,28.6,14,413,214,69,107.13,173
2006,14-4387,2019,49.09149169,-120.7733994,1955,2,12.5,-6,18.5,1361,167,8.8,74.6,941,737,5822,7,142,172,263,91,667,-38.5,29.1,14,466,230,69,103.05,199
2006,14-4388,2019,49.06903839,-120.7620316,1624,3.5,14.3,-4.7,19,1141,148,11.8,96.6,758,986,5293,15,157,164,265,100,464,-37.6,31.2,14.2,530,302,66,72.04,344
2006,14-4573,2019,49.07849884,-120.9320297,1590,3.7,14.3,-4.4,18.7,1290,167,10.7,86,703,1016,5188,16,164,160,268,108,480,-37,31.3,14.1,522,276,67,87.48,360
2006,14-4577,2019,49.14511871,-120.7613602,2052,1.5,11.8,-6.5,18.3,1565,192,7.3,61.3,1010,653,6010,6,135,176,261,85,802,-39.1,28.4,14,407,189,69,126.03,155
2006,14-4585,2019,49.07535934,-120.7685013,1752,3,13.6,-5.1,18.7,1195,151,10.9,90.3,790,894,5444,10,152,167,264,97,506,-37.9,30.4,14.2,506,279,67,80.71,288
2006,14-4587,2019,49.0782814,-120.917923,1679,3.3,13.9,-4.7,18.6,1288,166,10.3,83.7,750,941,5337,13,158,164,266,103,510,-37.4,30.7,14.1,509,266,67,89.26,315
2006,14-4588,2019,49.0820198,-120.9236526,1792,2.8,13.3,-5.1,18.4,1309,167,9.8,79.4,820,854,5528,9,153,166,266,99,563,-37.7,30,14,487,246,68,94.55,264
2006,19JCG13,2019,49.11692047,-120.6429367,1080,6,17.5,-3.7,21.2,907,141,17.6,124.4,526,1511,4431,62,187,148,269,121,248,-35.6,35,14.5,678,432,63,31.57,692
2006,19JCG15,2019,49.11320114,-120.6441498,1046,6.1,17.7,-3.6,21.3,916,141,17.6,125.5,511,1548,4377,67,188,147,270,123,243,-35.5,35.3,14.5,686,438,63,31.27,717
2006,19JCG18,2019,49.11236953,-120.6519089,1088,5.9,17.4,-3.7,21.1,912,140,17.5,124.5,529,1501,4445,60,186,148,269,121,251,-35.7,35,14.5,676,430,63,32.43,686
2007,MP 291,1976,49.03950881,-120.8720016,1308,4.1,16,-6.8,22.7,975,177,14.5,90.4,672,1078,5060,23,168,155,255,100,532,-37,33.2,13.9,579,290,67,53.33,400
2007,MP 292,1976,49.03998947,-120.8811035,1277,4.2,16.1,-6.8,22.9,990,179,14.4,89.9,670,1101,5031,24,169,154,255,101,535,-36.9,33.4,13.9,584,291,67,54.17,413
2007,MP 293,1976,49.04455947,-120.8516998,1259,4.4,16.3,-6.4,22.7,932,169,15.5,96.2,640,1130,4960,26,170,153,255,102,493,-36.9,33.6,13.9,593,308,66,47.08,429
2007,MP 294,1976,49.11808013,-120.8660965,1402,3.8,15.5,-6.7,22.1,981,173,14.1,89.4,697,997,5188,17,163,156,254,98,554,-37.2,32.6,13.8,558,277,68,56.78,354
2007,MP 295,1976,49.11931991,-120.8755035,1353,3.9,15.7,-6.8,22.6,984,174,14.1,90.2,698,1037,5141,20,166,155,254,99,550,-37.1,33,13.8,568,284,68,55.75,377
2007,MP 296,1976,49.12162017,-120.8731003,1381,3.8,15.6,-6.7,22.3,984,175,14.1,89.3,697,1015,5166,19,165,156,254,98,552,-37.1,32.7,13.8,561,279,68,56.57,364
2007,MP 299,1976,49.04080963,-120.8787003,1311,4.1,15.9,-6.8,22.7,987,179,14.3,89.3,678,1073,5074,22,168,155,255,100,540,-37,33.2,13.8,577,287,67,54.78,397
2007,MP 281,1976,49.10832977,-120.7583008,1921,1.8,12.8,-6.8,19.6,1096,190,10.8,67.5,902,633,5903,5,137,168,252,84,786,-38.4,29.3,13.5,395,184,71,80.95,164
2007,MP 285,1976,49.07500076,-120.7750015,1481,3.7,15.2,-6.1,21.4,890,155,15.4,98,686,956,5223,15,160,158,253,94,512,-37.2,32.1,13.9,554,292,67,48.37,330
2007,MP 286,1976,49.07500076,-120.7750015,1326,4.3,16,-6,22.1,855,151,16.7,105.9,642,1083,5015,23,167,155,253,98,453,-36.8,33.1,13.9,587,325,66,40.22,401
2007,MP 287,1976,49.11643981,-120.8702011,1250,4.2,16.2,-7.1,23.3,981,173,14.5,93.7,685,1120,5028,25,170,153,254,101,536,-37,33.7,13.9,590,303,67,52.55,424
2007,MP 288,1976,49.11574935,-120.8669968,1259,4.2,16.2,-7,23.2,980,173,14.5,93.5,681,1113,5031,25,169,154,254,101,535,-37,33.6,13.9,588,301,67,52.69,419
2007,MP 289,1976,49.04022979,-120.8937988,1466,3.6,15.1,-6.3,21.4,1006,183,13.6,82.9,690,948,5239,14,161,158,255,97,567,-37.2,32.1,13.8,545,256,68,61.11,326
2007,MP 290,1976,49.03955841,-120.8881989,1353,4,15.7,-6.6,22.3,1000,181,14,86.7,678,1037,5116,20,166,156,255,99,549,-37,32.9,13.8,568,276,67,57.34,377
2007,35079,1979,49.18056106,-120.9610977,770,6.8,19,-4.6,23.6,1005,176,16.7,108.1,440,1633,4170,89,213,136,266,131,371,-33,36.7,13.8,706,385,67,41.71,750
2007,35179,1979,49.08110809,-120.8127975,1210,4.6,16.5,-6.3,22.8,868,156,16.8,106,617,1168,4885,29,173,152,255,102,446,-36.8,33.9,14,604,334,65,39.09,450
2007,35379,1979,49.08889007,-120.8139038,1210,4.5,16.5,-6.4,22.9,896,160,16.2,102.6,641,1155,4930,28,172,152,254,101,472,-36.8,33.8,13.9,601,327,66,42.49,443
2007,SK93710,1993,49.21475894,-121.0660627,695,7.3,18.8,-2.8,21.6,1124,190,15.4,98.4,329,1652,3973,83,235,127,276,149,296,-30.2,35.9,13.3,668,331,70,57.68,746
2007,SK93711,1993,49.21441772,-121.0671746,686,7.3,18.8,-2.8,21.5,1124,190,15.4,98.6,326,1660,3960,84,236,127,276,150,292,-30.1,35.9,13.3,669,331,70,57.6,751
2007,SK93721,1993,49.21632862,-121.0684733,698,7.3,18.7,-2.8,21.5,1125,190,15.3,98.5,329,1646,3977,82,235,127,276,149,296,-30.2,35.8,13.3,667,329,70,58,741
2007,SK93722,1993,49.21739366,-121.0676078,698,7.3,18.7,-2.8,21.5,1126,190,15.3,98.4,330,1645,3980,82,235,127,276,149,297,-30.3,35.8,13.3,667,329,70,58.04,741
2007,SK93734,1993,49.19803638,-120.9928605,869,6.5,18.3,-4,22.2,1045,180,15.8,101.4,414,1521,4227,66,213,135,269,133,365,-32.6,35.5,13.6,665,340,68,50.63,669
2007,SK93735,1993,49.19748268,-120.9920592,869,6.5,18.3,-4,22.3,1044,180,15.8,101.6,415,1521,4228,66,213,135,268,133,365,-32.7,35.5,13.6,666,341,68,50.43,669
2007,SK93736,1993,49.20192025,-120.9885846,823,6.7,18.5,-3.8,22.3,1031,178,16.2,103.8,400,1563,4169,73,217,134,270,136,343,-32.3,35.7,13.6,672,349,68,48.27,697
2007,00NCc13,2000,49.22752855,-120.9627241,900,6.3,18.2,-4.6,22.9,1068,181,15.2,101.1,462,1499,4319,64,206,137,265,128,422,-33.6,35.6,13.7,655,345,67,52.47,660
2007,00NCe73,2000,49.12286895,-120.8200364,1455,3.4,15.1,-7.1,22.2,988,173,13.6,87.3,748,941,5317,14,158,159,252,93,603,-37.5,32.2,13.8,550,271,68,58.91,322
2007,00NCe74,2000,49.12958668,-120.8160951,1620,3,14.3,-6.6,20.9,1000,174,13,82.3,763,821,5480,10,151,162,252,90,633,-37.8,31.1,13.7,488,244,68,64.38,261
2007,00NCe75,2000,49.13184343,-120.8212604,1750,2.7,13.7,-6.1,19.8,999,174,12.7,78.7,764,742,5585,7,147,164,253,89,636,-37.9,30.3,13.7,463,223,68,67.24,220
2007,00NCe76,2000,49.12956482,-120.8230328,1665,2.9,14.1,-6.4,20.5,990,174,13,81.3,759,795,5509,9,150,162,253,90,621,-37.8,30.9,13.7,479,237,68,64.4,247
2007,00NCe77,2000,49.06956013,-120.905716,1470,3.6,15.1,-6.5,21.6,1025,183,13.3,82.4,705,947,5258,14,161,158,255,97,583,-37.2,32.2,13.7,543,255,68,63.14,326
2007,00NCe78,2000,49.08614425,-120.9258513,1840,2.2,13.2,-6.4,19.6,1076,188,11.4,70.3,828,687,5737,6,146,164,255,91,690,-37.7,29.7,13.5,439,188,71,78.04,191
2007,00NCe79,2000,49.08811762,-120.9446303,1790,2.5,13.4,-6.2,19.6,1107,192,11.3,70.1,792,723,5647,7,150,161,257,95,690,-37.4,30,13.4,443,187,71,80.36,208
2007,00NCe82,2000,49.04462405,-120.9646257,1810,2.4,13.4,-6.3,19.6,1133,199,10.9,67.1,809,708,5687,6,148,163,256,92,714,-37.4,30,13.4,442,179,71,83.18,201
2007,00NCe83,2000,49.0409285,-120.9723988,1800,2.4,13.4,-6.2,19.6,1152,202,10.8,66.4,800,715,5668,7,149,163,256,93,721,-37.3,30,13.4,443,177,71,84.96,205
2007,00NCe84,2000,49.04042506,-120.9724193,685,8,19.5,-2.2,21.8,1149,201,15.7,96.9,289,1820,3753,114,233,124,278,154,251,-32.2,36.1,13.8,709,337,65,54.39,854
2007,00NCe85,2000,49.03686803,-120.9645592,1705,2.9,13.9,-5.9,19.8,1133,199,11.4,70.1,740,785,5503,8,156,160,258,98,675,-37,30.6,13.5,459,194,71,80.83,241
2007,00NCe86,2000,49.04063959,-120.9800327,1745,2.7,13.7,-6.1,19.8,1157,202,11,67.8,764,754,5571,8,153,161,257,96,702,-37,30.3,13.5,452,184,71,84.2,225
2007,00NCe87,2000,49.03145849,-120.9420956,1820,2.3,13.3,-6.4,19.7,1043,187,11.8,71.4,823,700,5716,6,146,164,255,91,666,-37.5,30,13.5,444,193,71,74.2,198
2007,00NCe89,2000,49.05549669,-120.9155332,1725,2.8,13.9,-6,19.9,1023,184,12.5,75.6,750,770,5533,8,152,162,256,94,619,-37.4,30.5,13.6,463,213,69,69.53,234
2007,00NCe90,2000,49.06442921,-120.8922135,1325,4,15.9,-6.9,22.7,1010,183,13.9,86.7,691,1055,5112,21,167,155,254,99,558,-37,33.1,13.8,573,280,68,57.68,387
2007,00NCe91,2000,49.11667802,-120.8651929,1450,3.6,15.2,-6.6,21.8,980,173,13.9,88.1,704,960,5242,15,161,157,254,97,561,-37.3,32.3,13.8,548,269,68,58.02,333
2007,00NCe92,2000,49.12229155,-120.8690776,1665,2.9,14.1,-6.4,20.5,985,174,13.1,81.1,756,800,5501,9,152,161,254,93,602,-37.6,30.8,13.6,475,232,69,64.29,251
2007,00NCe93,2000,49.13832844,-120.8485222,1615,3,14.4,-6.5,20.9,1000,179,13,80.6,755,833,5458,10,154,161,254,93,609,-37.6,31.1,13.7,485,237,69,64.61,268
2007,00NCe94,2000,49.1422333,-120.8451718,1565,3.1,14.6,-6.8,21.4,1001,179,13.1,81.7,761,863,5425,11,155,160,253,93,609,-37.5,31.4,13.7,495,245,69,63.45,284
2007,00NCe95,2000,49.12585389,-120.8366702,1540,3.3,14.7,-6.5,21.3,974,173,13.6,85.1,729,881,5363,12,156,160,253,93,578,-37.6,31.7,13.8,532,257,68,59.67,292
2007,114791,2007,49.1638298,-120.7723007,2225,0.3,11,-7.8,18.7,1247,211,8.2,51.8,1137,436,6463,1,118,175,248,73,981,-39.7,27.1,13.3,326,125,73,103.37,77
2007,114792,2007,49.16588973,-120.7787018,2225,0.2,10.9,-7.8,18.7,1256,213,8.1,51.2,1143,432,6476,1,117,175,247,72,987,-39.8,27.1,13.3,326,124,72,104.31,76
2007,114793,2007,49.16717147,-120.7802963,2200,0.4,11,-7.7,18.7,1248,212,8.3,52,1120,446,6428,2,119,175,248,73,972,-39.7,27.3,13.3,330,127,72,102.99,81
2007,114794,2007,49.16852951,-120.7815018,2145,0.6,11.4,-7.5,18.9,1233,210,8.6,54,1073,478,6324,2,122,174,248,75,942,-39.5,27.6,13.4,357,133,72,100.2,93
2007,114795,2007,49.16878128,-120.781601,2140,0.7,11.4,-7.5,18.9,1231,210,8.7,54.2,1069,481,6315,2,122,174,248,75,939,-39.5,27.7,13.4,358,134,72,99.88,94
2007,114796,2007,49.17169952,-120.7848969,2100,0.9,11.6,-7.4,19,1209,208,9,56.1,1041,505,6246,2,125,173,249,76,908,-39.3,28,13.4,365,139,71,96.7,105
2007,114797,2007,49.17219924,-120.7894974,2125,0.7,11.5,-7.5,19,1206,207,8.9,55.7,1061,491,6291,2,123,173,248,75,914,-39.4,27.8,13.4,361,137,72,97.02,99
2007,12-1929,2015,49.20005416,-120.9982758,906,6.4,18.1,-4,22.2,1061,184,15.4,98.8,426,1491,4281,62,211,137,268,132,388,-32.6,35.4,13.6,660,332,68,52.88,651
2007,02-3085,2019,49.14056015,-120.7638931,2044,1.2,12,-7.2,19.2,1224,205,9.1,58.7,993,546,6132,2,128,171,250,78,919,-39,28.4,13.5,376,151,71,96.59,123
2007,02-3087,2019,49.1199913,-120.752121,1874,2.1,13.1,-6.6,19.7,1112,191,10.8,68.5,862,669,5801,5,140,167,252,85,780,-38.3,29.6,13.6,446,191,70,81.17,182
2007,02-3088,2019,49.13434982,-120.7645264,1928,1.8,12.7,-6.8,19.6,1178,199,10,64.2,906,627,5915,5,136,168,251,83,846,-38.5,29.3,13.5,395,175,70,89.14,161
2007,02-3089,2019,49.14989852,-120.7567673,2136,0.7,11.5,-7.5,19,1227,206,8.7,55.8,1065,489,6299,2,123,174,248,75,949,-39.4,27.8,13.4,361,139,72,99.07,98
2007,02-3090,2019,49.1461296,-120.7544632,2119,0.8,11.6,-7.4,19,1225,206,8.8,56.3,1050,499,6267,2,124,173,249,76,943,-39.3,27.9,13.4,364,141,72,98.5,102
2007,12-2000,2019,49.13544082,-120.7637634,1954,1.6,12.6,-6.9,19.5,1187,200,9.8,62.9,925,609,5963,3,135,169,251,82,862,-38.7,29.1,13.5,391,170,70,90.74,152
2007,12-9554,2019,49.0820198,-120.9237823,1792,2.4,13.4,-6.3,19.7,1067,187,11.6,71.9,805,716,5672,7,148,163,255,92,672,-37.7,30,13.5,448,197,70,75.98,206
2007,12-9555,2019,49.16053009,-120.76474,1876,2,13,-6.6,19.6,1213,207,9.9,62.8,866,661,5815,5,139,167,252,85,843,-38.4,29.5,13.6,444,173,70,91.56,177
2007,14-4318,2019,49.10192108,-120.7574768,1956,1.6,12.6,-6.9,19.5,1090,188,10.6,67.2,929,607,5971,3,135,169,251,82,796,-38.6,29,13.5,389,181,71,81.26,152
2007,14-4319,2019,49.10179138,-120.7552795,1890,1.9,13,-6.6,19.6,1088,187,11,69.4,877,653,5846,5,139,167,252,85,771,-38.3,29.5,13.5,400,191,70,79.37,174
2007,14-4320,2019,49.07690048,-120.7710724,1815,2.4,13.5,-6.2,19.7,969,165,12.8,81.8,809,711,5684,6,144,165,253,88,648,-38.1,30,13.6,457,227,69,65.39,204
2007,14-4323,2019,49.16270065,-120.7649994,1994,1.4,12.4,-7,19.3,1207,206,9.5,59.9,949,581,6030,2,132,170,251,81,879,-38.8,28.7,13.5,382,156,71,93.82,139
2007,14-4324,2019,49.16270065,-120.7649002,1988,1.5,12.4,-7,19.3,1206,206,9.5,60.1,945,585,6019,2,133,169,251,81,876,-38.8,28.8,13.5,383,157,71,93.56,141
2007,14-4325,2019,49.15930175,-120.7705002,1981,1.5,12.4,-7,19.3,1243,211,9.2,58.5,944,584,6018,2,133,170,250,81,902,-38.8,28.8,13.5,384,153,71,97.18,140
2007,14-4326,2019,49.1603012,-120.7731018,2030,1.2,12.1,-7.1,19.2,1244,211,9,57,981,550,6111,2,129,171,250,79,918,-39,28.5,13.4,376,146,71,98.51,124
2007,14-4361,2019,49.15879821,-120.7743988,2093,0.9,11.7,-7.3,19,1251,212,8.7,55,1028,510,6224,2,125,172,249,77,943,-39.3,28,13.4,366,138,71,100.78,107
2007,14-4382,2019,49.1646614,-120.7790527,2197,0.4,11.1,-7.7,18.7,1253,213,8.3,52,1118,448,6423,2,119,175,248,73,977,-39.7,27.3,13.3,330,127,72,103.45,81
2007,14-4383,2019,49.15822982,-120.7749863,2106,0.8,11.6,-7.3,19,1252,213,8.7,54.6,1038,502,6247,2,124,173,249,76,948,-39.3,27.9,13.4,363,136,71,101.22,103
2007,14-4384,2019,49.15280151,-120.7717896,2062,1.1,11.9,-7.3,19.1,1246,210,8.9,56.5,1009,531,6171,2,127,172,249,78,935,-39.1,28.3,13.4,371,143,71,99.45,116
2007,14-4385,2019,49.16463088,-120.7775726,2217,0.3,10.9,-7.7,18.7,1256,213,8.2,51.4,1135,437,6459,1,118,175,248,73,985,-39.8,27.1,13.3,327,125,72,104.14,77
2007,14-4386,2019,49.10020828,-120.7596817,2009,1.3,12.3,-7.1,19.4,1090,187,10.4,65.8,972,571,6072,2,132,170,250,80,813,-38.8,28.6,13.4,380,174,71,82.44,135
2007,14-4387,2019,49.09149169,-120.7733994,1955,1.6,12.7,-6.8,19.5,1074,180,10.8,70.3,923,614,5956,3,136,168,252,83,782,-38.5,29.1,13.5,390,189,71,79.44,155
2007,14-4388,2019,49.06903839,-120.7620316,1624,3.1,14.5,-6.3,20.8,899,158,14.6,91.6,738,841,5426,10,153,161,254,92,553,-37.6,31.2,13.7,493,264,68,53.46,272
2007,14-4573,2019,49.07849884,-120.9320297,1590,3.4,14.5,-5.7,20.2,1056,187,12.7,77.7,688,866,5331,11,161,157,257,100,597,-37,31.3,13.6,483,225,69,69.9,284
2007,14-4577,2019,49.14511871,-120.7613602,2052,1.1,12,-7.2,19.2,1229,207,9.1,58,997,540,6144,2,128,172,249,78,923,-39.1,28.4,13.5,374,149,71,97.3,120
2007,14-4585,2019,49.07535934,-120.7685013,1752,2.7,13.8,-6,19.8,943,161,13.4,85.6,768,755,5577,8,147,164,253,90,609,-37.9,30.4,13.7,468,240,69,61.22,226
2007,14-4587,2019,49.0782814,-120.917923,1679,3,14.1,-5.9,20,1048,185,12.4,76,735,796,5480,9,154,161,256,95,623,-37.4,30.7,13.6,470,217,69,71.1,248
2007,14-4588,2019,49.0820198,-120.9236526,1792,2.4,13.4,-6.3,19.7,1067,187,11.6,71.9,805,716,5672,7,148,163,255,92,672,-37.7,30,13.5,448,197,70,75.97,206
2007,19JCG13,2019,49.11692047,-120.6429367,1080,5.6,17.7,-5.1,22.8,699,152,22.4,116.1,524,1376,4541,49,188,145,259,114,322,-35.6,35,14,654,393,65,16.15,584
2007,19JCG15,2019,49.11320114,-120.6441498,1046,5.8,17.9,-5.1,22.9,705,152,22.4,117.2,511,1417,4482,54,190,144,259,115,317,-35.5,35.3,14.1,661,399,65,15.63,608
2007,19JCG18,2019,49.11236953,-120.6519089,1088,5.6,17.6,-5.2,22.8,704,152,22.2,116.1,527,1366,4555,48,187,145,259,114,327,-35.7,35,14,651,391,65,16.98,577
2008,MP 291,1976,49.03950881,-120.8720016,1308,3.6,14.2,-9,23.2,923,227,14.7,62.6,799,1034,5267,15,167,140,263,122,489,-37,33.2,14,543,237,67,49.75,364
2008,MP 292,1976,49.03998947,-120.8811035,1277,3.6,14.3,-9,23.4,936,231,14.6,62.1,795,1054,5237,16,168,140,263,123,493,-36.9,33.4,14,547,237,67,50.5,376
2008,MP 293,1976,49.04455947,-120.8516998,1259,3.8,14.5,-8.7,23.2,883,216,15.7,66.9,767,1082,5167,18,169,139,263,123,451,-36.9,33.6,14,555,260,66,43.86,392
2008,MP 294,1976,49.11808013,-120.8660965,1402,3.2,13.7,-9,22.7,931,226,14.2,60.6,833,959,5399,12,162,141,262,120,507,-37.2,32.6,13.9,512,222,67,53.17,323
2008,MP 295,1976,49.11931991,-120.8755035,1353,3.3,13.9,-9.2,23.2,933,227,14.3,61.4,829,996,5352,14,165,141,262,121,504,-37.1,33,13.9,522,229,67,52.16,344
2008,MP 296,1976,49.12162017,-120.8731003,1381,3.2,13.8,-9.1,22.9,933,228,14.2,60.6,832,976,5378,13,164,141,262,121,506,-37.1,32.7,13.9,516,224,67,52.92,332
2008,MP 299,1976,49.04080963,-120.8787003,1311,3.5,14.2,-9,23.2,934,230,14.5,61.7,804,1028,5281,15,167,140,262,122,497,-37,33.2,14,541,232,67,51.1,361
2008,MP 281,1976,49.10832977,-120.7583008,1921,1.2,11,-9.2,20.3,1048,247,10.7,44.7,1064,603,6126,4,137,149,258,110,692,-38.4,29.3,13.6,388,143,70,76.97,134
2008,MP 285,1976,49.07500076,-120.7750015,1481,3.1,13.4,-8.5,21.9,842,199,15.5,67.4,828,921,5434,11,159,143,260,118,461,-37.2,32.1,14,477,238,66,44.77,299
2008,MP 286,1976,49.07500076,-120.7750015,1326,3.7,14.2,-8.4,22.7,809,194,16.9,73.2,776,1039,5226,15,166,140,261,120,413,-36.8,33.1,14.1,551,280,66,37.21,366
2008,MP 287,1976,49.11643981,-120.8702011,1250,3.6,14.5,-9.5,23.9,931,226,14.6,63.9,810,1073,5238,17,168,140,262,122,492,-37,33.7,14,553,249,67,49.17,387
2008,MP 288,1976,49.11574935,-120.8669968,1259,3.6,14.4,-9.4,23.8,931,226,14.6,63.8,807,1066,5241,17,168,140,262,122,491,-37,33.6,14,551,248,67,49.35,383
2008,MP 289,1976,49.04022979,-120.8937988,1466,3.1,13.4,-8.5,21.9,951,235,13.7,56.9,827,912,5445,11,160,142,262,120,521,-37.2,32.1,13.9,468,203,67,56.86,296
2008,MP 290,1976,49.03955841,-120.8881989,1353,3.4,13.9,-8.8,22.7,945,233,14.2,59.7,807,995,5322,14,165,141,262,121,506,-37,32.9,13.9,532,224,67,53.45,343
2008,35079,1979,49.18056106,-120.9610977,770,6.2,17.3,-7,24.2,949,236,17,73.2,557,1574,4369,66,205,128,274,146,338,-33,36.7,13.9,690,325,66,38.32,704
2008,35179,1979,49.08110809,-120.8127975,1210,4,14.7,-8.6,23.4,827,201,17,73.1,746,1119,5097,20,171,139,262,123,406,-36.8,33.9,14.1,566,286,65,36.58,412
2008,35379,1979,49.08889007,-120.8139038,1210,3.9,14.7,-8.8,23.5,852,207,16.3,70.9,769,1107,5140,20,170,139,261,122,430,-36.8,33.8,14,563,278,66,39.73,405
2008,SK93710,1993,49.21475894,-121.0660627,695,6.7,17.1,-5.1,22.1,1045,252,16,67.6,439,1594,4176,63,224,122,283,162,285,-30.2,35.9,13.4,653,273,70,52,701
2008,SK93711,1993,49.21441772,-121.0671746,686,6.7,17.1,-5,22.1,1045,252,16,67.8,435,1602,4162,64,224,121,284,162,282,-30.1,35.9,13.4,654,274,70,51.92,706
2008,SK93721,1993,49.21632862,-121.0684733,698,6.7,17,-5.1,22.1,1045,252,16,67.5,438,1588,4180,62,223,122,283,162,285,-30.2,35.8,13.4,652,272,70,52.26,697
2008,SK93722,1993,49.21739366,-121.0676078,698,6.7,17,-5.1,22.1,1046,252,15.9,67.4,440,1588,4184,62,223,122,283,161,287,-30.3,35.8,13.4,652,272,70,52.32,697
2008,SK93734,1993,49.19803638,-120.9928605,869,5.9,16.5,-6.3,22.9,981,240,16.2,68.8,534,1466,4439,49,205,127,276,149,336,-32.6,35.5,13.7,650,282,68,46.3,627
2008,SK93735,1993,49.19748268,-120.9920592,869,5.9,16.5,-6.3,22.9,979,240,16.2,69,535,1466,4441,49,205,127,276,149,337,-32.7,35.5,13.7,651,283,68,46.12,626
2008,SK93736,1993,49.20192025,-120.9885846,823,6.1,16.8,-6.2,22.9,968,238,16.6,70.3,519,1506,4377,54,208,126,277,151,320,-32.3,35.7,13.7,657,291,68,44.12,653
2008,00NCc13,2000,49.22752855,-120.9627241,900,5.6,16.5,-7,23.5,1006,242,15.5,68.2,586,1446,4534,48,199,129,273,144,380,-33.6,35.6,13.8,639,285,67,48.37,617
2008,00NCe73,2000,49.12286895,-120.8200364,1455,2.8,13.3,-9.5,22.9,942,226,13.6,58.9,885,906,5529,10,158,143,259,116,539,-37.5,32.2,13.9,463,211,67,55.48,292
2008,00NCe74,2000,49.12958668,-120.8160951,1620,2.4,12.5,-9.1,21.6,953,228,13,55,912,794,5699,7,151,145,259,114,563,-37.8,31.1,13.8,434,189,68,60.69,230
2008,00NCe75,2000,49.13184343,-120.8212604,1750,2.1,11.9,-8.6,20.5,952,228,12.7,52.2,922,715,5808,6,147,146,260,114,566,-37.9,30.3,13.8,412,173,68,63.44,187
2008,00NCe76,2000,49.12956482,-120.8230328,1665,2.3,12.3,-8.9,21.2,943,228,13,54.2,910,767,5728,7,150,145,260,114,554,-37.8,30.9,13.8,426,184,68,60.73,215
2008,00NCe77,2000,49.06956013,-120.905716,1470,3,13.3,-8.8,22.1,971,239,13.4,55.7,842,912,5465,11,161,142,262,120,537,-37.2,32.2,13.8,456,201,68,58.99,296
2008,00NCe78,2000,49.08614425,-120.9258513,1840,1.6,11.4,-8.6,20.1,1016,245,11.5,46.8,984,658,5958,5,146,146,262,117,635,-37.7,29.7,13.6,389,148,70,72.96,160
2008,00NCe79,2000,49.08811762,-120.9446303,1790,1.9,11.7,-8.4,20.1,1044,250,11.4,46.6,947,694,5865,6,150,144,264,120,635,-37.4,30,13.5,393,148,71,74.94,177
2008,00NCe82,2000,49.04462405,-120.9646257,1810,1.8,11.6,-8.5,20,1069,263,11,43.9,961,678,5904,5,148,145,263,118,658,-37.4,30,13.6,392,142,71,77.73,169
2008,00NCe83,2000,49.0409285,-120.9723988,1800,1.9,11.6,-8.4,20,1085,267,10.9,43.5,952,685,5883,5,149,145,263,119,665,-37.3,30,13.5,392,140,71,79.29,173
2008,00NCe84,2000,49.04042506,-120.9724193,685,7.4,17.7,-4.4,22.1,1083,267,16.1,66.5,387,1755,3934,86,222,119,285,166,254,-32.2,36.1,13.8,693,278,65,50.41,807
2008,00NCe85,2000,49.03686803,-120.9645592,1705,2.3,12.1,-8.1,20.2,1070,263,11.5,46.1,888,755,5715,7,155,143,265,122,623,-37,30.6,13.6,407,153,70,75.49,209
2008,00NCe86,2000,49.04063959,-120.9800327,1745,2.1,11.9,-8.2,20.1,1090,268,11.1,44.5,913,725,5784,6,153,143,264,121,649,-37,30.3,13.6,400,146,71,78.51,193
2008,00NCe87,2000,49.03145849,-120.9420956,1820,1.7,11.5,-8.6,20.1,984,244,11.9,47.3,975,670,5933,5,146,146,262,116,613,-37.5,30,13.6,393,153,71,69.22,166
2008,00NCe89,2000,49.05549669,-120.9155332,1725,2.2,12.1,-8.3,20.4,969,239,12.6,50.6,901,742,5748,6,151,144,263,118,566,-37.4,30.5,13.7,411,168,69,65.04,202
2008,00NCe90,2000,49.06442921,-120.8922135,1325,3.4,14.1,-9.1,23.2,956,236,14,59.6,820,1012,5320,14,166,141,262,121,514,-37,33.1,13.9,537,225,67,53.94,353
2008,00NCe91,2000,49.11667802,-120.8651929,1450,3,13.5,-8.9,22.4,930,226,14,59.6,843,924,5452,11,160,142,262,119,512,-37.3,32.3,13.9,460,209,67,54.29,303
2008,00NCe92,2000,49.12229155,-120.8690776,1665,2.3,12.4,-8.7,21.1,935,228,13.2,54.4,908,773,5718,7,152,144,261,117,545,-37.6,30.8,13.8,423,181,68,60.23,219
2008,00NCe93,2000,49.13832844,-120.8485222,1615,2.4,12.6,-8.9,21.5,951,234,13.1,54,905,806,5676,8,153,144,261,117,549,-37.6,31.1,13.8,432,184,68,60.7,237
2008,00NCe94,2000,49.1422333,-120.8451718,1565,2.5,12.9,-9.2,22.1,952,234,13.1,54.9,906,836,5642,8,155,144,260,116,549,-37.5,31.4,13.8,441,190,68,59.59,253
2008,00NCe95,2000,49.12585389,-120.8366702,1540,2.7,12.9,-8.9,21.9,927,225,13.7,57.5,874,853,5578,9,155,144,260,116,524,-37.6,31.7,13.9,447,200,67,56.08,262
2008,114791,2007,49.1638298,-120.7723007,2225,-0.4,9.3,-10.3,19.6,1193,275,8.1,33.8,1310,408,6689,0,117,154,254,100,882,-39.7,27.1,13.4,337,90,72,98.71,60
2008,114792,2007,49.16588973,-120.7787018,2225,-0.4,9.2,-10.3,19.6,1200,277,8,33.4,1316,404,6702,0,117,154,253,99,889,-39.8,27.1,13.4,337,90,72,99.48,59
2008,114793,2007,49.16717147,-120.7802963,2200,-0.3,9.4,-10.2,19.6,1193,276,8.2,34,1293,418,6654,0,118,154,254,100,874,-39.7,27.3,13.4,341,92,72,98.14,63
2008,114794,2007,49.16852951,-120.7815018,2145,0,9.7,-10,19.7,1178,274,8.5,35.4,1245,449,6550,0,122,153,254,101,845,-39.5,27.6,13.5,350,98,71,95.35,73
2008,114795,2007,49.16878128,-120.781601,2140,0.1,9.7,-10,19.7,1176,273,8.5,35.5,1241,452,6541,0,122,153,254,101,842,-39.5,27.7,13.5,351,99,71,95.03,74
2008,114796,2007,49.17169952,-120.7848969,2100,0.2,9.9,-9.9,19.9,1154,270,8.9,36.8,1205,477,6472,1,125,152,255,102,814,-39.3,28,13.5,358,103,71,91.81,82
2008,114797,2007,49.17219924,-120.7894974,2125,0.1,9.8,-10,19.8,1151,269,8.8,36.4,1232,462,6517,1,123,153,254,102,820,-39.4,27.8,13.5,354,102,71,92.09,77
2008,12-1929,2015,49.20005416,-120.9982758,906,5.8,16.4,-6.4,22.8,996,244,15.8,67.2,546,1437,4488,45,203,128,276,148,352,-32.6,35.4,13.7,645,274,68,48.47,609
2008,02-3085,2019,49.14056015,-120.7638931,2044,0.6,10.3,-9.7,20,1170,267,9,38.6,1158,517,6357,2,128,151,256,104,815,-39,28.4,13.6,369,114,70,91.94,97
2008,02-3087,2019,49.1199913,-120.752121,1874,1.5,11.3,-9,20.4,1064,249,10.8,45.5,1024,640,6030,5,140,148,259,111,684,-38.3,29.6,13.7,397,148,69,77.24,150
2008,02-3088,2019,49.13434982,-120.7645264,1928,1.2,11,-9.3,20.3,1126,259,9.9,42.4,1069,598,6139,3,136,149,258,109,747,-38.5,29.3,13.7,388,134,70,84.87,131
2008,02-3089,2019,49.14989852,-120.7567673,2136,0.1,9.8,-10,19.8,1174,267,8.6,36.7,1237,461,6525,1,123,153,255,102,846,-39.4,27.8,13.5,354,103,71,94.42,77
2008,02-3090,2019,49.1461296,-120.7544632,2119,0.2,9.9,-9.9,19.8,1172,267,8.7,37,1215,470,6493,1,124,153,255,102,839,-39.3,27.9,13.5,357,104,71,93.86,80
2008,12-2000,2019,49.13544082,-120.7637634,1954,1,10.8,-9.4,20.2,1136,260,9.7,41.5,1089,579,6188,3,135,150,257,108,761,-38.7,29.1,13.6,383,129,70,86.41,123
2008,12-9554,2019,49.0820198,-120.9237823,1792,1.8,11.7,-8.5,20.2,1008,244,11.7,47.9,960,687,5891,5,148,145,262,117,618,-37.7,30,13.6,398,155,70,71.04,174
2008,12-9555,2019,49.16053009,-120.76474,1876,1.4,11.2,-9.1,20.4,1162,270,9.8,41.7,1029,632,6046,4,139,148,258,110,744,-38.4,29.5,13.7,395,131,69,87.36,146
2008,14-4318,2019,49.10192108,-120.7574768,1956,1,10.8,-9.4,20.2,1042,244,10.6,44.3,1092,577,6195,3,135,149,258,108,701,-38.6,29,13.6,382,140,70,77.29,122
2008,14-4319,2019,49.10179138,-120.7552795,1890,1.3,11.2,-9.1,20.3,1040,244,10.9,45.9,1039,624,6069,4,139,148,258,110,677,-38.3,29.5,13.7,393,149,70,75.48,143
2008,14-4320,2019,49.07690048,-120.7710724,1815,1.8,11.7,-8.7,20.3,919,212,12.8,54.9,969,682,5906,5,144,147,260,113,573,-38.1,30,13.7,406,178,69,61.32,171
2008,14-4323,2019,49.16270065,-120.7649994,1994,0.8,10.6,-9.5,20.1,1157,269,9.4,39.4,1115,552,6256,3,132,150,257,107,780,-38.8,28.7,13.6,375,117,70,89.59,111
2008,14-4324,2019,49.16270065,-120.7649002,1988,0.9,10.6,-9.5,20.1,1156,268,9.4,39.5,1111,556,6246,3,133,150,257,107,777,-38.8,28.8,13.6,376,118,70,89.35,113
2008,14-4325,2019,49.15930175,-120.7705002,1981,0.9,10.6,-9.5,20.1,1189,274,9.1,38.7,1109,555,6244,3,133,150,257,106,801,-38.8,28.8,13.6,377,115,70,92.6,112
2008,14-4326,2019,49.1603012,-120.7731018,2030,0.6,10.3,-9.6,20,1190,274,8.9,37.6,1146,521,6336,2,129,151,256,105,817,-39,28.5,13.6,369,109,70,93.8,99
2008,14-4361,2019,49.15879821,-120.7743988,2093,0.3,10,-9.8,19.8,1196,275,8.6,36.2,1193,481,6450,1,125,152,255,103,843,-39.3,28,13.5,358,102,71,95.85,84
2008,14-4382,2019,49.1646614,-120.7790527,2197,-0.2,9.4,-10.2,19.6,1198,276,8.1,34,1290,419,6649,0,118,154,254,100,878,-39.7,27.3,13.4,342,92,72,98.6,63
2008,14-4383,2019,49.15822982,-120.7749863,2106,0.2,9.9,-9.9,19.8,1197,275,8.6,35.9,1203,473,6473,1,124,152,255,103,848,-39.3,27.9,13.5,356,100,71,96.28,81
2008,14-4384,2019,49.15280151,-120.7717896,2062,0.4,10.2,-9.8,19.9,1190,272,8.8,37.3,1173,502,6397,1,127,152,256,104,833,-39.1,28.3,13.5,364,106,71,94.52,92
2008,14-4385,2019,49.16463088,-120.7775726,2217,-0.3,9.3,-10.3,19.6,1200,276,8,33.6,1307,409,6685,0,117,154,253,99,886,-39.8,27.1,13.4,338,90,72,99.33,60
2008,14-4386,2019,49.10020828,-120.7596817,2009,0.7,10.5,-9.6,20.1,1041,244,10.3,43.1,1134,541,6295,2,132,150,257,107,718,-38.8,28.6,13.6,373,135,71,78.41,107
2008,14-4387,2019,49.09149169,-120.7733994,1955,1,10.9,-9.3,20.1,1023,236,10.8,46,1085,584,6178,3,136,149,258,109,690,-38.5,29.1,13.6,383,148,70,75.24,125
2008,14-4388,2019,49.06903839,-120.7620316,1624,2.5,12.7,-8.7,21.4,854,203,14.7,62.5,888,815,5642,8,153,144,261,116,493,-37.6,31.2,13.9,439,210,68,50.04,240
2008,14-4573,2019,49.07849884,-120.9320297,1590,2.8,12.7,-7.9,20.7,997,244,12.8,52.2,834,840,5543,9,160,141,265,124,549,-37,31.3,13.7,428,177,69,65.15,254
2008,14-4577,2019,49.14511871,-120.7613602,2052,0.5,10.2,-9.7,19.9,1175,268,9,38.2,1162,511,6370,2,128,152,256,104,820,-39.1,28.4,13.6,367,112,70,92.62,95
2008,14-4585,2019,49.07535934,-120.7685013,1752,2.1,12,-8.4,20.4,894,208,13.5,57.8,926,727,5798,6,147,146,260,114,539,-37.9,30.4,13.8,417,189,68,57.27,194
2008,14-4587,2019,49.0782814,-120.917923,1679,2.4,12.3,-8.2,20.5,992,242,12.5,50.8,885,768,5695,7,153,144,263,119,572,-37.4,30.7,13.7,417,171,69,66.56,216
2008,14-4588,2019,49.0820198,-120.9236526,1792,1.8,11.7,-8.5,20.2,1008,244,11.7,47.9,960,687,5890,5,148,145,262,117,618,-37.7,30,13.6,398,155,70,71.03,174
2008,19JCG13,2019,49.11692047,-120.6429367,1080,5,15.9,-7.7,23.6,692,192,21.7,83,655,1333,4755,35,183,134,266,132,281,-35.6,35,14.2,638,345,64,17.26,543
2008,19JCG15,2019,49.11320114,-120.6441498,1046,5.2,16.1,-7.6,23.7,698,192,21.8,83.9,641,1369,4697,38,185,133,267,133,278,-35.5,35.3,14.2,646,351,64,16.71,567
2008,19JCG18,2019,49.11236953,-120.6519089,1088,5,15.8,-7.7,23.6,695,191,21.5,82.9,658,1323,4769,34,183,134,266,132,286,-35.7,35,14.2,636,343,64,17.88,536
2009,MP 291,1976,49.03950881,-120.8720016,1308,4.1,16.5,-7.5,24,996,222,14.2,74.5,774,1220,5090,37,163,161,270,108,419,-37,33.2,14.2,573,272,65,52.87,522
2009,MP 292,1976,49.03998947,-120.8811035,1277,4.2,16.7,-7.5,24.2,1010,225,14,74.1,770,1245,5062,39,164,161,270,109,422,-36.9,33.4,14.2,578,273,66,53.7,537
2009,MP 293,1976,49.04455947,-120.8516998,1259,4.4,16.8,-7.1,23.9,953,213,15.1,78.9,739,1271,4997,42,165,160,270,110,388,-36.9,33.6,14.3,586,293,65,46.79,556
2009,MP 294,1976,49.11808013,-120.8660965,1402,3.7,16.1,-7.4,23.5,995,215,13.8,74.7,811,1150,5212,30,159,164,270,106,441,-37.2,32.6,14.1,554,262,66,55.29,472
2009,MP 295,1976,49.11931991,-120.8755035,1353,3.9,16.3,-7.6,23.9,999,216,13.9,75.4,808,1188,5168,34,161,163,270,107,439,-37.1,33,14.1,564,271,66,54.43,499
2009,MP 296,1976,49.12162017,-120.8731003,1381,3.8,16.2,-7.5,23.7,998,217,13.8,74.6,810,1168,5191,32,160,163,270,107,441,-37.1,32.7,14.1,558,265,66,55.14,485
2009,MP 299,1976,49.04080963,-120.8787003,1311,4.1,16.5,-7.5,24,1007,224,14,73.6,780,1215,5103,36,163,161,270,108,426,-37,33.2,14.2,571,268,66,54.28,519
2009,MP 281,1976,49.10832977,-120.7583008,1921,1.7,13.3,-7.6,20.9,1087,236,10.8,56.5,1051,782,5927,8,138,175,269,94,609,-38.4,29.3,13.9,418,166,69,76.74,243
2009,MP 285,1976,49.07500076,-120.7750015,1481,3.6,15.7,-6.9,22.6,908,200,15,78.7,805,1107,5249,26,156,166,269,103,407,-37.2,32.1,14.2,549,274,65,47.16,440
2009,MP 286,1976,49.07500076,-120.7750015,1326,4.2,16.5,-6.8,23.4,879,196,16.1,84.4,750,1224,5053,37,162,162,268,106,367,-36.8,33.1,14.3,580,307,65,40.04,523
2009,MP 287,1976,49.11643981,-120.8702011,1250,4.2,16.8,-7.8,24.7,996,215,14.2,78.2,788,1267,5063,42,164,161,269,109,427,-37,33.7,14.2,585,292,66,51.4,554
2009,MP 288,1976,49.11574935,-120.8669968,1259,4.2,16.8,-7.8,24.5,995,215,14.2,78.1,785,1260,5065,41,164,161,269,109,427,-37,33.6,14.2,583,290,65,51.54,549
2009,MP 289,1976,49.04022979,-120.8937988,1466,3.6,15.7,-7,22.7,1025,228,13.3,68.9,804,1100,5255,25,157,165,270,105,447,-37.2,32.1,14.1,540,236,66,59.98,436
2009,MP 290,1976,49.03955841,-120.8881989,1353,3.9,16.3,-7.3,23.5,1020,227,13.7,71.7,783,1183,5141,33,161,162,269,107,434,-37,32.9,14.2,563,256,66,56.64,495
2009,35079,1979,49.18056106,-120.9610977,770,6.7,19.7,-5.4,25,1003,210,16.7,93.6,509,1762,4228,137,200,143,278,135,308,-33,36.7,14.2,684,388,65,38.17,899
2009,35179,1979,49.08110809,-120.8127975,1210,4.6,17,-7,24.1,891,199,16.4,85.7,715,1307,4928,47,167,159,270,110,354,-36.8,33.9,14.3,596,319,64,38.92,581
2009,35379,1979,49.08889007,-120.8139038,1210,4.4,17,-7.2,24.2,916,202,15.8,84,741,1296,4971,45,166,160,269,109,376,-36.8,33.8,14.3,594,314,65,42.05,573
2009,SK93710,1993,49.21475894,-121.0660627,695,7.3,19.5,-3.5,23,1122,220,15.4,88.6,391,1785,4024,132,219,134,285,151,275,-30.2,35.9,13.7,679,343,69,54.29,900
2009,SK93711,1993,49.21441772,-121.0671746,686,7.3,19.6,-3.4,23,1122,220,15.4,88.9,387,1792,4011,133,220,134,285,151,272,-30.1,35.9,13.7,680,344,69,54.19,905
2009,SK93721,1993,49.21632862,-121.0684733,698,7.3,19.5,-3.5,23,1123,220,15.4,88.6,390,1779,4027,130,219,135,285,151,275,-30.2,35.8,13.7,678,342,69,54.51,895
2009,SK93722,1993,49.21739366,-121.0676078,698,7.3,19.5,-3.5,23,1123,220,15.4,88.5,392,1778,4031,130,219,135,285,151,276,-30.3,35.8,13.7,678,342,69,54.57,895
2009,SK93734,1993,49.19803638,-120.9928605,869,6.5,19,-4.7,23.7,1049,214,15.7,88.8,487,1655,4289,106,200,142,280,138,313,-32.6,35.5,14,646,346,67,47.94,816
2009,SK93735,1993,49.19748268,-120.9920592,869,6.5,19,-4.7,23.7,1047,213,15.8,89,488,1655,4291,106,200,142,280,137,313,-32.7,35.5,14,646,347,66,47.73,816
2009,SK93736,1993,49.20192025,-120.9885846,823,6.7,19.2,-4.5,23.7,1033,212,16.1,90.5,471,1696,4230,115,203,141,281,140,301,-32.3,35.7,14,652,354,67,45.36,845
2009,00NCc13,2000,49.22752855,-120.9627241,900,6.2,19,-5.4,24.3,1075,215,15.1,88.2,541,1635,4386,104,194,145,278,133,350,-33.6,35.6,14.1,651,349,66,50.2,806
2009,00NCe73,2000,49.12286895,-120.8200364,1455,3.4,15.7,-7.9,23.6,995,216,13.4,72.6,869,1096,5338,25,155,166,268,102,471,-37.5,32.2,14.1,546,255,66,56.51,433
2009,00NCe74,2000,49.12958668,-120.8160951,1620,2.9,14.9,-7.4,22.3,1002,217,12.9,68.6,894,979,5505,18,150,169,269,100,493,-37.8,31.1,14.1,514,226,67,61.08,361
2009,00NCe75,2000,49.13184343,-120.8212604,1750,2.6,14.3,-6.9,21.2,1002,216,12.6,65.8,901,899,5610,13,146,171,269,98,498,-37.9,30.3,14,489,205,67,64.02,313
2009,00NCe76,2000,49.12956482,-120.8230328,1665,2.8,14.7,-7.2,21.9,996,216,12.9,67.9,891,953,5533,16,149,170,269,99,486,-37.8,30.9,14.1,505,219,67,61.48,345
2009,00NCe77,2000,49.06956013,-120.905716,1470,3.5,15.7,-7.2,22.9,1042,227,13,69,820,1102,5273,26,158,165,270,105,462,-37.2,32.2,14.1,540,236,66,61.76,437
2009,00NCe78,2000,49.08614425,-120.9258513,1840,2.2,13.8,-7.1,20.9,1090,231,11.2,59.7,965,841,5755,10,145,170,271,100,554,-37.7,29.7,13.8,464,175,69,76,278
2009,00NCe79,2000,49.08811762,-120.9446303,1790,2.5,14.1,-6.9,20.9,1119,235,11.1,59.7,925,878,5662,12,149,168,272,104,552,-37.4,30,13.8,469,175,70,78.13,300
2009,00NCe82,2000,49.04462405,-120.9646257,1810,2.4,14,-6.9,20.9,1146,248,10.8,56.4,940,861,5702,11,147,169,271,101,569,-37.4,30,13.8,468,170,70,81.14,290
2009,00NCe83,2000,49.0409285,-120.9723988,1800,2.4,14,-6.9,20.9,1165,251,10.7,55.8,931,868,5681,11,148,169,271,102,575,-37.3,30,13.8,469,169,70,82.86,294
2009,00NCe84,2000,49.04042506,-120.9724193,685,8,20.1,-2.9,23,1162,251,15.5,80.2,337,1932,3815,168,217,130,285,155,236,-32.2,36.1,14.1,732,319,64,53.02,1001
2009,00NCe85,2000,49.03686803,-120.9645592,1705,2.9,14.5,-6.6,21.1,1147,248,11.2,58.6,865,940,5517,14,153,166,272,106,537,-37,30.6,13.8,485,180,69,78.85,337
2009,00NCe86,2000,49.04063959,-120.9800327,1745,2.7,14.3,-6.7,21,1170,252,10.8,56.8,891,909,5583,13,151,167,272,104,559,-37,30.3,13.8,478,174,69,82.11,319
2009,00NCe87,2000,49.03145849,-120.9420956,1820,2.3,13.9,-7.1,21,1059,233,11.6,59.6,956,851,5732,11,146,170,270,100,530,-37.5,30,13.8,469,178,69,72.4,284
2009,00NCe89,2000,49.05549669,-120.9155332,1725,2.8,14.5,-6.7,21.2,1041,228,12.3,63.3,879,925,5551,14,150,168,271,102,490,-37.4,30.5,13.9,489,193,68,67.87,328
2009,00NCe90,2000,49.06442921,-120.8922135,1325,4,16.4,-7.6,24,1028,227,13.6,72.4,798,1202,5139,35,162,162,269,107,441,-37,33.1,14.2,568,262,66,56.88,509
2009,00NCe91,2000,49.11667802,-120.8651929,1450,3.6,15.8,-7.3,23.1,994,215,13.7,73.7,821,1115,5262,27,157,165,270,105,447,-37.3,32.3,14.1,544,254,66,56.41,447
2009,00NCe92,2000,49.12229155,-120.8690776,1665,2.9,14.7,-7.1,21.9,999,216,12.9,68.1,887,959,5521,16,150,169,270,101,477,-37.6,30.8,14,502,215,67,62.14,349
2009,00NCe93,2000,49.13832844,-120.8485222,1615,3,15,-7.3,22.3,1013,221,12.8,67.7,886,992,5480,18,151,168,270,102,483,-37.6,31.1,14,512,219,67,62.42,369
2009,00NCe94,2000,49.1422333,-120.8451718,1565,3.1,15.2,-7.6,22.8,1014,222,12.9,68.6,888,1027,5447,20,152,167,269,102,483,-37.5,31.4,14,522,227,67,61.27,389
2009,00NCe95,2000,49.12585389,-120.8366702,1540,3.2,15.3,-7.3,22.6,989,215,13.4,71.2,854,1043,5385,21,153,167,269,102,459,-37.6,31.7,14.1,529,240,66,57.83,399
2009,114791,2007,49.1638298,-120.7723007,2225,0.2,11.5,-8.6,20.1,1252,261,8.1,44.1,1296,565,6489,4,123,181,266,85,784,-39.7,27.1,13.6,349,125,71,100.23,125
2009,114792,2007,49.16588973,-120.7787018,2225,0.2,11.5,-8.6,20.1,1262,262,8,43.6,1301,561,6501,4,122,181,266,85,790,-39.8,27.1,13.7,349,125,71,101.3,122
2009,114793,2007,49.16717147,-120.7802963,2200,0.3,11.6,-8.5,20.1,1255,262,8.2,44.3,1279,577,6452,4,123,181,266,85,777,-39.7,27.3,13.7,353,128,71,100.08,130
2009,114794,2007,49.16852951,-120.7815018,2145,0.6,11.9,-8.3,20.3,1241,260,8.5,45.8,1231,614,6349,5,126,180,266,86,750,-39.5,27.6,13.7,362,135,70,97.44,148
2009,114795,2007,49.16878128,-120.781601,2140,0.6,12,-8.3,20.3,1239,260,8.6,46,1227,617,6339,5,126,180,266,86,748,-39.5,27.7,13.7,363,135,70,97.13,150
2009,114796,2007,49.17169952,-120.7848969,2100,0.8,12.2,-8.2,20.5,1218,257,8.9,47.5,1198,645,6270,5,129,179,267,87,723,-39.3,28,13.7,369,141,70,94.08,165
2009,114797,2007,49.17219924,-120.7894974,2125,0.7,12.1,-8.3,20.4,1216,257,8.8,47.1,1218,629,6314,5,127,180,266,87,729,-39.4,27.8,13.7,365,140,70,94.4,156
2009,12-1929,2015,49.20005416,-120.9982758,906,6.4,18.9,-4.8,23.6,1066,217,15.3,86.9,501,1627,4337,101,198,144,280,136,326,-32.6,35.4,14,641,338,67,50.41,797
2009,02-3085,2019,49.14056015,-120.7638931,2044,1.1,12.6,-8,20.6,1220,254,9.1,49.5,1149,689,6158,6,131,178,267,89,719,-39,28.4,13.8,379,148,69,92.85,189
2009,02-3087,2019,49.1199913,-120.752121,1874,2,13.6,-7.4,21,1105,237,10.8,57.4,1010,821,5833,10,140,174,269,95,603,-38.3,29.6,13.9,428,171,68,77.07,266
2009,02-3088,2019,49.13434982,-120.7645264,1928,1.7,13.3,-7.6,20.9,1172,246,10,54,1057,778,5938,8,137,175,268,93,657,-38.5,29.3,13.9,418,162,69,85.23,240
2009,02-3089,2019,49.14989852,-120.7567673,2136,0.6,12,-8.3,20.4,1226,255,8.7,47.2,1224,626,6326,5,127,180,267,87,749,-39.4,27.8,13.7,365,138,70,95.45,155
2009,02-3090,2019,49.1461296,-120.7544632,2119,0.7,12.1,-8.3,20.4,1224,255,8.8,47.6,1208,637,6294,5,128,180,267,87,743,-39.3,27.9,13.8,368,139,70,94.94,161
2009,12-2000,2019,49.13544082,-120.7637634,1954,1.6,13.1,-7.7,20.8,1182,247,9.8,53,1077,757,5985,8,136,176,268,92,670,-38.7,29.1,13.9,414,159,69,86.89,228
2009,12-9554,2019,49.0820198,-120.9237823,1792,2.4,14,-7,21,1082,231,11.5,60.9,940,871,5689,11,147,170,271,101,538,-37.7,30,13.9,474,181,69,73.98,296
2009,12-9555,2019,49.16053009,-120.76474,1876,1.9,13.6,-7.4,21,1215,256,9.8,53,1016,814,5845,9,140,174,269,95,658,-38.4,29.5,13.9,426,163,68,88.31,261
2009,14-4318,2019,49.10192108,-120.7574768,1956,1.5,13.1,-7.7,20.8,1082,234,10.7,56.1,1080,753,5994,8,136,176,268,93,617,-38.6,29,13.8,412,163,69,77.14,226
2009,14-4319,2019,49.10179138,-120.7552795,1890,1.9,13.5,-7.5,21,1080,233,11,57.8,1025,803,5872,9,140,174,269,95,596,-38.3,29.5,13.9,423,170,69,75.27,255
2009,14-4320,2019,49.07690048,-120.7710724,1815,2.3,14,-7,21,977,210,12.6,66.5,951,863,5713,11,143,172,269,97,505,-38.1,30,14,481,205,68,62.78,291
2009,14-4323,2019,49.16270065,-120.7649994,1994,1.4,12.9,-7.8,20.7,1211,255,9.4,50.5,1104,729,6056,7,134,177,268,92,690,-38.8,28.7,13.8,406,152,69,90.88,212
2009,14-4324,2019,49.16270065,-120.7649002,1988,1.4,12.9,-7.8,20.8,1210,255,9.4,50.7,1100,733,6045,7,135,176,268,92,688,-38.8,28.8,13.8,407,152,69,90.62,214
2009,14-4325,2019,49.15930175,-120.7705002,1981,1.4,12.9,-7.8,20.7,1246,260,9.2,49.6,1098,733,6044,7,135,177,268,91,708,-38.8,28.8,13.8,407,150,69,94.11,213
2009,14-4326,2019,49.1603012,-120.7731018,2030,1.2,12.6,-8,20.6,1248,261,8.9,48.3,1137,695,6136,6,132,178,267,90,723,-39,28.5,13.8,380,145,69,95.56,192
2009,14-4361,2019,49.15879821,-120.7743988,2093,0.8,12.2,-8.2,20.4,1255,262,8.6,46.8,1185,650,6249,5,129,179,267,88,746,-39.3,28,13.8,370,138,70,97.74,167
2009,14-4382,2019,49.1646614,-120.7790527,2197,0.3,11.6,-8.5,20.1,1259,262,8.2,44.3,1276,579,6447,4,124,181,266,85,780,-39.7,27.3,13.7,353,128,71,100.45,131
2009,14-4383,2019,49.15822982,-120.7749863,2106,0.8,12.2,-8.2,20.4,1257,262,8.6,46.4,1195,640,6273,5,128,179,267,88,750,-39.3,27.9,13.8,367,136,70,98.16,162
2009,14-4384,2019,49.15280151,-120.7717896,2062,1,12.4,-8.1,20.5,1247,260,8.8,47.9,1165,673,6197,6,130,178,267,89,737,-39.1,28.3,13.8,375,143,70,96.15,180
2009,14-4385,2019,49.16463088,-120.7775726,2217,0.2,11.5,-8.6,20.1,1262,262,8.1,43.9,1293,566,6484,4,123,181,266,85,787,-39.8,27.1,13.7,350,125,71,101.09,125
2009,14-4386,2019,49.10020828,-120.7596817,2009,1.3,12.8,-7.9,20.7,1081,233,10.4,54.9,1125,714,6099,7,134,177,268,91,632,-38.8,28.6,13.8,383,158,70,78.29,204
2009,14-4387,2019,49.09149169,-120.7733994,1955,1.6,13.2,-7.6,20.8,1067,226,10.8,58.3,1073,761,5977,8,137,175,269,93,607,-38.5,29.1,13.8,413,168,69,75.47,231
2009,14-4388,2019,49.06903839,-120.7620316,1624,3,14.9,-7.1,22,919,202,14.2,73.9,868,995,5454,18,151,168,270,101,434,-37.6,31.2,14.1,518,244,67,52.14,370
2009,14-4573,2019,49.07849884,-120.9320297,1590,3.3,15.1,-6.4,21.5,1070,230,12.5,65.6,809,1029,5347,20,157,164,272,108,475,-37,31.3,13.9,509,207,67,67.94,388
2009,14-4577,2019,49.14511871,-120.7613602,2052,1.1,12.5,-8,20.5,1227,255,9,49,1153,682,6171,6,131,178,267,89,724,-39.1,28.4,13.8,378,146,69,93.74,185
2009,14-4585,2019,49.07535934,-120.7685013,1752,2.6,14.3,-6.8,21.1,955,207,13.2,69.2,907,908,5606,13,146,171,270,99,476,-37.9,30.4,14,493,219,67,58.94,318
2009,14-4587,2019,49.0782814,-120.917923,1679,2.9,14.7,-6.7,21.3,1064,229,12.1,63.9,862,953,5497,16,151,168,271,103,496,-37.4,30.7,14,496,197,67,69.26,345
2009,14-4588,2019,49.0820198,-120.9236526,1792,2.4,14,-7,21,1082,231,11.5,60.9,940,871,5689,11,147,170,271,101,538,-37.7,30,13.9,474,181,69,73.97,296
2009,19JCG13,2019,49.11692047,-120.6429367,1080,5.5,18.1,-6,24.2,717,183,21.7,99.1,618,1504,4608,77,178,153,273,121,263,-35.6,35,14.4,645,388,63,15.55,720
2009,19JCG15,2019,49.11320114,-120.6441498,1046,5.7,18.3,-6,24.3,723,183,21.7,99.9,602,1539,4555,84,180,152,273,122,260,-35.5,35.3,14.4,652,394,63,15.02,743
2009,19JCG18,2019,49.11236953,-120.6519089,1088,5.5,18.1,-6.1,24.1,721,183,21.5,98.8,621,1494,4621,75,178,153,273,120,265,-35.7,35,14.4,642,386,63,16.36,713
2010,MP 291,1976,49.03950881,-120.8720016,1308,4.3,14.7,-5.6,20.3,976,306,14.7,48,577,1004,4993,16,172,169,267,99,320,-37,33.2,13.8,556,197,68,55.78,354
2010,MP 292,1976,49.03998947,-120.8811035,1277,4.4,14.8,-5.7,20.5,989,311,14.5,47.8,575,1026,4963,17,174,168,267,100,317,-36.9,33.4,13.8,561,198,68,56.43,365
2010,MP 293,1976,49.04455947,-120.8516998,1259,4.6,15,-5.3,20.3,937,294,15.6,50.9,547,1051,4894,19,175,167,268,100,291,-36.9,33.6,13.9,588,210,67,49.91,378
2010,MP 294,1976,49.11808013,-120.8660965,1402,4,14.2,-5.6,19.8,960,295,14.5,48.3,601,933,5117,13,168,171,267,96,350,-37.2,32.6,13.8,536,192,68,56.75,318
2010,MP 295,1976,49.11931991,-120.8755035,1353,4.1,14.5,-5.7,20.2,962,296,14.7,48.8,601,972,5069,14,170,170,267,97,339,-37.1,33,13.8,546,198,68,55.67,338
2010,MP 296,1976,49.12162017,-120.8731003,1381,4,14.3,-5.6,20,962,297,14.6,48.3,601,951,5095,13,169,170,267,97,345,-37.1,32.7,13.8,540,194,69,56.44,327
2010,MP 299,1976,49.04080963,-120.8787003,1311,4.3,14.7,-5.7,20.4,986,309,14.5,47.5,582,1000,5007,15,172,169,267,99,325,-37,33.2,13.8,554,195,68,57.07,352
2010,MP 281,1976,49.10832977,-120.7583008,1921,1.9,11.5,-5.7,17.3,1078,329,11.1,35.1,800,582,5848,5,141,182,263,81,584,-38.4,29.3,13.5,371,125,71,80.79,133
2010,MP 285,1976,49.07500076,-120.7750015,1481,3.8,13.9,-5.1,19,897,277,15.4,50.2,592,886,5163,11,164,174,265,92,340,-37.2,32.1,13.8,530,200,68,51.33,291
2010,MP 286,1976,49.07500076,-120.7750015,1326,4.4,14.7,-5,19.7,868,272,16.6,54.2,549,1005,4954,15,172,170,266,96,282,-36.8,33.1,13.9,563,221,67,43.92,353
2010,MP 287,1976,49.11643981,-120.8702011,1250,4.4,15,-6,21,961,295,15,50.8,589,1047,4955,19,174,168,267,99,315,-37,33.7,13.8,568,210,68,52.59,377
2010,MP 288,1976,49.11574935,-120.8669968,1259,4.4,14.9,-5.9,20.8,960,295,15,50.7,586,1041,4959,17,174,168,267,99,316,-37,33.6,13.8,566,208,68,52.79,373
2010,MP 289,1976,49.04022979,-120.8937988,1466,3.8,13.9,-5.1,19,1002,314,13.8,44.2,594,883,5171,11,166,172,267,95,368,-37.2,32.1,13.7,522,174,69,62.78,291
2010,MP 290,1976,49.03955841,-120.8881989,1353,4.2,14.5,-5.4,19.9,998,313,14.2,46.1,582,967,5048,14,171,169,267,98,337,-37,32.9,13.8,545,188,68,59.39,335
2010,35079,1979,49.18056106,-120.9610977,770,7,17.8,-3.5,21.3,943,283,18,62.9,361,1575,4069,69,220,148,280,132,171,-33,36.7,13.8,686,258,67,37.27,693
2010,35179,1979,49.08110809,-120.8127975,1210,4.8,15.2,-5.2,20.4,876,276,16.9,55.2,524,1093,4820,21,177,167,267,100,263,-36.8,33.9,13.9,599,227,66,42.13,399
2010,35379,1979,49.08889007,-120.8139038,1210,4.7,15.2,-5.4,20.5,897,279,16.3,54.3,547,1081,4863,20,176,167,267,99,277,-36.8,33.8,13.9,596,221,67,44.87,392
2010,SK93710,1993,49.21475894,-121.0660627,695,7.5,17.6,-1.6,19.2,1028,299,17,59.1,266,1613,3872,67,243,138,291,152,140,-30.2,35.9,13.3,651,230,71,49.36,697
2010,SK93711,1993,49.21441772,-121.0671746,686,7.6,17.7,-1.5,19.2,1028,298,17.1,59.2,263,1622,3858,68,244,138,291,153,138,-30.1,35.9,13.3,651,230,71,49.24,702
2010,SK93721,1993,49.21632862,-121.0684733,698,7.5,17.6,-1.6,19.2,1028,298,17,59.1,266,1607,3876,66,243,138,291,152,141,-30.2,35.8,13.3,649,229,71,49.55,693
2010,SK93722,1993,49.21739366,-121.0676078,698,7.5,17.6,-1.6,19.2,1029,299,17,59,267,1607,3880,66,243,138,291,152,141,-30.3,35.8,13.3,649,230,71,49.61,693
2010,SK93734,1993,49.19803638,-120.9928605,869,6.7,17.1,-2.8,19.9,975,289,17.2,59.2,340,1468,4145,52,220,148,283,135,176,-32.6,35.5,13.6,647,234,69,45.33,620
2010,SK93735,1993,49.19748268,-120.9920592,869,6.7,17.1,-2.8,19.9,974,289,17.2,59.3,340,1468,4146,52,220,148,283,134,176,-32.7,35.5,13.6,647,234,69,45.16,619
2010,SK93736,1993,49.20192025,-120.9885846,823,6.9,17.3,-2.6,20,962,287,17.6,60.4,327,1511,4081,57,224,146,284,137,164,-32.3,35.7,13.6,654,240,69,43.07,646
2010,00NCc13,2000,49.22752855,-120.9627241,900,6.5,17.1,-3.5,20.5,994,291,16.6,58.8,381,1443,4239,51,212,151,279,128,205,-33.6,35.6,13.7,652,239,68,46.89,610
2010,00NCe73,2000,49.12286895,-120.8200364,1455,3.6,13.8,-6,19.9,970,297,14,46.6,650,877,5249,10,162,174,264,91,389,-37.5,32.2,13.7,528,187,69,59.22,287
2010,00NCe74,2000,49.12958668,-120.8160951,1620,3.1,13,-5.5,18.6,979,298,13.4,43.7,665,768,5410,8,156,177,264,88,437,-37.8,31.1,13.7,463,169,69,64.07,228
2010,00NCe75,2000,49.13184343,-120.8212604,1750,2.8,12.4,-5.1,17.5,977,298,13.1,41.8,669,692,5523,7,151,179,265,86,462,-37.9,30.3,13.6,439,155,69,66.59,187
2010,00NCe76,2000,49.12956482,-120.8230328,1665,3.1,12.8,-5.4,18.2,970,297,13.5,43.3,662,743,5444,8,155,177,265,88,437,-37.8,30.9,13.7,455,164,69,64.1,215
2010,00NCe77,2000,49.06956013,-120.905716,1470,3.8,13.9,-5.4,19.2,1010,312,13.6,44.4,608,885,5187,11,166,172,267,96,375,-37.2,32.2,13.7,521,174,69,63.61,292
2010,00NCe78,2000,49.08614425,-120.9258513,1840,2.4,12,-5.2,17.2,1046,317,11.9,37.8,728,641,5673,6,151,177,267,90,497,-37.7,29.7,13.4,414,132,72,76.51,161
2010,00NCe79,2000,49.08811762,-120.9446303,1790,2.7,12.2,-5,17.3,1070,321,11.9,38,693,677,5579,6,155,175,269,94,494,-37.4,30,13.4,418,131,72,78.09,179
2010,00NCe82,2000,49.04462405,-120.9646257,1810,2.6,12.1,-5.1,17.3,1106,339,11.4,35.8,708,660,5621,5,153,176,267,92,512,-37.4,30,13.4,418,123,72,82.07,171
2010,00NCe83,2000,49.0409285,-120.9723988,1800,2.6,12.2,-5.1,17.3,1124,344,11.2,35.4,700,667,5601,5,154,175,268,93,515,-37.3,30,13.4,418,122,72,83.72,174
2010,00NCe84,2000,49.04042506,-120.9724193,685,8.2,18.3,-1.1,19.4,1122,343,16.2,53.3,226,1770,3651,87,239,133,291,158,112,-32.2,36.1,13.7,699,227,66,52.97,789
2010,00NCe85,2000,49.03686803,-120.9645592,1705,3.1,12.7,-4.8,17.5,1109,339,11.8,37.4,644,736,5433,7,161,172,270,97,473,-37,30.6,13.4,434,132,72,79.99,210
2010,00NCe86,2000,49.04063959,-120.9800327,1745,2.9,12.5,-4.9,17.4,1127,344,11.4,36.3,666,707,5501,6,158,173,269,95,498,-37,30.3,13.4,427,127,72,82.8,195
2010,00NCe87,2000,49.03145849,-120.9420956,1820,2.5,12.1,-5.3,17.4,1029,320,12.1,37.7,722,651,5653,5,151,177,266,90,480,-37.5,30,13.4,419,132,72,74.44,166
2010,00NCe89,2000,49.05549669,-120.9155332,1725,3,12.6,-4.9,17.5,1011,314,12.9,40.2,654,720,5467,7,157,175,268,92,442,-37.4,30.5,13.6,438,145,70,69.91,202
2010,00NCe90,2000,49.06442921,-120.8922135,1325,4.2,14.6,-5.7,20.3,1000,312,14.2,46.8,595,986,5043,15,172,169,267,98,338,-37,33.1,13.8,550,191,69,58.98,345
2010,00NCe91,2000,49.11667802,-120.8651929,1450,3.8,14,-5.5,19.4,960,295,14.4,47.5,608,898,5171,11,166,172,267,95,363,-37.3,32.3,13.7,526,187,69,57.97,299
2010,00NCe92,2000,49.12229155,-120.8690776,1665,3.1,12.9,-5.3,18.2,963,296,13.6,43.5,658,750,5432,8,156,176,266,90,426,-37.6,30.8,13.6,451,163,70,63.74,219
2010,00NCe93,2000,49.13832844,-120.8485222,1615,3.2,13.2,-5.4,18.5,978,303,13.5,43.4,657,782,5385,9,158,175,266,91,425,-37.6,31.1,13.6,461,166,70,64.15,237
2010,00NCe94,2000,49.1422333,-120.8451718,1565,3.3,13.4,-5.7,19.1,979,304,13.6,44.1,661,810,5353,9,159,175,266,91,416,-37.5,31.4,13.7,471,172,70,63.03,252
2010,00NCe95,2000,49.12585389,-120.8366702,1540,3.5,13.5,-5.5,18.9,957,295,14.1,45.6,632,825,5292,9,160,175,265,90,392,-37.6,31.7,13.7,510,178,69,59.85,260
2010,114791,2007,49.1638298,-120.7723007,2225,0.4,9.7,-6.7,16.4,1213,363,8.6,26.7,1033,398,6403,1,122,187,259,71,742,-39.7,27.1,13.3,321,94,73,101.2,60
2010,114792,2007,49.16588973,-120.7787018,2225,0.4,9.6,-6.7,16.4,1221,365,8.5,26.3,1039,395,6415,1,121,188,258,71,746,-39.8,27.1,13.3,321,94,73,102,59
2010,114793,2007,49.16717147,-120.7802963,2200,0.5,9.8,-6.6,16.4,1214,364,8.7,26.8,1016,408,6367,1,122,188,259,71,735,-39.7,27.3,13.3,326,96,73,100.7,63
2010,114794,2007,49.16852951,-120.7815018,2145,0.8,10.1,-6.4,16.5,1200,362,9,27.9,968,438,6263,1,126,187,259,72,712,-39.5,27.6,13.3,334,100,72,98.01,73
2010,114795,2007,49.16878128,-120.781601,2140,0.8,10.1,-6.4,16.6,1198,362,9,28,964,441,6253,1,126,187,260,73,710,-39.5,27.7,13.3,335,101,72,97.71,74
2010,114796,2007,49.17169952,-120.7848969,2100,1,10.4,-6.3,16.7,1177,357,9.4,29.1,935,465,6184,1,129,186,260,74,687,-39.3,28,13.4,342,105,72,94.67,82
2010,114797,2007,49.17219924,-120.7894974,2125,0.9,10.2,-6.4,16.7,1174,356,9.3,28.8,955,451,6228,1,127,187,260,73,691,-39.4,27.8,13.4,338,104,72,94.87,78
2010,12-1929,2015,49.20005416,-120.9982758,906,6.6,17,-2.9,19.9,989,294,16.8,57.8,352,1439,4195,49,218,150,282,133,189,-32.6,35.4,13.6,641,230,69,47.48,603
2010,02-3085,2019,49.14056015,-120.7638931,2044,1.3,10.8,-6.1,16.9,1193,355,9.5,30.3,889,501,6074,1,133,186,261,75,687,-39,28.4,13.4,352,109,72,94.86,97
2010,02-3087,2019,49.1199913,-120.752121,1874,2.2,11.8,-5.5,17.3,1092,331,11.2,35.7,761,616,5750,5,144,182,264,82,578,-38.3,29.6,13.5,380,130,71,80.83,149
2010,02-3088,2019,49.13434982,-120.7645264,1928,1.9,11.5,-5.8,17.2,1148,343,10.4,33.4,804,578,5858,5,140,183,263,80,626,-38.5,29.3,13.5,371,121,71,87.74,130
2010,02-3089,2019,49.14989852,-120.7567673,2136,0.9,10.2,-6.4,16.7,1197,356,9.1,28.6,961,448,6241,1,127,187,260,73,715,-39.4,27.8,13.4,338,103,72,97.28,76
2010,02-3090,2019,49.1461296,-120.7544632,2119,1,10.3,-6.4,16.7,1196,357,9.2,28.9,946,457,6210,1,128,187,260,73,710,-39.3,27.9,13.4,340,104,72,96.88,80
2010,12-2000,2019,49.13544082,-120.7637634,1954,1.8,11.3,-5.9,17.1,1157,345,10.2,32.7,822,560,5906,5,139,184,262,79,640,-38.7,29.1,13.5,367,118,71,89.31,122
2010,12-9554,2019,49.0820198,-120.9237823,1792,2.6,12.2,-5.2,17.4,1040,316,12.1,38.6,706,669,5606,6,152,177,267,90,483,-37.7,30,13.5,424,137,71,74.77,175
2010,12-9555,2019,49.16053009,-120.76474,1876,2.2,11.7,-5.6,17.3,1184,357,10.3,32.9,765,611,5761,5,144,182,264,81,628,-38.4,29.5,13.5,378,123,71,90.24,146
2010,14-4318,2019,49.10192108,-120.7574768,1956,1.8,11.3,-5.9,17.2,1074,326,10.9,34.7,826,556,5918,4,139,183,262,79,592,-38.6,29,13.4,365,122,72,81.24,121
2010,14-4319,2019,49.10179138,-120.7552795,1890,2.1,11.7,-5.6,17.3,1072,325,11.3,35.9,776,600,5792,5,143,182,263,82,571,-38.3,29.5,13.5,375,129,71,79.49,142
2010,14-4320,2019,49.07690048,-120.7710724,1815,2.5,12.2,-5.2,17.3,966,291,13,41.7,712,656,5632,6,148,180,265,85,479,-38.1,30,13.6,431,156,70,66.89,169
2010,14-4323,2019,49.16270065,-120.7649994,1994,1.6,11.1,-5.9,17,1179,356,9.8,31.1,846,535,5971,3,137,184,262,78,661,-38.8,28.7,13.4,359,112,72,92.4,111
2010,14-4324,2019,49.16270065,-120.7649002,1988,1.6,11.1,-5.9,17,1178,356,9.9,31.2,842,539,5960,3,137,184,262,78,658,-38.8,28.8,13.4,360,113,72,92.17,113
2010,14-4325,2019,49.15930175,-120.7705002,1981,1.6,11.1,-5.9,17,1211,363,9.6,30.5,841,538,5959,3,137,184,262,78,675,-38.8,28.8,13.5,361,111,71,95.39,112
2010,14-4326,2019,49.1603012,-120.7731018,2030,1.4,10.8,-6.1,16.8,1211,363,9.4,29.7,877,506,6051,1,133,185,261,76,689,-39,28.5,13.4,353,108,72,96.56,99
2010,14-4361,2019,49.15879821,-120.7743988,2093,1.1,10.4,-6.3,16.7,1218,364,9.1,28.6,924,468,6164,1,129,186,260,74,710,-39.3,28,13.4,342,103,72,98.61,84
2010,14-4382,2019,49.1646614,-120.7790527,2197,0.5,9.8,-6.6,16.4,1218,365,8.6,26.8,1014,410,6362,1,123,187,259,71,737,-39.7,27.3,13.3,326,96,73,101.12,63
2010,14-4383,2019,49.15822982,-120.7749863,2106,1,10.3,-6.3,16.6,1219,364,9,28.4,934,461,6188,1,129,186,260,74,713,-39.3,27.9,13.4,340,102,72,99.02,81
2010,14-4384,2019,49.15280151,-120.7717896,2062,1.2,10.6,-6.2,16.8,1213,362,9.3,29.3,905,488,6112,1,131,186,261,75,701,-39.1,28.3,13.4,348,106,72,97.42,91
2010,14-4385,2019,49.16463088,-120.7775726,2217,0.4,9.7,-6.7,16.4,1221,365,8.6,26.5,1031,399,6398,1,122,188,259,71,744,-39.8,27.1,13.3,322,95,73,101.83,60
2010,14-4386,2019,49.10020828,-120.7596817,2009,1.5,11,-6.1,17,1073,325,10.7,33.8,868,522,6018,2,136,184,262,78,606,-38.8,28.6,13.4,356,117,72,82.31,106
2010,14-4387,2019,49.09149169,-120.7733994,1955,1.8,11.4,-5.8,17.1,1054,314,11.2,36.2,820,563,5901,5,140,183,263,80,577,-38.5,29.1,13.4,366,127,72,79.11,124
2010,14-4388,2019,49.06903839,-120.7620316,1624,3.3,13.1,-5.3,18.4,909,281,14.6,46.7,643,781,5365,9,158,176,266,89,391,-37.6,31.2,13.7,467,180,69,56.61,235
2010,14-4573,2019,49.07849884,-120.9320297,1590,3.6,13.3,-4.6,17.8,1030,315,13.2,42.1,595,816,5256,10,165,171,270,99,402,-37,31.3,13.6,458,156,70,68.95,253
2010,14-4577,2019,49.14511871,-120.7613602,2052,1.3,10.7,-6.1,16.8,1199,357,9.4,30,893,496,6087,1,132,186,261,75,692,-39.1,28.4,13.4,351,108,72,95.62,95
2010,14-4585,2019,49.07535934,-120.7685013,1752,2.8,12.5,-5,17.5,944,287,13.6,43.6,673,698,5523,7,152,179,265,86,447,-37.9,30.4,13.6,443,165,70,63.16,191
2010,14-4587,2019,49.0782814,-120.917923,1679,3.1,12.8,-4.8,17.6,1026,314,12.8,40.8,639,747,5411,8,158,174,268,93,438,-37.4,30.7,13.6,445,150,70,70.47,216
2010,14-4588,2019,49.0820198,-120.9236526,1792,2.6,12.2,-5.2,17.4,1040,316,12.1,38.6,706,669,5606,6,153,177,267,90,483,-37.7,30,13.5,424,137,71,74.76,175
2010,19JCG13,2019,49.11692047,-120.6429367,1080,5.8,16.3,-4.1,20.5,731,254,21.6,64.4,436,1294,4476,35,192,161,272,111,165,-35.6,35,14,636,251,66,22.04,519
2010,19JCG15,2019,49.11320114,-120.6441498,1046,5.9,16.5,-4,20.6,737,255,21.6,64.9,424,1331,4420,39,194,160,272,113,160,-35.5,35.3,14,644,255,65,21.55,542
2010,19JCG18,2019,49.11236953,-120.6519089,1088,5.7,16.3,-4.2,20.4,734,253,21.4,64.2,439,1284,4490,34,191,161,272,111,168,-35.7,35,14,634,249,66,22.68,513
2011,MP 291,1976,49.03950881,-120.8720016,1308,3.3,14.6,-5.2,19.8,1095,184,12.2,79.4,757,958,5343,18,159,160,277,116,630,-37,33.2,13.8,506,267,68,70.41,341
2011,MP 292,1976,49.03998947,-120.8811035,1277,3.4,14.7,-5.1,19.8,1110,187,12.1,78.7,753,977,5315,19,161,159,276,117,633,-36.9,33.4,13.8,511,268,68,71.36,352
2011,MP 293,1976,49.04455947,-120.8516998,1259,3.6,14.9,-4.9,19.8,1051,176,13,84.3,720,1000,5245,21,162,159,277,118,580,-36.9,33.6,13.9,519,281,67,64.14,368
2011,MP 294,1976,49.11808013,-120.8660965,1402,3,14.2,-5.6,19.7,1096,181,11.9,78.4,794,898,5463,15,156,161,276,115,656,-37.2,32.6,13.7,448,257,68,72.59,303
2011,MP 295,1976,49.11931991,-120.8755035,1353,3.1,14.4,-5.5,19.9,1098,182,12,79.1,791,932,5417,17,158,161,276,115,650,-37.1,33,13.7,457,262,68,71.67,324
2011,MP 296,1976,49.12162017,-120.8731003,1381,3.1,14.3,-5.6,19.8,1098,183,11.9,78.1,793,914,5442,16,157,161,276,115,654,-37.1,32.7,13.7,452,258,68,72.37,313
2011,MP 299,1976,49.04080963,-120.8787003,1311,3.3,14.6,-5.2,19.8,1107,186,12,78.2,764,954,5357,18,159,160,276,116,641,-37,33.2,13.8,505,264,68,71.85,338
2011,MP 281,1976,49.10832977,-120.7583008,1921,1,11.8,-7.3,19,1229,196,9,59.9,1053,587,6183,6,131,169,273,104,889,-38.4,29.3,13.4,369,195,71,96.75,142
2011,MP 285,1976,49.07500076,-120.7750015,1481,2.9,13.9,-5.7,19.6,1024,165,12.6,84.2,788,861,5501,14,152,163,275,112,624,-37.2,32.1,13.8,445,267,68,65.82,280
2011,MP 286,1976,49.07500076,-120.7750015,1326,3.5,14.6,-5.3,19.9,991,162,13.6,90.2,728,965,5295,18,159,161,275,114,559,-36.8,33.1,13.9,515,290,67,58.57,343
2011,MP 287,1976,49.11643981,-120.8702011,1250,3.4,14.9,-5.2,20.1,1096,181,12.3,82.3,768,998,5308,21,161,159,276,117,628,-37,33.7,13.8,518,278,68,68.93,367
2011,MP 288,1976,49.11574935,-120.8669968,1259,3.4,14.8,-5.2,20.1,1095,180,12.3,82.2,764,992,5310,20,161,159,276,117,627,-37,33.6,13.8,516,277,68,69.11,363
2011,MP 289,1976,49.04022979,-120.8937988,1466,2.8,13.8,-5.6,19.4,1125,190,11.4,72.7,793,851,5520,13,153,162,276,114,679,-37.2,32.1,13.7,436,240,68,77.23,276
2011,MP 290,1976,49.03955841,-120.8881989,1353,3.2,14.4,-5.4,19.7,1120,189,11.8,75.9,769,925,5398,17,158,160,276,116,654,-37,32.9,13.7,455,256,68,74.13,319
2011,35079,1979,49.18056106,-120.9610977,770,6,17.6,-3.2,20.7,1085,180,14.7,97.7,477,1466,4426,65,199,144,286,142,384,-33,36.7,13.7,634,338,67,55.43,670
2011,35179,1979,49.08110809,-120.8127975,1210,3.8,15.1,-4.8,19.9,991,166,14,91.3,690,1040,5167,23,163,159,276,118,527,-36.8,33.9,13.9,530,298,66,56.59,390
2011,35379,1979,49.08889007,-120.8139038,1210,3.7,15,-5.1,20.1,1017,168,13.5,89.5,717,1030,5210,22,163,159,276,117,555,-36.8,33.8,13.8,528,293,67,59.7,383
2011,SK93710,1993,49.21475894,-121.0660627,695,6.5,17.4,-2.2,19.7,1187,195,13.9,89.5,367,1484,4233,65,220,135,294,158,318,-30.2,35.9,13.3,597,293,71,69.35,668
2011,SK93711,1993,49.21441772,-121.0671746,686,6.6,17.5,-2.2,19.6,1187,195,13.9,89.8,363,1491,4219,65,221,135,294,159,314,-30.1,35.9,13.3,598,293,71,69.25,672
2011,SK93721,1993,49.21632862,-121.0684733,698,6.5,17.4,-2.2,19.6,1188,195,13.9,89.4,367,1478,4238,64,219,135,294,158,319,-30.2,35.8,13.3,596,292,71,69.57,664
2011,SK93722,1993,49.21739366,-121.0676078,698,6.5,17.4,-2.2,19.6,1189,195,13.9,89.3,368,1478,4241,64,219,136,294,158,321,-30.3,35.8,13.3,596,292,71,69.64,664
2011,SK93734,1993,49.19803638,-120.9928605,869,5.7,16.9,-3.1,20.1,1125,186,14,91.1,460,1364,4502,52,199,143,288,145,392,-32.6,35.5,13.6,595,300,69,64.01,598
2011,SK93735,1993,49.19748268,-120.9920592,869,5.7,16.9,-3.1,20.1,1123,185,14,91.2,460,1364,4504,51,199,143,288,145,392,-32.7,35.5,13.6,595,300,69,63.84,598
2011,SK93736,1993,49.20192025,-120.9885846,823,5.9,17.1,-3,20.1,1108,184,14.4,93,443,1403,4437,56,203,142,289,147,368,-32.3,35.7,13.5,601,307,69,61.45,624
2011,00NCc13,2000,49.22752855,-120.9627241,900,5.5,16.9,-3.7,20.5,1151,186,13.5,90.8,511,1346,4594,50,193,145,285,140,443,-33.6,35.6,13.7,601,305,68,66.19,591
2011,00NCe73,2000,49.12286895,-120.8200364,1455,2.6,13.8,-6,19.8,1104,180,11.4,76.9,853,851,5591,13,151,163,274,111,699,-37.5,32.2,13.7,443,255,69,74.48,275
2011,00NCe74,2000,49.12958668,-120.8160951,1620,2.2,13.1,-6.3,19.4,1115,181,10.9,72.5,884,754,5755,9,145,165,274,109,729,-37.8,31.1,13.6,415,234,69,79.07,224
2011,00NCe75,2000,49.13184343,-120.8212604,1750,1.9,12.6,-6.4,19,1114,180,10.7,69.6,898,685,5861,8,141,166,274,108,734,-37.9,30.3,13.6,393,216,69,81.45,189
2011,00NCe76,2000,49.12956482,-120.8230328,1665,2.1,12.9,-6.3,19.2,1105,180,10.9,71.8,883,731,5784,9,144,165,274,109,721,-37.8,30.9,13.6,407,227,69,78.92,212
2011,00NCe77,2000,49.06956013,-120.905716,1470,2.8,13.8,-5.7,19.5,1142,190,11.2,72.6,809,854,5538,13,154,162,276,114,696,-37.2,32.2,13.7,435,239,69,78.97,277
2011,00NCe78,2000,49.08614425,-120.9258513,1840,1.4,12.1,-6.6,18.8,1196,195,9.6,62,973,633,6024,7,140,165,276,111,815,-37.7,29.7,13.4,370,185,72,92.81,164
2011,00NCe79,2000,49.08811762,-120.9446303,1790,1.7,12.4,-6.4,18.8,1226,199,9.5,62.2,932,665,5932,7,144,163,278,114,817,-37.4,30,13.3,373,184,72,95.12,179
2011,00NCe82,2000,49.04462405,-120.9646257,1810,1.6,12.2,-6.5,18.7,1256,209,9.2,58.3,950,648,5976,7,142,164,276,112,849,-37.4,30,13.4,372,180,72,98.43,170
2011,00NCe83,2000,49.0409285,-120.9723988,1800,1.6,12.3,-6.4,18.7,1277,213,9.1,57.7,941,654,5957,7,143,164,277,113,859,-37.3,30,13.3,372,178,72,100.39,173
2011,00NCe84,2000,49.04042506,-120.9724193,685,7.2,18.2,-1.4,19.6,1274,212,13.5,85.6,313,1630,3998,83,217,132,295,163,279,-32.2,36.1,13.7,639,302,66,73.06,760
2011,00NCe85,2000,49.03686803,-120.9645592,1705,2.1,12.8,-6,18.8,1258,209,9.6,61,870,716,5787,8,149,162,278,116,811,-37,30.6,13.4,386,191,72,96.49,204
2011,00NCe86,2000,49.04063959,-120.9800327,1745,1.9,12.5,-6.2,18.7,1282,214,9.3,58.7,898,689,5855,8,147,163,278,115,841,-37,30.3,13.4,380,183,72,99.73,190
2011,00NCe87,2000,49.03145849,-120.9420956,1820,1.5,12.2,-6.6,18.7,1161,196,9.9,62.2,966,640,6006,7,140,165,276,110,792,-37.5,30,13.4,373,189,72,88.96,167
2011,00NCe89,2000,49.05549669,-120.9155332,1725,2,12.7,-6.2,18.8,1141,191,10.5,66.2,881,704,5816,8,145,164,277,112,738,-37.4,30.5,13.5,391,204,70,84.36,198
2011,00NCe90,2000,49.06442921,-120.8922135,1325,3.2,14.5,-5.4,19.8,1128,190,11.7,76.2,782,942,5393,17,159,160,276,116,663,-37,33.1,13.7,502,260,68,74.36,330
2011,00NCe91,2000,49.11667802,-120.8651929,1450,2.8,13.9,-5.7,19.6,1095,180,11.7,77.3,806,867,5517,14,154,162,276,114,665,-37.3,32.3,13.7,440,251,68,73.62,285
2011,00NCe92,2000,49.12229155,-120.8690776,1665,2.1,12.9,-6.2,19.2,1100,182,11,70.9,881,735,5777,9,145,164,276,111,710,-37.6,30.8,13.6,403,221,70,78.86,214
2011,00NCe93,2000,49.13832844,-120.8485222,1615,2.2,13.2,-6.3,19.5,1118,186,10.9,70.9,876,766,5732,10,147,164,275,111,718,-37.6,31.1,13.6,413,227,69,79.55,230
2011,00NCe94,2000,49.1422333,-120.8451718,1565,2.3,13.4,-6.2,19.6,1118,186,11,71.9,877,791,5699,10,148,164,275,111,717,-37.5,31.4,13.6,422,234,69,78.55,244
2011,00NCe95,2000,49.12585389,-120.8366702,1540,2.5,13.5,-6,19.4,1093,180,11.4,75,841,804,5637,11,149,164,275,111,685,-37.6,31.7,13.7,428,242,68,75.1,250
2011,114791,2007,49.1638298,-120.7723007,2225,-0.5,10.1,-8.7,18.8,1396,221,6.8,45.7,1314,411,6739,3,113,172,269,97,1092,-39.7,27.1,13.2,320,143,73,119.94,72
2011,114792,2007,49.16588973,-120.7787018,2225,-0.6,10.1,-8.8,18.8,1406,223,6.7,45.2,1320,407,6752,3,112,172,269,97,1101,-39.8,27.1,13.2,320,142,73,120.93,71
2011,114793,2007,49.16717147,-120.7802963,2200,-0.4,10.2,-8.6,18.8,1397,222,6.9,45.9,1296,420,6704,3,113,172,269,97,1086,-39.7,27.3,13.3,324,145,73,119.63,75
2011,114794,2007,49.16852951,-120.7815018,2145,-0.1,10.5,-8.4,18.9,1381,221,7.1,47.5,1245,450,6600,4,117,172,270,98,1055,-39.5,27.6,13.3,333,152,72,116.89,86
2011,114795,2007,49.16878128,-120.781601,2140,-0.1,10.5,-8.4,18.9,1379,221,7.2,47.7,1240,452,6591,4,117,172,270,98,1051,-39.5,27.7,13.3,334,153,72,116.57,87
2011,114796,2007,49.17169952,-120.7848969,2100,0.1,10.7,-8.2,18.9,1354,219,7.4,49.2,1209,475,6521,5,120,171,270,99,1021,-39.3,28,13.3,340,159,72,113.23,95
2011,114797,2007,49.17219924,-120.7894974,2125,0,10.6,-8.3,18.9,1351,218,7.4,48.6,1231,461,6566,5,118,172,270,98,1026,-39.4,27.8,13.3,337,157,72,113.44,90
2011,12-1929,2015,49.20005416,-120.9982758,906,5.6,16.8,-3.3,20.1,1140,189,13.7,88.8,476,1338,4553,49,197,144,288,143,413,-32.6,35.4,13.6,590,294,69,66.25,583
2011,02-3085,2019,49.14056015,-120.7638931,2044,0.4,11.1,-7.9,19,1370,215,7.6,51.7,1156,511,6409,5,123,171,271,100,1025,-39,28.4,13.4,351,172,72,113.47,109
2011,02-3087,2019,49.1199913,-120.752121,1874,1.3,12.1,-7,19.1,1247,198,9,60.9,1008,620,6085,6,134,168,274,105,880,-38.3,29.6,13.5,378,202,70,97.21,158
2011,02-3088,2019,49.13434982,-120.7645264,1928,1,11.7,-7.3,19.1,1316,207,8.3,56.8,1058,583,6193,6,131,169,273,104,947,-38.5,29.3,13.5,369,190,71,105.47,141
2011,02-3089,2019,49.14989852,-120.7567673,2136,-0.1,10.6,-8.3,18.9,1377,215,7.2,49.3,1236,460,6576,5,117,172,270,98,1057,-39.4,27.8,13.3,337,160,72,116.05,90
2011,02-3090,2019,49.1461296,-120.7544632,2119,0,10.7,-8.2,18.9,1375,215,7.3,49.7,1220,469,6544,5,118,172,270,99,1051,-39.3,27.9,13.3,339,163,72,115.56,93
2011,12-2000,2019,49.13544082,-120.7637634,1954,0.8,11.6,-7.5,19.1,1328,208,8.2,55.7,1079,567,6241,5,129,170,273,103,964,-38.7,29.1,13.5,365,186,71,107.2,133
2011,12-9554,2019,49.0820198,-120.9237823,1792,1.6,12.3,-6.5,18.8,1187,195,9.8,63.3,945,658,5957,7,141,165,276,111,797,-37.7,30,13.4,378,192,71,90.81,175
2011,12-9555,2019,49.16053009,-120.76474,1876,1.2,12,-7.1,19.1,1360,216,8.3,55.4,1012,615,6096,7,134,169,274,105,952,-38.4,29.5,13.5,377,190,70,108.73,155
2011,14-4318,2019,49.10192108,-120.7574768,1956,0.8,11.6,-7.4,19,1223,194,8.8,59.7,1084,563,6252,5,129,169,273,103,898,-38.6,29,13.4,363,192,72,96.99,132
2011,14-4319,2019,49.10179138,-120.7552795,1890,1.2,11.9,-7.1,19,1220,194,9.1,61.6,1025,604,6126,6,133,168,274,105,873,-38.3,29.5,13.5,374,200,71,95.23,150
2011,14-4320,2019,49.07690048,-120.7710724,1815,1.6,12.3,-6.7,19,1100,173,10.5,71.3,949,654,5968,7,138,167,275,107,756,-38.1,30,13.6,387,219,70,81.32,174
2011,14-4323,2019,49.16270065,-120.7649994,1994,0.7,11.4,-7.6,19,1354,216,7.9,52.6,1108,544,6306,6,127,170,272,102,987,-38.8,28.7,13.4,358,175,71,110.7,123
2011,14-4324,2019,49.16270065,-120.7649002,1988,0.7,11.4,-7.6,19,1352,216,7.9,52.8,1103,547,6296,6,127,170,272,103,984,-38.8,28.8,13.4,358,176,71,110.45,124
2011,14-4325,2019,49.15930175,-120.7705002,1981,0.7,11.4,-7.6,19,1392,220,7.7,51.8,1102,546,6295,6,127,170,272,102,1013,-38.8,28.8,13.4,359,174,71,114.39,124
2011,14-4326,2019,49.1603012,-120.7731018,2030,0.4,11.1,-7.8,19,1393,221,7.5,50.4,1143,515,6387,5,124,171,271,101,1030,-39,28.5,13.4,351,167,72,115.62,111
2011,14-4361,2019,49.15879821,-120.7743988,2093,0.1,10.8,-8.1,18.9,1401,222,7.2,48.6,1196,479,6500,5,120,171,271,99,1056,-39.3,28,13.3,341,159,72,117.81,97
2011,14-4382,2019,49.1646614,-120.7790527,2197,-0.4,10.2,-8.6,18.8,1403,222,6.8,46,1293,422,6699,3,113,172,269,97,1090,-39.7,27.3,13.3,325,145,73,120.13,76
2011,14-4383,2019,49.15822982,-120.7749863,2106,0.1,10.7,-8.1,18.9,1402,222,7.2,48.3,1207,471,6524,5,119,172,271,99,1061,-39.3,27.9,13.3,339,157,72,118.22,94
2011,14-4384,2019,49.15280151,-120.7717896,2062,0.3,11,-8,18.9,1395,220,7.4,49.8,1174,498,6448,5,122,171,271,100,1046,-39.1,28.3,13.4,346,165,72,116.53,104
2011,14-4385,2019,49.16463088,-120.7775726,2217,-0.5,10.1,-8.7,18.8,1406,222,6.8,45.4,1311,412,6735,3,112,172,269,97,1098,-39.8,27.1,13.2,321,143,73,120.78,73
2011,14-4386,2019,49.10020828,-120.7596817,2009,0.5,11.3,-7.7,18.9,1222,193,8.6,58.4,1131,531,6353,5,126,170,272,102,915,-38.8,28.6,13.4,355,186,72,98.05,118
2011,14-4387,2019,49.09149169,-120.7733994,1955,0.9,11.6,-7.4,19,1203,187,9,62.2,1077,569,6237,5,130,169,273,104,881,-38.5,29.1,13.4,364,195,72,94.81,134
2011,14-4388,2019,49.06903839,-120.7620316,1624,2.3,13.2,-6,19.3,1032,165,11.9,80.1,856,768,5705,10,146,165,275,110,667,-37.6,31.2,13.7,419,246,69,70.19,232
2011,14-4573,2019,49.07849884,-120.9320297,1590,2.6,13.3,-5.7,19.1,1172,195,10.7,68.5,805,790,5612,11,153,161,278,118,715,-37,31.3,13.5,408,215,70,84.98,243
2011,14-4577,2019,49.14511871,-120.7613602,2052,0.3,11,-7.9,19,1377,216,7.5,51.1,1161,505,6422,5,122,171,271,100,1031,-39.1,28.4,13.4,349,170,72,114.37,107
2011,14-4585,2019,49.07535934,-120.7685013,1752,1.9,12.6,-6.4,19,1076,170,11.1,74.4,902,693,5856,8,141,166,275,109,719,-37.9,30.4,13.6,397,228,69,77.31,193
2011,14-4587,2019,49.0782814,-120.917923,1679,2.2,12.9,-6.1,19,1167,193,10.4,66.7,862,729,5761,9,147,163,277,113,743,-37.4,30.7,13.5,397,208,70,86.08,211
2011,14-4588,2019,49.0820198,-120.9236526,1792,1.6,12.3,-6.5,18.8,1187,195,9.8,63.3,945,659,5957,7,141,165,276,111,797,-37.7,30,13.4,378,192,71,90.8,175
2011,19JCG13,2019,49.11692047,-120.6429367,1080,4.9,16.3,-4.2,20.5,783,147,19,111.3,578,1233,4809,39,177,153,281,127,348,-35.6,35,14,599,343,65,29.86,515
2011,19JCG15,2019,49.11320114,-120.6441498,1046,5,16.5,-4,20.5,791,147,19,112.3,561,1265,4752,43,178,152,281,129,340,-35.5,35.3,14,606,348,65,29.58,538
2011,19JCG18,2019,49.11236953,-120.6519089,1088,4.8,16.2,-4.2,20.5,789,146,18.8,111,582,1223,4824,38,176,153,281,127,353,-35.7,35,14,596,341,65,30.77,509
2012,MP 291,1976,49.03950881,-120.8720016,1308,4.3,15.7,-6.1,21.9,1232,173,11.6,90.8,697,1147,5032,31,173,159,272,113,482,-37,33.2,14,551,293,68,77.81,467
2012,MP 292,1976,49.03998947,-120.8811035,1277,4.3,15.9,-6.2,22,1248,176,11.5,90.2,695,1172,5004,33,174,158,272,114,483,-36.9,33.4,14,556,294,68,78.74,480
2012,MP 293,1976,49.04455947,-120.8516998,1259,4.5,16,-5.8,21.8,1182,165,12.3,96.9,663,1198,4934,35,175,158,272,114,443,-36.9,33.6,14,564,312,67,70.89,497
2012,MP 294,1976,49.11808013,-120.8660965,1402,3.9,15.3,-6,21.3,1230,170,11.3,89.9,725,1077,5152,25,168,161,271,109,514,-37.2,32.6,13.9,532,281,69,80.1,427
2012,MP 295,1976,49.11931991,-120.8755035,1353,4,15.5,-6.2,21.7,1231,170,11.4,91,725,1114,5108,28,171,160,271,111,506,-37.1,33,13.9,542,288,69,78.91,448
2012,MP 296,1976,49.12162017,-120.8731003,1381,4,15.4,-6.1,21.5,1231,171,11.3,89.9,725,1094,5132,26,169,161,271,110,511,-37.1,32.7,13.9,536,283,69,79.72,437
2012,MP 299,1976,49.04080963,-120.8787003,1311,4.2,15.7,-6.2,21.9,1245,175,11.4,89.6,703,1142,5046,30,173,159,271,113,490,-37,33.2,14,549,289,68,79.34,465
2012,MP 281,1976,49.10832977,-120.7583008,1921,1.9,12.8,-6.1,19,1394,189,8.5,67.8,936,733,5855,9,142,174,268,94,744,-38.4,29.3,13.7,441,207,72,108.43,224
2012,MP 285,1976,49.07500076,-120.7750015,1481,3.8,14.9,-5.5,20.4,1145,148,12.1,101.1,713,1036,5182,22,165,164,270,106,487,-37.2,32.1,14,528,300,68,72.21,403
2012,MP 286,1976,49.07500076,-120.7750015,1326,4.4,15.7,-5.4,21,1103,143,13,109.4,666,1154,4982,31,172,160,270,110,428,-36.8,33.1,14.1,559,330,67,63.62,470
2012,MP 287,1976,49.11643981,-120.8702011,1250,4.4,16,-6.5,22.4,1230,170,11.7,94.2,710,1192,5000,35,175,158,271,113,487,-37,33.7,14,563,307,68,75.88,493
2012,MP 288,1976,49.11574935,-120.8669968,1259,4.3,15.9,-6.4,22.3,1230,170,11.7,93.9,705,1186,5002,34,174,158,271,113,486,-37,33.6,14,561,305,68,76.12,489
2012,MP 289,1976,49.04022979,-120.8937988,1466,3.7,14.9,-5.7,20.6,1265,180,10.9,82.9,720,1026,5203,22,166,162,271,109,527,-37.2,32.1,13.9,519,263,69,85.54,398
2012,MP 290,1976,49.03955841,-120.8881989,1353,4.1,15.5,-5.9,21.4,1259,178,11.2,86.8,705,1110,5086,28,171,160,271,111,503,-37,32.9,13.9,541,279,69,81.95,446
2012,35079,1979,49.18056106,-120.9610977,770,6.9,18.7,-4,22.6,1222,175,13.8,106.4,456,1706,4150,110,216,138,282,143,314,-33,36.7,13.9,689,373,68,61.09,818
2012,35179,1979,49.08110809,-120.8127975,1210,4.8,16.2,-5.6,21.9,1107,150,13.3,108.3,638,1238,4858,39,177,157,272,115,404,-36.8,33.9,14.1,585,336,67,61.63,520
2012,35379,1979,49.08889007,-120.8139038,1210,4.6,16.1,-5.8,21.9,1142,155,12.8,103.8,663,1225,4901,37,177,157,271,114,428,-36.8,33.8,14,572,329,67,65.63,512
2012,SK93710,1993,49.21475894,-121.0660627,695,7.4,18.6,-2.2,20.8,1337,191,13,97.3,348,1729,3949,106,237,129,290,161,278,-30.2,35.9,13.4,667,328,71,76.65,818
2012,SK93711,1993,49.21441772,-121.0671746,686,7.4,18.6,-2.1,20.8,1337,191,13,97.5,344,1737,3936,107,238,129,291,162,275,-30.1,35.9,13.4,668,328,71,76.55,823
2012,SK93721,1993,49.21632862,-121.0684733,698,7.4,18.6,-2.2,20.7,1337,190,13,97.4,347,1722,3961,105,237,129,290,161,279,-30.2,35.8,13.4,666,327,71,76.85,814
2012,SK93722,1993,49.21739366,-121.0676078,698,7.4,18.6,-2.2,20.7,1337,190,13,97.5,349,1722,3964,105,236,129,290,161,280,-30.3,35.8,13.4,666,327,71,76.89,814
2012,SK93734,1993,49.19803638,-120.9928605,869,6.6,18,-3.3,21.4,1266,180,13.1,100,433,1594,4217,86,216,138,284,146,325,-32.6,35.5,13.7,650,335,69,70.69,738
2012,SK93735,1993,49.19748268,-120.9920592,869,6.6,18,-3.4,21.4,1264,180,13.2,100.2,434,1593,4219,86,216,138,284,145,325,-32.7,35.5,13.7,650,336,69,70.5,738
2012,SK93736,1993,49.20192025,-120.9885846,823,6.8,18.2,-3.2,21.4,1247,177,13.5,102.8,418,1636,4155,93,220,137,285,148,308,-32.3,35.7,13.7,656,344,69,67.83,766
2012,00NCc13,2000,49.22752855,-120.9627241,900,6.4,18,-4,21.9,1297,178,12.6,100.9,482,1573,4309,84,209,141,281,140,363,-33.6,35.6,13.8,655,343,68,73.41,728
2012,00NCe73,2000,49.12286895,-120.8200364,1455,3.5,14.9,-6.5,21.4,1245,169,10.9,88.1,777,1023,5275,21,163,164,269,105,550,-37.5,32.2,13.9,525,276,69,82.82,395
2012,00NCe74,2000,49.12958668,-120.8160951,1620,3.1,14.2,-6,20.1,1258,170,10.4,83.6,794,918,5426,16,156,167,269,101,587,-37.8,31.1,13.8,494,250,69,88.14,330
2012,00NCe75,2000,49.13184343,-120.8212604,1750,2.8,13.6,-5.5,19.1,1255,170,10.2,80.3,797,842,5534,12,151,169,269,100,601,-37.9,30.3,13.8,469,234,69,90.75,286
2012,00NCe76,2000,49.12956482,-120.8230328,1665,3,14,-5.8,19.8,1246,169,10.4,82.7,790,893,5453,14,155,168,269,101,582,-37.8,30.9,13.8,485,245,69,87.93,315
2012,00NCe77,2000,49.06956013,-120.905716,1470,3.7,15,-5.9,20.8,1282,181,10.7,82.5,736,1027,5222,22,166,162,271,109,541,-37.2,32.2,13.9,518,262,69,87.28,398
2012,00NCe78,2000,49.08614425,-120.9258513,1840,2.3,13.3,-5.7,19,1339,186,9.2,71.1,866,786,5699,10,150,169,271,102,665,-37.7,29.7,13.6,444,209,72,102.17,253
2012,00NCe79,2000,49.08811762,-120.9446303,1790,2.6,13.5,-5.6,19.1,1371,191,9.2,71,830,820,5604,12,155,166,272,106,663,-37.4,30,13.6,448,209,72,104.78,272
2012,00NCe82,2000,49.04462405,-120.9646257,1810,2.5,13.4,-5.7,19.1,1406,201,8.9,66.7,847,804,5651,11,152,167,271,104,683,-37.4,30,13.6,447,203,72,108.48,263
2012,00NCe83,2000,49.0409285,-120.9723988,1800,2.5,13.4,-5.6,19.1,1427,203,8.8,66.2,839,810,5631,11,153,167,272,105,690,-37.3,30,13.6,447,202,72,110.51,266
2012,00NCe84,2000,49.04042506,-120.9724193,685,8.1,19.3,-1.6,21,1424,203,12.7,95.4,301,1891,3725,139,234,125,292,167,235,-32.2,36.1,13.9,716,334,66,80.15,923
2012,00NCe85,2000,49.03686803,-120.9645592,1705,3,13.9,-5.3,19.3,1408,200,9.2,69.6,777,879,5462,14,160,164,273,109,644,-37,30.6,13.6,464,215,72,106.5,306
2012,00NCe86,2000,49.04063959,-120.9800327,1745,2.8,13.7,-5.5,19.2,1431,204,8.9,67.3,802,849,5531,13,157,165,272,107,671,-37,30.3,13.6,456,207,72,109.79,289
2012,00NCe87,2000,49.03145849,-120.9420956,1820,2.4,13.3,-5.8,19.2,1301,186,9.5,71.7,861,796,5680,11,151,169,271,102,638,-37.5,30,13.6,448,212,72,97.96,258
2012,00NCe89,2000,49.05549669,-120.9155332,1725,2.9,13.8,-5.4,19.2,1280,182,10.1,76,786,866,5489,13,156,167,271,105,589,-37.4,30.5,13.7,468,228,71,93.28,299
2012,00NCe90,2000,49.06442921,-120.8922135,1325,4.1,15.6,-6.2,21.8,1268,181,11.1,86.2,719,1127,5083,29,172,159,271,111,508,-37,33.1,13.9,546,282,69,82.16,456
2012,00NCe91,2000,49.11667802,-120.8651929,1450,3.7,15,-5.9,21,1229,170,11.2,88.7,733,1044,5203,23,166,162,271,108,523,-37.3,32.3,13.9,523,273,69,81.3,407
2012,00NCe92,2000,49.12229155,-120.8690776,1665,3,14,-5.7,19.8,1234,171,10.6,82,789,898,5446,15,156,167,270,103,572,-37.6,30.8,13.8,481,241,70,87.17,318
2012,00NCe93,2000,49.13832844,-120.8485222,1615,3.1,14.3,-5.8,20.1,1255,175,10.5,81.7,788,930,5406,16,158,166,270,104,576,-37.6,31.1,13.8,491,245,70,88.13,339
2012,00NCe94,2000,49.1422333,-120.8451718,1565,3.2,14.5,-6.1,20.6,1257,175,10.5,82.6,792,957,5377,18,160,166,269,104,572,-37.5,31.4,13.8,501,252,70,87.03,356
2012,00NCe95,2000,49.12585389,-120.8366702,1540,3.4,14.6,-5.9,20.5,1228,169,10.9,86.1,759,973,5316,18,160,165,269,104,544,-37.6,31.7,13.9,508,262,69,83.21,365
2012,114791,2007,49.1638298,-120.7723007,2225,0.4,11.1,-7.2,18.4,1582,209,6.6,53.4,1175,528,6414,5,123,181,264,83,943,-39.7,27.1,13.5,347,158,74,133.96,116
2012,114792,2007,49.16588973,-120.7787018,2225,0.4,11.1,-7.3,18.4,1592,210,6.5,53,1181,523,6426,5,122,181,264,82,950,-39.8,27.1,13.5,348,157,73,135.03,114
2012,114793,2007,49.16717147,-120.7802963,2200,0.5,11.2,-7.2,18.4,1582,209,6.6,53.9,1158,538,6378,5,123,181,264,83,936,-39.7,27.3,13.5,352,161,73,133.44,121
2012,114794,2007,49.16852951,-120.7815018,2145,0.8,11.5,-7,18.5,1562,207,6.9,55.8,1110,572,6275,5,127,180,264,84,906,-39.5,27.6,13.5,361,168,73,130.29,137
2012,114795,2007,49.16878128,-120.781601,2140,0.8,11.6,-6.9,18.5,1560,206,6.9,56,1106,575,6265,5,127,180,264,84,902,-39.5,27.7,13.5,361,169,73,129.92,139
2012,114796,2007,49.17169952,-120.7848969,2100,1,11.8,-6.8,18.6,1530,204,7.2,57.9,1077,602,6196,6,130,179,265,86,873,-39.3,28,13.6,368,175,73,126.11,152
2012,114797,2007,49.17219924,-120.7894974,2125,0.9,11.7,-6.9,18.6,1526,203,7.1,57.6,1097,586,6241,5,128,180,264,85,880,-39.4,27.8,13.5,364,172,73,126.22,144
2012,12-1929,2015,49.20005416,-120.9982758,906,6.5,17.9,-3.4,21.3,1283,184,12.8,97.4,446,1563,4267,82,214,140,283,144,339,-32.6,35.4,13.7,645,328,69,73.21,721
2012,02-3085,2019,49.14056015,-120.7638931,2044,1.3,12.1,-6.6,18.7,1555,204,7.3,59.6,1029,645,6082,7,133,178,266,88,871,-39,28.4,13.6,379,185,72,127.11,174
2012,02-3087,2019,49.1199913,-120.752121,1874,2.2,13.1,-5.9,19,1416,190,8.6,68.9,895,770,5757,11,144,173,269,96,734,-38.3,29.6,13.7,452,213,71,109.3,244
2012,02-3088,2019,49.13434982,-120.7645264,1928,1.9,12.8,-6.1,18.9,1496,198,8,64.7,941,728,5866,9,141,175,268,93,796,-38.5,29.3,13.7,441,202,71,118.56,220
2012,02-3089,2019,49.14989852,-120.7567673,2136,0.8,11.7,-7,18.6,1560,204,6.9,57.2,1102,585,6249,5,127,180,265,85,906,-39.4,27.8,13.6,364,174,73,129.65,144
2012,02-3090,2019,49.1461296,-120.7544632,2119,0.9,11.7,-6.9,18.6,1560,204,7,57.5,1087,595,6217,6,129,180,265,86,899,-39.3,27.9,13.6,367,176,73,129.23,149
2012,12-2000,2019,49.13544082,-120.7637634,1954,1.8,12.6,-6.2,18.9,1508,199,7.8,63.6,960,709,5914,9,139,175,267,92,812,-38.7,29.1,13.7,436,198,72,120.41,209
2012,12-9554,2019,49.0820198,-120.9237823,1792,2.5,13.5,-5.7,19.1,1329,186,9.4,72.5,843,814,5632,11,152,168,271,103,646,-37.7,30,13.6,453,216,72,100.07,269
2012,12-9555,2019,49.16053009,-120.76474,1876,2.2,13,-5.9,19,1539,204,7.9,63.8,900,762,5770,10,144,173,268,95,792,-38.4,29.5,13.7,450,204,71,121.84,239
2012,14-4318,2019,49.10192108,-120.7574768,1956,1.7,12.6,-6.2,18.9,1388,186,8.5,67.9,964,707,5923,9,139,175,268,93,754,-38.6,29,13.6,434,204,72,108.62,208
2012,14-4319,2019,49.10179138,-120.7552795,1890,2.1,13,-6,19,1385,186,8.7,69.9,911,753,5798,9,143,173,269,95,728,-38.3,29.5,13.7,446,212,71,106.85,235
2012,14-4320,2019,49.07690048,-120.7710724,1815,2.5,13.4,-5.6,19,1241,159,10.1,84.5,842,810,5638,11,148,171,270,99,619,-38.1,30,13.8,462,234,70,90.44,268
2012,14-4323,2019,49.16270065,-120.7649994,1994,1.6,12.4,-6.3,18.7,1533,203,7.6,61.1,985,682,5981,8,137,176,267,91,833,-38.8,28.7,13.6,386,189,72,123.83,194
2012,14-4324,2019,49.16270065,-120.7649002,1988,1.6,12.4,-6.3,18.7,1531,203,7.6,61.3,980,686,5970,8,137,176,267,91,830,-38.8,28.8,13.6,429,190,72,123.55,196
2012,14-4325,2019,49.15930175,-120.7705002,1981,1.6,12.5,-6.3,18.8,1578,209,7.4,59.7,979,685,5969,8,137,176,267,90,854,-38.8,28.8,13.6,430,188,72,128.1,196
2012,14-4326,2019,49.1603012,-120.7731018,2030,1.4,12.2,-6.5,18.7,1578,209,7.2,58.3,1017,649,6061,7,134,178,266,88,873,-39,28.5,13.6,379,182,72,129.38,176
2012,14-4361,2019,49.15879821,-120.7743988,2093,1,11.8,-6.7,18.6,1588,210,7,56.3,1064,607,6175,6,130,179,265,86,900,-39.3,28,13.6,369,173,72,131.73,154
2012,14-4382,2019,49.1646614,-120.7790527,2197,0.5,11.3,-7.2,18.4,1589,209,6.6,53.8,1155,540,6373,5,124,181,264,83,939,-39.7,27.3,13.5,352,161,73,134.09,122
2012,14-4383,2019,49.15822982,-120.7749863,2106,1,11.8,-6.8,18.5,1589,210,6.9,55.9,1074,598,6198,6,129,179,265,86,906,-39.3,27.9,13.6,367,171,72,132.18,150
2012,14-4384,2019,49.15280151,-120.7717896,2062,1.2,12,-6.6,18.7,1581,208,7.1,57.7,1045,629,6122,6,132,178,266,87,889,-39.1,28.3,13.6,374,178,72,130.32,166
2012,14-4385,2019,49.16463088,-120.7775726,2217,0.4,11.2,-7.3,18.4,1593,210,6.5,53.1,1172,528,6410,5,123,181,264,82,947,-39.8,27.1,13.5,349,158,73,134.88,116
2012,14-4386,2019,49.10020828,-120.7596817,2009,1.5,12.3,-6.5,18.8,1386,185,8.3,66.6,1007,670,6024,8,136,176,267,91,772,-38.8,28.6,13.6,383,198,72,109.67,188
2012,14-4387,2019,49.09149169,-120.7733994,1955,1.8,12.7,-6.2,18.9,1365,178,8.6,71.2,958,714,5908,8,140,174,268,94,740,-38.5,29.1,13.6,435,208,72,106.27,212
2012,14-4388,2019,49.06903839,-120.7620316,1624,3.2,14.3,-5.7,20,1159,150,11.4,95.4,768,937,5374,17,158,167,270,104,526,-37.6,31.2,13.9,498,272,69,77.65,343
2012,14-4573,2019,49.07849884,-120.9320297,1590,3.5,14.5,-5.1,19.6,1313,186,10.3,77.9,722,960,5289,18,165,162,273,111,565,-37,31.3,13.7,488,239,70,93.89,355
2012,14-4577,2019,49.14511871,-120.7613602,2052,1.3,12.1,-6.6,18.7,1562,205,7.2,59.1,1033,638,6095,6,132,178,266,88,876,-39.1,28.4,13.6,377,183,72,128.03,171
2012,14-4585,2019,49.07535934,-120.7685013,1752,2.8,13.7,-5.4,19.1,1210,154,10.6,88.9,801,853,5527,13,152,169,270,101,583,-37.9,30.4,13.8,474,248,70,85.83,293
2012,14-4587,2019,49.0782814,-120.917923,1679,3.1,14,-5.3,19.3,1307,184,10,76.3,770,892,5434,14,158,165,272,106,593,-37.4,30.7,13.7,475,231,70,95.14,314
2012,14-4588,2019,49.0820198,-120.9236526,1792,2.5,13.5,-5.7,19.1,1329,186,9.4,72.5,843,814,5632,11,152,168,271,103,645,-37.7,30,13.6,453,216,72,100.06,269
2012,19JCG13,2019,49.11692047,-120.6429367,1080,5.8,17.3,-4.5,21.8,916,147,17.2,118.1,540,1448,4513,65,192,150,276,126,279,-35.6,35,14.2,653,371,66,36.19,650
2012,19JCG15,2019,49.11320114,-120.6441498,1046,5.9,17.5,-4.4,21.9,925,147,17.2,119.2,527,1485,4458,71,194,149,276,127,274,-35.5,35.3,14.2,660,376,66,35.91,674
2012,19JCG18,2019,49.11236953,-120.6519089,1088,5.7,17.3,-4.5,21.8,921,146,17.1,118.1,544,1438,4528,64,191,150,276,126,283,-35.7,35,14.2,650,369,66,37.03,643
2013,MP 291,1976,49.03950881,-120.8720016,1308,4.8,16.2,-5.9,22.1,942,369,15.7,43.8,612,1230,4830,33,178,145,273,128,420,-37,33.2,14,593,208,67,46.96,501
2013,MP 292,1976,49.03998947,-120.8811035,1277,4.9,16.3,-5.9,22.2,955,374,15.6,43.7,611,1253,4802,35,180,144,273,129,421,-36.9,33.4,14,599,208,67,47.65,516
2013,MP 293,1976,49.04455947,-120.8516998,1259,5.1,16.5,-5.6,22,904,355,16.7,46.4,581,1281,4735,38,180,144,273,129,381,-36.9,33.6,14.1,607,228,66,41.3,534
2013,MP 294,1976,49.11808013,-120.8660965,1402,4.4,15.7,-5.8,21.5,939,351,15.4,44.8,638,1149,4952,27,174,147,272,125,447,-37.2,32.6,14,573,197,68,49.22,453
2013,MP 295,1976,49.11931991,-120.8755035,1353,4.6,16,-6,21.9,943,353,15.5,45.2,639,1194,4904,30,176,146,272,127,440,-37.1,33,14,584,204,68,48.34,480
2013,MP 296,1976,49.12162017,-120.8731003,1381,4.5,15.8,-5.8,21.7,943,353,15.4,44.8,639,1168,4931,29,175,146,273,126,444,-37.1,32.7,14,577,199,68,49.08,466
2013,MP 299,1976,49.04080963,-120.8787003,1311,4.7,16.1,-5.9,22.1,951,372,15.5,43.4,618,1224,4843,33,178,145,273,128,429,-37,33.2,14,592,204,67,48.24,498
2013,MP 281,1976,49.10832977,-120.7583008,1921,2.4,13,-6,19,1036,389,12,33.5,836,764,5663,8,149,158,270,112,687,-38.4,29.3,13.7,408,102,70,72.13,231
2013,MP 285,1976,49.07500076,-120.7750015,1481,4.3,15.4,-5.3,20.7,871,336,16.4,45.9,626,1099,4992,23,171,149,271,122,414,-37.2,32.1,14,568,214,67,43.07,420
2013,MP 286,1976,49.07500076,-120.7750015,1326,4.9,16.2,-5.2,21.4,846,330,17.6,49.2,583,1232,4788,33,178,146,271,125,355,-36.8,33.1,14.1,601,244,66,36.23,500
2013,MP 287,1976,49.11643981,-120.8702011,1250,4.9,16.5,-6.2,22.7,940,352,15.8,46.8,627,1278,4799,38,180,144,272,128,420,-37,33.7,14,606,221,67,45.22,534
2013,MP 288,1976,49.11574935,-120.8669968,1259,4.9,16.4,-6.1,22.5,939,351,15.8,46.8,623,1270,4801,37,179,144,272,128,419,-37,33.6,14,604,220,67,45.35,528
2013,MP 289,1976,49.04022979,-120.8937988,1466,4.3,15.3,-5.4,20.7,967,377,14.8,40.7,630,1095,5003,23,172,148,272,125,465,-37.2,32.1,13.9,558,176,68,53.88,418
2013,MP 290,1976,49.03955841,-120.8881989,1353,4.6,15.9,-5.7,21.6,963,376,15.2,42.3,618,1185,4885,30,177,145,272,127,440,-37,32.9,14,582,194,67,50.51,475
2013,35079,1979,49.18056106,-120.9610977,770,7.5,19.3,-3.6,22.9,932,333,18.7,58,390,1813,3962,129,220,128,283,155,243,-33,36.7,14,725,293,67,30.27,887
2013,35179,1979,49.08110809,-120.8127975,1210,5.3,16.7,-5.4,22.1,853,330,17.9,50.5,559,1320,4664,42,182,143,272,129,336,-36.8,33.9,14.1,619,251,66,34.47,559
2013,35379,1979,49.08889007,-120.8139038,1210,5.2,16.7,-5.6,22.3,874,336,17.3,49.5,583,1309,4706,41,182,144,272,128,360,-36.8,33.8,14.1,616,243,66,37.2,551
2013,SK93710,1993,49.21475894,-121.0660627,695,8,19.1,-1.7,20.9,1016,347,17.7,55.2,287,1848,3754,126,242,119,291,173,188,-30.2,35.9,13.5,689,253,70,42.68,896
2013,SK93711,1993,49.21441772,-121.0671746,686,8.1,19.2,-1.7,20.8,1016,346,17.8,55.3,284,1857,3741,128,243,119,292,173,185,-30.1,35.9,13.5,690,253,70,42.56,901
2013,SK93721,1993,49.21632862,-121.0684733,698,8,19.1,-1.7,20.8,1016,346,17.7,55.2,286,1842,3758,124,242,119,291,172,188,-30.2,35.8,13.5,687,252,70,42.91,891
2013,SK93722,1993,49.21739366,-121.0676078,698,8,19.1,-1.7,20.8,1017,347,17.7,55.1,288,1842,3761,124,242,119,291,172,189,-30.3,35.8,13.5,688,252,70,42.99,891
2013,SK93734,1993,49.19803638,-120.9928605,869,7.2,18.6,-3,21.6,963,337,17.9,55.2,365,1703,4013,100,221,127,285,158,238,-32.6,35.5,13.8,685,257,68,38.44,809
2013,SK93735,1993,49.19748268,-120.9920592,869,7.2,18.6,-3,21.6,962,337,17.9,55.3,366,1703,4015,100,220,127,285,158,238,-32.7,35.5,13.8,685,257,68,38.27,808
2013,SK93736,1993,49.20192025,-120.9885846,823,7.4,18.8,-2.8,21.6,951,334,18.3,56.3,353,1747,3956,109,224,126,286,160,223,-32.3,35.7,13.8,692,265,68,36.31,836
2013,00NCc13,2000,49.22752855,-120.9627241,900,7,18.6,-3.6,22.2,985,340,17.2,54.6,411,1679,4106,99,213,129,282,153,276,-33.6,35.6,13.9,675,259,67,40.13,799
2013,00NCe73,2000,49.12286895,-120.8200364,1455,4.1,15.3,-6.3,21.6,946,355,14.9,43.2,689,1090,5081,23,169,149,270,121,489,-37.5,32.2,13.9,565,188,68,51.23,415
2013,00NCe74,2000,49.12958668,-120.8160951,1620,3.6,14.5,-5.8,20.3,956,356,14.2,40.8,703,967,5242,15,163,152,271,118,525,-37.8,31.1,13.9,501,163,68,56.47,346
2013,00NCe75,2000,49.13184343,-120.8212604,1750,3.3,13.9,-5.3,19.2,956,356,13.9,39.1,703,886,5347,12,159,154,271,117,539,-37.9,30.3,13.8,476,145,68,59.59,300
2013,00NCe76,2000,49.12956482,-120.8230328,1665,3.5,14.3,-5.6,19.9,950,355,14.2,40.3,698,941,5270,14,162,153,271,118,521,-37.8,30.9,13.9,492,158,68,56.89,331
2013,00NCe77,2000,49.06956013,-120.905716,1470,4.2,15.3,-5.6,20.9,981,373,14.5,41.1,645,1097,5020,23,172,147,273,125,481,-37.2,32.2,13.9,558,174,68,55.26,420
2013,00NCe78,2000,49.08614425,-120.9258513,1840,2.9,13.4,-5.5,18.9,1020,377,12.6,35.7,764,830,5495,10,158,153,273,120,620,-37.7,29.7,13.6,450,117,71,69.34,268
2013,00NCe79,2000,49.08811762,-120.9446303,1790,3.2,13.7,-5.3,19,1044,381,12.6,35.9,730,869,5403,11,162,150,275,124,610,-37.4,30,13.6,454,117,71,70.87,290
2013,00NCe82,2000,49.04462405,-120.9646257,1810,3,13.6,-5.4,19,1069,398,12.2,34.1,745,851,5446,10,160,152,273,122,640,-37.4,30,13.6,454,104,71,73.79,279
2013,00NCe83,2000,49.0409285,-120.9723988,1800,3.1,13.6,-5.3,19,1088,405,12,33.7,737,858,5426,10,161,151,274,123,644,-37.3,30,13.6,454,103,71,75.49,283
2013,00NCe84,2000,49.04042506,-120.9724193,685,8.7,19.7,-1.3,21.1,1085,404,17.2,48.9,251,2004,3555,159,238,116,292,176,164,-32.2,36.1,13.9,724,244,66,44.33,996
2013,00NCe85,2000,49.03686803,-120.9645592,1705,3.6,14.2,-5,19.2,1071,399,12.7,35.4,679,932,5262,13,167,148,275,127,587,-37,30.6,13.6,470,114,71,71.35,325
2013,00NCe86,2000,49.04063959,-120.9800327,1745,3.4,13.9,-5.2,19.1,1091,404,12.3,34.5,702,901,5328,12,165,149,274,125,618,-37,30.3,13.6,463,108,71,74.38,308
2013,00NCe87,2000,49.03145849,-120.9420956,1820,3,13.5,-5.5,19.1,995,380,13,35.6,759,840,5476,10,159,153,273,120,599,-37.5,30,13.6,454,119,71,66.37,273
2013,00NCe89,2000,49.05549669,-120.9155332,1725,3.5,14.1,-5.2,19.3,980,375,13.7,37.6,689,915,5293,13,163,151,273,122,537,-37.4,30.5,13.8,475,137,70,61.93,316
2013,00NCe90,2000,49.06442921,-120.8922135,1325,4.6,16.1,-6,22.1,969,373,15.1,43.1,632,1209,4878,32,177,145,272,127,448,-37,33.1,14,588,197,68,50.51,489
2013,00NCe91,2000,49.11667802,-120.8651929,1450,4.3,15.5,-5.7,21.2,939,351,15.2,44.1,644,1111,5004,24,172,148,272,125,456,-37.3,32.3,13.9,563,190,68,50.39,429
2013,00NCe92,2000,49.12229155,-120.8690776,1665,3.6,14.4,-5.5,19.9,944,352,14.4,40.8,695,948,5259,14,163,151,272,121,512,-37.6,30.8,13.8,488,158,69,56.65,336
2013,00NCe93,2000,49.13832844,-120.8485222,1615,3.7,14.6,-5.6,20.3,963,361,14.2,40.5,695,982,5217,16,165,151,272,121,514,-37.6,31.1,13.8,498,159,69,57.27,356
2013,00NCe94,2000,49.1422333,-120.8451718,1565,3.8,14.9,-5.9,20.8,964,362,14.3,41.1,701,1012,5184,17,166,151,271,121,510,-37.5,31.4,13.9,509,166,69,56.11,372
2013,00NCe95,2000,49.12585389,-120.8366702,1540,3.9,14.9,-5.7,20.6,938,353,14.9,42.4,669,1029,5122,18,167,150,271,121,479,-37.6,31.7,13.9,516,178,68,52.48,380
2013,114791,2007,49.1638298,-120.7723007,2225,0.9,11.2,-7,18.1,1180,429,9.2,26.1,1067,549,6226,4,131,166,267,101,941,-39.7,27.1,13.5,357,82,72,93.72,118
2013,114792,2007,49.16588973,-120.7787018,2225,0.9,11.1,-7,18.1,1189,431,9.1,25.8,1073,545,6238,4,131,166,267,100,950,-39.8,27.1,13.5,357,82,72,94.64,116
2013,114793,2007,49.16717147,-120.7802963,2200,1,11.3,-6.9,18.1,1183,430,9.3,26.2,1050,561,6190,5,132,166,267,101,931,-39.7,27.3,13.5,362,83,72,93.55,123
2013,114794,2007,49.16852951,-120.7815018,2145,1.3,11.6,-6.7,18.3,1172,427,9.6,27.1,1004,598,6086,5,135,165,267,103,891,-39.5,27.6,13.5,371,86,72,91.16,141
2013,114795,2007,49.16878128,-120.781601,2140,1.3,11.6,-6.7,18.3,1170,427,9.7,27.2,1000,601,6077,5,136,165,267,103,887,-39.5,27.7,13.5,372,86,72,90.89,143
2013,114796,2007,49.17169952,-120.7848969,2100,1.5,11.9,-6.6,18.5,1152,421,10,28.2,973,629,6007,6,138,163,268,104,853,-39.3,28,13.6,378,88,71,88.14,157
2013,114797,2007,49.17219924,-120.7894974,2125,1.4,11.7,-6.7,18.4,1149,419,9.9,28,992,613,6052,5,137,164,267,103,864,-39.4,27.8,13.6,375,88,72,88.37,149
2013,12-1929,2015,49.20005416,-120.9982758,906,7.1,18.5,-3,21.5,977,342,17.5,54,377,1673,4059,95,218,128,285,156,251,-32.6,35.4,13.8,664,249,68,40.51,791
2013,02-3085,2019,49.14056015,-120.7638931,2044,1.8,12.2,-6.4,18.6,1149,418,10.3,29.3,926,672,5896,7,141,162,268,106,832,-39,28.4,13.6,389,91,71,86.34,180
2013,02-3087,2019,49.1199913,-120.752121,1874,2.7,13.3,-5.8,19.1,1050,391,12.1,34,798,803,5569,9,152,158,270,113,670,-38.3,29.6,13.7,418,106,70,72.03,253
2013,02-3088,2019,49.13434982,-120.7645264,1928,2.4,12.9,-6,19,1104,403,11.2,32.1,841,760,5679,9,149,159,270,111,740,-38.5,29.3,13.7,408,101,70,78.92,228
2013,02-3089,2019,49.14989852,-120.7567673,2136,1.3,11.7,-6.7,18.4,1156,420,9.8,27.8,997,609,6063,5,136,165,268,103,882,-39.4,27.8,13.6,374,87,72,89.23,147
2013,02-3090,2019,49.1461296,-120.7544632,2119,1.4,11.8,-6.6,18.4,1154,420,9.9,28.1,982,619,6032,6,137,164,268,104,872,-39.3,27.9,13.6,377,87,71,88.64,152
2013,12-2000,2019,49.13544082,-120.7637634,1954,2.3,12.8,-6.1,18.9,1113,407,11,31.4,860,740,5727,8,147,160,270,110,760,-38.7,29.1,13.7,404,98,70,80.56,217
2013,12-9554,2019,49.0820198,-120.9237823,1792,3.1,13.7,-5.4,19.1,1013,376,12.9,36.4,742,860,5429,11,160,152,273,121,598,-37.7,30,13.7,460,124,70,67.38,285
2013,12-9555,2019,49.16053009,-120.76474,1876,2.7,13.2,-5.8,19,1151,421,11,31.4,803,798,5580,10,151,158,270,113,734,-38.4,29.5,13.7,416,103,70,82.33,250
2013,14-4318,2019,49.10192108,-120.7574768,1956,2.2,12.8,-6.1,18.9,1030,387,11.9,33.1,863,735,5737,7,147,159,270,110,702,-38.6,29,13.7,402,99,71,72.55,215
2013,14-4319,2019,49.10179138,-120.7552795,1890,2.6,13.2,-5.8,19,1027,386,12.2,34.1,812,785,5608,8,151,158,270,113,667,-38.3,29.5,13.7,413,103,70,70.54,243
2013,14-4320,2019,49.07690048,-120.7710724,1815,3,13.6,-5.4,19.1,929,352,14,38.8,745,846,5451,10,156,156,271,115,559,-38.1,30,13.8,467,148,69,58.39,278
2013,14-4323,2019,49.16270065,-120.7649994,1994,2.1,12.6,-6.2,18.8,1147,420,10.5,29.9,884,711,5794,7,145,160,269,109,792,-38.8,28.7,13.6,396,95,71,84.97,202
2013,14-4324,2019,49.16270065,-120.7649002,1988,2.1,12.6,-6.2,18.8,1146,420,10.6,30,880,716,5783,7,145,160,270,109,788,-38.8,28.8,13.7,397,95,71,84.72,204
2013,14-4325,2019,49.15930175,-120.7705002,1981,2.1,12.6,-6.2,18.7,1176,428,10.3,29.4,879,715,5781,7,145,161,269,109,811,-38.8,28.8,13.7,398,94,71,87.62,203
2013,14-4326,2019,49.1603012,-120.7731018,2030,1.9,12.3,-6.3,18.6,1177,428,10.1,28.6,915,678,5873,7,142,162,269,107,838,-39,28.5,13.6,390,90,71,89.01,183
2013,14-4361,2019,49.15879821,-120.7743988,2093,1.6,11.9,-6.5,18.4,1182,430,9.8,27.7,961,633,5987,6,138,163,268,105,875,-39.3,28,13.6,379,87,71,91.05,159
2013,14-4382,2019,49.1646614,-120.7790527,2197,1,11.3,-6.9,18.1,1186,431,9.3,26.2,1048,563,6185,5,132,166,267,101,933,-39.7,27.3,13.5,362,83,72,93.81,124
2013,14-4383,2019,49.15822982,-120.7749863,2106,1.5,11.8,-6.5,18.4,1183,430,9.7,27.5,970,624,6010,6,138,164,268,104,883,-39.3,27.9,13.6,377,87,71,91.44,154
2013,14-4384,2019,49.15280151,-120.7717896,2062,1.7,12.1,-6.5,18.6,1174,427,10,28.4,942,656,5934,6,140,163,268,106,858,-39.1,28.3,13.6,385,89,71,89.51,171
2013,14-4385,2019,49.16463088,-120.7775726,2217,0.9,11.2,-6.9,18.1,1188,431,9.2,25.9,1065,550,6221,5,131,166,267,101,946,-39.8,27.1,13.5,358,83,72,94.41,118
2013,14-4386,2019,49.10020828,-120.7596817,2009,2,12.5,-6.3,18.8,1029,386,11.6,32.4,904,696,5838,7,144,161,269,108,728,-38.8,28.6,13.6,393,95,71,73.78,193
2013,14-4387,2019,49.09149169,-120.7733994,1955,2.3,12.9,-6,18.9,1009,374,12.2,34.4,856,743,5721,7,148,159,270,111,689,-38.5,29.1,13.7,403,104,71,70.22,219
2013,14-4388,2019,49.06903839,-120.7620316,1624,3.7,14.6,-5.5,20.1,880,343,15.6,42.6,676,981,5193,16,164,152,272,120,464,-37.6,31.2,13.9,504,185,68,48.32,354
2013,14-4573,2019,49.07849884,-120.9320297,1590,4,14.7,-4.8,19.5,1003,374,14,39.4,629,1017,5088,17,171,147,275,128,499,-37,31.3,13.8,495,150,69,61.16,373
2013,14-4577,2019,49.14511871,-120.7613602,2052,1.8,12.2,-6.4,18.6,1156,421,10.2,29,930,665,5909,6,141,163,268,106,839,-39.1,28.4,13.6,387,91,71,87.3,176
2013,14-4585,2019,49.07535934,-120.7685013,1752,3.3,14,-5.2,19.2,911,348,14.6,40.2,706,892,5345,12,159,154,271,117,518,-37.9,30.4,13.8,479,162,69,54.86,304
2013,14-4587,2019,49.0782814,-120.917923,1679,3.6,14.3,-5.1,19.3,998,373,13.6,38.3,674,944,5238,14,165,150,274,123,535,-37.4,30.7,13.8,482,141,69,62.66,333
2013,14-4588,2019,49.0820198,-120.9236526,1792,3.1,13.7,-5.4,19.1,1013,376,12.9,36.4,742,861,5429,11,160,152,273,121,598,-37.7,30,13.7,460,124,70,67.37,285
2013,19JCG13,2019,49.11692047,-120.6429367,1080,6.2,17.8,-4.4,22.3,710,310,22.9,57.5,472,1525,4335,70,195,138,276,138,222,-35.6,35,14.2,667,289,65,14.16,697
2013,19JCG15,2019,49.11320114,-120.6441498,1046,6.4,18,-4.4,22.4,714,311,23,57.9,460,1562,4276,76,197,137,276,139,217,-35.5,35.3,14.2,675,294,65,13.45,722
2013,19JCG18,2019,49.11236953,-120.6519089,1088,6.2,17.8,-4.5,22.2,712,310,22.7,57.3,475,1515,4354,68,194,138,276,138,225,-35.7,35,14.2,665,288,65,14.75,690
2014,MP 291,1976,49.03950881,-120.8720016,1308,4.9,16.6,-6,22.6,1234,210,12.1,79,638,1296,4787,41,189,141,272,132,442,-37,33.2,14,592,270,68,75.43,539
2014,MP 292,1976,49.03998947,-120.8811035,1277,5,16.8,-5.9,22.7,1250,214,12,78.4,636,1320,4759,43,190,140,273,133,442,-36.9,33.4,14,597,270,68,76.42,554
2014,MP 293,1976,49.04455947,-120.8516998,1259,5.2,16.9,-5.8,22.7,1183,201,12.8,84.2,608,1350,4695,47,191,140,273,133,406,-36.9,33.6,14.1,606,290,67,68.47,572
2014,MP 294,1976,49.11808013,-120.8660965,1402,4.5,16.2,-6.4,22.6,1220,203,11.9,79.8,670,1218,4910,33,185,143,272,129,475,-37.2,32.6,14,544,262,69,76.46,491
2014,MP 295,1976,49.11931991,-120.8755035,1353,4.7,16.4,-6.3,22.7,1221,204,12,80.5,670,1260,4865,37,187,142,272,130,469,-37.1,33,14,554,269,69,75.35,518
2014,MP 296,1976,49.12162017,-120.8731003,1381,4.6,16.3,-6.4,22.7,1222,204,11.9,79.7,670,1238,4889,35,186,142,272,130,473,-37.1,32.7,14,548,264,69,76.12,503
2014,MP 299,1976,49.04080963,-120.8787003,1311,4.9,16.6,-6,22.6,1246,213,11.9,77.9,644,1291,4800,40,189,141,272,132,449,-37,33.2,14,590,266,69,76.96,535
2014,MP 281,1976,49.10832977,-120.7583008,1921,2.5,13.6,-8.2,21.7,1402,222,8.9,61.1,870,823,5626,10,160,154,267,113,712,-38.4,29.3,13.7,450,165,72,107.82,267
2014,MP 285,1976,49.07500076,-120.7750015,1481,4.4,15.9,-6.6,22.6,1157,184,12.4,86.8,664,1166,4955,29,181,145,270,125,470,-37.2,32.1,14,539,277,68,70.86,459
2014,MP 286,1976,49.07500076,-120.7750015,1326,5,16.7,-6.2,23,1117,179,13.4,93.4,619,1304,4754,41,188,142,271,129,416,-36.8,33.1,14.1,601,308,67,62.34,540
2014,MP 287,1976,49.11643981,-120.8702011,1250,5,16.9,-6,23,1220,203,12.3,83.4,656,1344,4761,47,190,140,272,132,449,-37,33.7,14,605,288,68,72.4,571
2014,MP 288,1976,49.11574935,-120.8669968,1259,5,16.9,-6,22.9,1220,203,12.3,83.3,652,1337,4764,46,190,140,272,132,448,-37,33.6,14,603,287,68,72.63,566
2014,MP 289,1976,49.04022979,-120.8937988,1466,4.4,15.8,-6.4,22.2,1266,218,11.4,72.5,659,1158,4956,27,183,143,272,128,485,-37.2,32.1,13.9,529,234,69,82.99,455
2014,MP 290,1976,49.03955841,-120.8881989,1353,4.7,16.4,-6.2,22.5,1260,217,11.7,75.6,645,1255,4838,36,187,141,272,131,461,-37,32.9,14,552,255,69,79.46,513
2014,35079,1979,49.18056106,-120.9610977,770,7.5,19.7,-3.9,23.6,1204,202,14.6,97.9,411,1891,3931,149,228,124,286,162,286,-33,36.7,14,717,369,68,56.78,931
2014,35179,1979,49.08110809,-120.8127975,1210,5.4,17.2,-5.6,22.8,1111,184,13.8,93.3,588,1390,4629,52,193,139,272,133,378,-36.8,33.9,14.1,618,316,67,59.51,598
2014,35379,1979,49.08889007,-120.8139038,1210,5.2,17.2,-5.9,23.1,1139,189,13.4,90.9,613,1379,4671,50,192,139,272,132,398,-36.8,33.8,14.1,615,310,67,62.9,590
2014,SK93710,1993,49.21475894,-121.0660627,695,8.1,19.5,-2.8,22.3,1297,215,14,90.7,311,1932,3721,145,248,115,296,181,230,-30.2,35.9,13.5,680,319,71,70.41,942
2014,SK93711,1993,49.21441772,-121.0671746,686,8.2,19.5,-2.8,22.3,1297,215,14,90.9,307,1940,3708,147,249,114,297,182,227,-30.1,35.9,13.5,680,320,71,70.32,948
2014,SK93721,1993,49.21632862,-121.0684733,698,8.1,19.5,-2.8,22.3,1297,215,14,90.8,310,1925,3724,143,248,115,296,181,231,-30.2,35.8,13.5,678,318,71,70.59,937
2014,SK93722,1993,49.21739366,-121.0676078,698,8.1,19.5,-2.8,22.3,1298,215,13.9,90.7,312,1925,3728,143,248,115,296,181,232,-30.3,35.8,13.5,679,319,71,70.64,937
2014,SK93734,1993,49.19803638,-120.9928605,869,7.3,19,-3.8,22.9,1235,206,14,92.4,391,1785,3979,117,229,123,288,165,282,-32.6,35.5,13.8,677,326,69,65.11,850
2014,SK93735,1993,49.19748268,-120.9920592,869,7.3,19,-3.8,22.9,1234,206,14,92.5,392,1784,3981,117,228,123,288,165,283,-32.7,35.5,13.8,677,326,69,64.95,849
2014,SK93736,1993,49.20192025,-120.9885846,823,7.5,19.2,-3.7,22.9,1216,204,14.4,94.5,378,1828,3923,127,232,121,289,168,267,-32.3,35.7,13.8,684,334,69,62.21,878
2014,00NCc13,2000,49.22752855,-120.9627241,900,7,19,-4.4,23.4,1263,205,13.5,92.9,438,1759,4076,116,221,125,285,159,320,-33.6,35.6,13.9,672,332,68,67.33,840
2014,00NCe73,2000,49.12286895,-120.8200364,1455,4.2,15.8,-6.8,22.7,1242,202,11.4,78.3,723,1152,5044,27,180,145,269,124,521,-37.5,32.2,13.9,537,257,69,80.05,453
2014,00NCe74,2000,49.12958668,-120.8160951,1620,3.7,15,-7.2,22.2,1255,203,10.9,74.1,739,1034,5201,19,174,148,269,121,555,-37.8,31.1,13.9,505,229,70,85.48,380
2014,00NCe75,2000,49.13184343,-120.8212604,1750,3.4,14.4,-7.3,21.7,1252,203,10.7,71.1,740,948,5305,15,169,150,269,119,566,-37.9,30.3,13.8,479,208,70,88.24,334
2014,00NCe76,2000,49.12956482,-120.8230328,1665,3.6,14.8,-7.1,22,1243,203,11,73.3,734,1003,5226,17,173,149,269,121,549,-37.8,30.9,13.9,495,222,70,85.3,364
2014,00NCe77,2000,49.06956013,-120.905716,1470,4.3,15.8,-6.5,22.3,1279,218,11.2,72.6,675,1160,4974,27,183,143,272,129,500,-37.2,32.2,13.9,529,234,69,84.33,457
2014,00NCe78,2000,49.08614425,-120.9258513,1840,3,13.9,-7.4,21.3,1329,222,9.8,62.6,792,889,5445,12,169,149,271,123,612,-37.7,29.7,13.6,453,166,72,99.33,301
2014,00NCe79,2000,49.08811762,-120.9446303,1790,3.3,14.1,-7.2,21.3,1361,226,9.8,62.4,758,929,5351,13,174,146,273,127,609,-37.4,30,13.6,457,165,72,101.73,322
2014,00NCe82,2000,49.04462405,-120.9646257,1810,3.2,14,-7.2,21.2,1403,240,9.4,58.4,770,910,5390,13,172,147,272,125,629,-37.4,30,13.6,456,151,73,106.27,312
2014,00NCe83,2000,49.0409285,-120.9723988,1800,3.2,14,-7.2,21.2,1425,243,9.3,57.7,761,918,5369,13,173,147,272,126,635,-37.3,30,13.6,456,147,73,108.35,316
2014,00NCe84,2000,49.04042506,-120.9724193,685,8.8,20.1,-2.1,22.3,1422,243,13.2,83,265,2087,3515,182,244,112,297,185,217,-32.2,36.1,13.9,715,309,67,77.88,1048
2014,00NCe85,2000,49.03686803,-120.9645592,1705,3.7,14.6,-6.7,21.3,1406,240,9.7,60.7,706,993,5205,16,179,144,274,130,593,-37,30.6,13.6,473,165,72,104.13,356
2014,00NCe86,2000,49.04063959,-120.9800327,1745,3.5,14.3,-6.9,21.2,1430,244,9.4,58.7,727,962,5271,15,176,145,273,128,617,-37,30.3,13.6,465,154,72,107.44,339
2014,00NCe87,2000,49.03145849,-120.9420956,1820,3.1,14,-7.3,21.3,1301,224,10.1,62.1,783,898,5421,12,170,149,271,122,586,-37.5,30,13.6,457,167,72,96.09,306
2014,00NCe89,2000,49.05549669,-120.9155332,1725,3.6,14.5,-6.9,21.5,1278,219,10.6,66.4,718,977,5241,16,175,147,272,125,543,-37.4,30.5,13.7,477,190,71,90.84,348
2014,00NCe90,2000,49.06442921,-120.8922135,1325,4.8,16.5,-6.2,22.7,1266,217,11.7,76.3,659,1275,4836,39,188,141,272,131,469,-37,33.1,14,558,260,69,79.43,526
2014,00NCe91,2000,49.11667802,-120.8651929,1450,4.4,15.9,-6.5,22.4,1220,203,11.8,78.7,677,1178,4964,30,183,144,271,128,484,-37.3,32.3,13.9,534,254,69,77.73,467
2014,00NCe92,2000,49.12229155,-120.8690776,1665,3.7,14.9,-7,21.9,1224,204,11.2,72.8,729,1010,5213,18,174,147,271,124,531,-37.6,30.8,13.8,491,217,70,83.86,368
2014,00NCe93,2000,49.13832844,-120.8485222,1615,3.8,15.1,-7.1,22.2,1246,208,11,72.7,731,1049,5175,20,176,147,271,124,540,-37.6,31.1,13.8,502,221,70,84.83,390
2014,00NCe94,2000,49.1422333,-120.8451718,1565,3.9,15.4,-7.1,22.4,1247,208,11.1,73.8,736,1080,5145,22,177,146,270,124,537,-37.5,31.4,13.8,512,230,70,83.7,409
2014,00NCe95,2000,49.12585389,-120.8366702,1540,4,15.5,-6.8,22.3,1221,202,11.5,76.5,704,1097,5084,23,178,146,270,124,509,-37.6,31.7,13.9,519,243,69,79.99,419
2014,114791,2007,49.1638298,-120.7723007,2225,1,11.7,-9.6,21.3,1577,245,7,47.8,1084,599,6185,4,141,162,262,101,889,-39.7,27.1,13.5,358,100,74,132.56,146
2014,114792,2007,49.16588973,-120.7787018,2225,0.9,11.7,-9.6,21.3,1586,247,6.9,47.2,1089,594,6197,4,140,162,262,100,895,-39.8,27.1,13.5,359,100,74,133.52,143
2014,114793,2007,49.16717147,-120.7802963,2200,1.1,11.8,-9.5,21.3,1575,246,7,48,1068,611,6149,4,141,162,262,100,881,-39.7,27.3,13.5,363,103,73,131.88,152
2014,114794,2007,49.16852951,-120.7815018,2145,1.4,12.1,-9.3,21.4,1555,244,7.3,49.7,1026,649,6045,5,145,161,263,102,855,-39.5,27.6,13.5,372,112,73,128.57,172
2014,114795,2007,49.16878128,-120.781601,2140,1.4,12.2,-9.2,21.4,1552,244,7.3,49.9,1023,653,6035,5,145,161,263,103,852,-39.5,27.7,13.5,373,113,73,128.17,173
2014,114796,2007,49.17169952,-120.7848969,2100,1.6,12.4,-9.1,21.5,1521,241,7.6,51.6,998,682,5966,6,148,159,264,104,824,-39.3,28,13.6,380,122,73,124.1,189
2014,114797,2007,49.17219924,-120.7894974,2125,1.5,12.3,-9.2,21.4,1516,240,7.6,51.2,1015,665,6010,6,146,160,263,103,829,-39.4,27.8,13.5,376,119,73,124.14,180
2014,12-1929,2015,49.20005416,-120.9982758,906,7.2,18.9,-4,22.9,1251,210,13.7,90.2,404,1755,4024,111,227,124,288,164,295,-32.6,35.4,13.8,672,318,69,67.4,831
2014,02-3085,2019,49.14056015,-120.7638931,2044,1.9,12.8,-8.8,21.6,1554,239,7.6,53.6,955,727,5854,7,151,158,265,106,826,-39,28.4,13.6,391,130,72,125.9,214
2014,02-3087,2019,49.1199913,-120.752121,1874,2.8,13.9,-7.9,21.8,1419,223,9,62.1,835,864,5531,11,163,154,268,114,702,-38.3,29.6,13.7,461,173,71,107.95,289
2014,02-3088,2019,49.13434982,-120.7645264,1928,2.5,13.5,-8.2,21.7,1493,231,8.4,58.4,876,819,5636,10,159,155,267,112,756,-38.5,29.3,13.7,451,156,72,116.9,264
2014,02-3089,2019,49.14989852,-120.7567673,2136,1.4,12.3,-9.2,21.5,1559,240,7.3,51.2,1020,661,6023,5,146,161,263,103,860,-39.4,27.8,13.6,376,117,73,128.59,178
2014,02-3090,2019,49.1461296,-120.7544632,2119,1.5,12.4,-9.1,21.5,1559,240,7.4,51.6,1007,672,5991,6,147,160,264,103,853,-39.3,27.9,13.6,378,119,73,128.13,184
2014,12-2000,2019,49.13544082,-120.7637634,1954,2.3,13.3,-8.4,21.7,1507,233,8.2,57.3,893,798,5684,9,157,156,266,111,771,-38.7,29.1,13.7,406,150,72,118.88,253
2014,12-9554,2019,49.0820198,-120.9237823,1792,3.2,14.1,-7.3,21.4,1320,221,10,63.8,771,920,5379,13,171,148,271,123,595,-37.7,30,13.6,463,175,72,97.18,318
2014,12-9555,2019,49.16053009,-120.76474,1876,2.7,13.8,-8,21.8,1536,240,8.3,57.3,840,858,5544,11,162,154,268,114,758,-38.4,29.5,13.7,460,154,71,119.85,286
2014,14-4318,2019,49.10192108,-120.7574768,1956,2.3,13.3,-8.3,21.7,1396,219,8.8,60.8,895,793,5693,9,158,155,267,111,719,-38.6,29,13.6,403,162,72,108.16,251
2014,14-4319,2019,49.10179138,-120.7552795,1890,2.7,13.7,-8,21.7,1392,219,9.1,62.7,848,845,5570,10,162,154,268,114,695,-38.3,29.5,13.7,455,172,72,106.07,279
2014,14-4320,2019,49.07690048,-120.7710724,1815,3.1,14.2,-7.6,21.7,1249,194,10.5,73,783,908,5410,13,167,152,269,117,589,-38.1,30,13.8,471,210,71,89.38,313
2014,14-4323,2019,49.16270065,-120.7649994,1994,2.2,13.1,-8.5,21.7,1528,240,8,54.8,917,769,5749,8,155,156,266,110,792,-38.8,28.7,13.6,398,136,72,122.12,237
2014,14-4324,2019,49.16270065,-120.7649002,1988,2.2,13.2,-8.5,21.7,1527,239,8,55,913,774,5739,8,156,156,266,110,790,-38.8,28.8,13.6,399,137,72,121.83,239
2014,14-4325,2019,49.15930175,-120.7705002,1981,2.2,13.1,-8.5,21.6,1574,245,7.7,53.6,911,773,5736,8,155,157,266,109,813,-38.8,28.8,13.6,400,132,72,126.48,239
2014,14-4326,2019,49.1603012,-120.7731018,2030,1.9,12.8,-8.7,21.5,1574,245,7.6,52.3,944,734,5832,7,152,158,265,107,829,-39,28.5,13.6,391,125,72,127.77,217
2014,14-4361,2019,49.15879821,-120.7743988,2093,1.6,12.5,-9,21.4,1584,246,7.3,50.6,986,687,5945,6,148,159,264,105,854,-39.3,28,13.6,380,116,73,130.26,192
2014,14-4382,2019,49.1646614,-120.7790527,2197,1.1,11.8,-9.5,21.3,1583,247,7,48,1066,613,6144,5,142,162,262,101,885,-39.7,27.3,13.5,363,103,73,132.61,153
2014,14-4383,2019,49.15822982,-120.7749863,2106,1.6,12.4,-9,21.4,1585,247,7.3,50.2,995,677,5969,6,147,160,264,104,859,-39.3,27.9,13.6,378,114,73,130.74,186
2014,14-4384,2019,49.15280151,-120.7717896,2062,1.8,12.7,-8.9,21.5,1579,244,7.5,51.8,969,711,5893,6,150,159,265,106,844,-39.1,28.3,13.6,386,122,73,128.95,205
2014,14-4385,2019,49.16463088,-120.7775726,2217,1,11.7,-9.6,21.3,1587,247,6.9,47.5,1081,600,6180,4,141,162,262,100,892,-39.8,27.1,13.5,360,101,74,133.41,146
2014,14-4386,2019,49.10020828,-120.7596817,2009,2,13,-8.6,21.6,1394,219,8.6,59.5,933,753,5790,8,154,157,266,109,735,-38.8,28.6,13.6,394,154,73,109.38,228
2014,14-4387,2019,49.09149169,-120.7733994,1955,2.4,13.4,-8.3,21.6,1367,212,9,63.2,888,801,5675,9,159,155,267,112,698,-38.5,29.1,13.6,404,170,72,105.11,255
2014,14-4388,2019,49.06903839,-120.7620316,1624,3.8,15.2,-7,22.1,1174,186,11.8,81.4,715,1050,5153,20,175,148,270,122,509,-37.6,31.2,13.9,508,249,69,76.9,389
2014,14-4573,2019,49.07849884,-120.9320297,1590,4.1,15.2,-6.5,21.7,1306,221,10.8,68.6,661,1088,5040,21,183,142,275,132,522,-37,31.3,13.7,498,204,70,90.67,409
2014,14-4577,2019,49.14511871,-120.7613602,2052,1.8,12.7,-8.8,21.6,1561,240,7.6,53,958,720,5867,7,151,159,265,106,832,-39.1,28.4,13.6,389,127,72,126.81,210
2014,14-4585,2019,49.07535934,-120.7685013,1752,3.4,14.5,-7.3,21.8,1220,190,11,76.2,745,955,5303,15,170,150,270,119,558,-37.9,30.4,13.8,483,224,70,84.7,338
2014,14-4587,2019,49.0782814,-120.917923,1679,3.7,14.7,-6.9,21.6,1301,219,10.6,67.2,705,1007,5186,17,176,146,272,127,548,-37.4,30.7,13.8,485,195,70,92.09,364
2014,14-4588,2019,49.0820198,-120.9236526,1792,3.2,14.1,-7.3,21.4,1320,221,10,63.8,771,920,5379,13,171,148,271,123,595,-37.7,30,13.6,463,175,72,97.16,318
2014,19JCG13,2019,49.11692047,-120.6429367,1080,6.3,18.4,-5.2,23.6,905,173,18,106.7,507,1604,4318,86,204,134,277,142,263,-35.6,35,14.2,656,373,66,32.78,740
2014,19JCG15,2019,49.11320114,-120.6441498,1046,6.5,18.6,-5,23.6,913,173,18,107.5,493,1641,4257,93,206,134,277,144,258,-35.5,35.3,14.2,664,379,66,32.45,765
2014,19JCG18,2019,49.11236953,-120.6519089,1088,6.3,18.4,-5.2,23.6,911,172,17.9,106.4,509,1594,4331,83,204,135,277,142,266,-35.7,35,14.2,654,371,66,33.69,733
2015,MP 291,1976,49.03950881,-120.8720016,1308,6,16.3,-5.6,21.9,885,140,18.1,116.4,478,1433,4392,44,203,141,258,117,294,-37,33.2,14.1,652,392,68,34.16,614
2015,MP 292,1976,49.03998947,-120.8811035,1277,6.1,16.5,-5.6,22.1,897,143,18,115.5,478,1459,4365,47,204,140,258,117,297,-36.9,33.4,14.1,658,394,68,34.68,631
2015,MP 293,1976,49.04455947,-120.8516998,1259,6.3,16.6,-5.2,21.8,847,134,19.3,124.1,453,1491,4291,50,205,140,258,118,272,-36.9,33.6,14.2,667,411,67,28.11,651
2015,MP 294,1976,49.11808013,-120.8660965,1402,5.7,15.9,-5.4,21.2,882,138,17.8,114.6,493,1341,4508,35,198,143,257,114,301,-37.2,32.6,14.1,631,378,68,36.8,557
2015,MP 295,1976,49.11931991,-120.8755035,1353,5.8,16.1,-5.6,21.7,884,139,17.9,115.5,496,1390,4464,39,200,142,257,115,301,-37.1,33,14.1,642,387,68,35.54,587
2015,MP 296,1976,49.12162017,-120.8731003,1381,5.8,16,-5.4,21.4,884,140,17.8,114.4,495,1361,4487,37,199,142,257,115,301,-37.1,32.7,14.1,635,381,68,36.38,571
2015,MP 299,1976,49.04080963,-120.8787003,1311,6,16.3,-5.6,21.9,895,142,17.9,114.8,483,1427,4405,43,203,141,257,116,299,-37,33.2,14.1,650,389,68,35.47,610
2015,MP 281,1976,49.10832977,-120.7583008,1921,3.7,13.2,-5.6,18.7,995,148,13.8,89,639,897,5207,10,173,154,253,99,440,-38.4,29.3,13.8,510,280,71,62.1,289
2015,MP 285,1976,49.07500076,-120.7750015,1481,5.6,15.6,-4.9,20.5,810,124,19.2,125.6,482,1291,4544,30,195,145,255,110,270,-37.2,32.1,14.1,624,389,68,30.45,522
2015,MP 286,1976,49.07500076,-120.7750015,1326,6.2,16.4,-4.9,21.2,778,121,20.8,134.9,451,1439,4349,44,203,142,256,114,240,-36.8,33.1,14.2,659,421,67,22.23,616
2015,MP 287,1976,49.11643981,-120.8702011,1250,6.1,16.6,-5.8,22.4,883,139,18.3,119.9,491,1482,4353,50,204,140,257,117,298,-37,33.7,14.1,665,408,68,32.15,648
2015,MP 288,1976,49.11574935,-120.8669968,1259,6.1,16.6,-5.7,22.3,882,138,18.3,119.9,487,1474,4362,49,204,141,257,116,296,-37,33.6,14.1,663,406,68,32.36,643
2015,MP 289,1976,49.04022979,-120.8937988,1466,5.5,15.5,-5.1,20.6,910,145,17.1,106.9,485,1283,4557,30,196,143,257,113,308,-37.2,32.1,14,616,356,68,41.69,518
2015,MP 290,1976,49.03955841,-120.8881989,1353,5.9,16.1,-5.3,21.4,906,144,17.5,111.5,481,1387,4443,39,201,141,257,116,302,-37,32.9,14.1,641,378,68,37.89,585
2015,35079,1979,49.18056106,-120.9610977,770,8.7,19.5,-3.2,22.7,885,142,21.1,137.1,296,2069,3547,169,248,125,273,147,178,-33,36.7,14.1,771,494,67,17.45,1035
2015,35179,1979,49.08110809,-120.8127975,1210,6.5,16.9,-5.1,21.9,788,124,21,135.6,433,1535,4221,56,207,140,258,118,239,-36.8,33.9,14.2,679,433,66,20.52,679
2015,35379,1979,49.08889007,-120.8139038,1210,6.4,16.8,-5.2,22,813,127,20.2,131.9,453,1521,4263,54,207,140,257,117,259,-36.8,33.8,14.2,675,428,67,23.66,671
2015,SK93710,1993,49.21475894,-121.0660627,695,9.3,19.3,-1.3,20.6,964,150,20,128.3,212,2117,3339,162,271,116,286,170,130,-30.2,35.9,13.7,745,452,70,29.68,1043
2015,SK93711,1993,49.21441772,-121.0671746,686,9.3,19.3,-1.3,20.6,964,150,20,128.6,209,2126,3326,164,272,115,286,171,128,-30.1,35.9,13.7,746,453,70,29.58,1049
2015,SK93721,1993,49.21632862,-121.0684733,698,9.2,19.3,-1.3,20.6,964,150,20,128.1,211,2111,3342,160,271,116,286,170,130,-30.2,35.8,13.7,744,451,70,29.9,1038
2015,SK93722,1993,49.21739366,-121.0676078,698,9.2,19.3,-1.3,20.6,965,151,19.9,127.9,212,2110,3346,160,271,116,286,170,131,-30.3,35.8,13.7,744,451,70,29.94,1039
2015,SK93734,1993,49.19803638,-120.9928605,869,8.5,18.8,-2.5,21.3,912,144,20.3,130.6,274,1954,3596,131,249,125,276,151,169,-32.6,35.5,13.9,730,454,68,25.63,948
2015,SK93735,1993,49.19748268,-120.9920592,869,8.5,18.8,-2.6,21.3,911,143,20.3,130.8,274,1954,3598,131,249,125,275,151,169,-32.7,35.5,13.9,731,455,68,25.46,948
2015,SK93736,1993,49.20192025,-120.9885846,823,8.7,19,-2.4,21.3,900,143,20.7,132.8,263,2002,3539,142,253,123,277,154,158,-32.3,35.7,13.9,748,462,68,23.33,980
2015,00NCc13,2000,49.22752855,-120.9627241,900,8.2,18.7,-3.1,21.9,937,146,19.4,128.7,309,1923,3689,129,241,127,272,144,203,-33.6,35.6,14,736,458,67,27.64,936
2015,00NCe73,2000,49.12286895,-120.8200364,1455,5.3,15.5,-5.8,21.3,894,138,17.1,112,536,1275,4633,29,193,145,254,109,331,-37.5,32.2,14.1,622,372,69,39.66,514
2015,00NCe74,2000,49.12958668,-120.8160951,1620,4.9,14.7,-5.3,20,904,139,16.4,105.7,539,1137,4786,20,186,148,254,106,344,-37.8,31.1,14,587,341,69,45.13,431
2015,00NCe75,2000,49.13184343,-120.8212604,1750,4.6,14.1,-4.9,18.9,902,139,16.2,101,533,1043,4891,15,182,150,255,105,343,-37.9,30.3,13.9,561,316,69,48.03,374
2015,00NCe76,2000,49.12956482,-120.8230328,1665,4.8,14.5,-5.2,19.7,895,139,16.5,104.2,533,1107,4812,18,185,148,255,106,336,-37.8,30.9,14,578,332,69,45.23,413
2015,00NCe77,2000,49.06956013,-120.905716,1470,5.5,15.5,-5.2,20.8,924,147,16.8,105.6,498,1284,4574,30,196,143,257,114,317,-37.2,32.2,14,615,353,69,43.13,519
2015,00NCe78,2000,49.08614425,-120.9258513,1840,4.2,13.6,-5.1,18.7,964,150,14.7,90.8,582,971,5042,12,182,148,257,109,379,-37.7,29.7,13.7,516,278,71,57.72,331
2015,00NCe79,2000,49.08811762,-120.9446303,1790,4.4,13.9,-4.9,18.8,989,154,14.6,90.2,554,1017,4950,14,186,146,259,113,376,-37.4,30,13.7,521,277,72,59.4,358
2015,00NCe82,2000,49.04462405,-120.9646257,1810,4.3,13.8,-5,18.8,1017,161,14.1,85.6,567,996,4993,13,184,147,257,110,394,-37.4,30,13.7,520,267,72,62.57,346
2015,00NCe83,2000,49.0409285,-120.9723988,1800,4.3,13.8,-5,18.8,1034,164,13.9,84.5,561,1006,4973,13,185,146,258,111,397,-37.3,30,13.7,521,263,72,64.11,351
2015,00NCe84,2000,49.04042506,-120.9724193,685,9.9,19.9,-1,20.9,1032,163,19.3,122.1,184,2290,3147,213,265,114,286,172,107,-32.2,36.1,14,784,449,66,30.55,1158
2015,00NCe85,2000,49.03686803,-120.9645592,1705,4.8,14.3,-4.7,19,1019,161,14.5,89.1,517,1093,4805,17,192,144,260,116,366,-37,30.6,13.8,554,283,71,60.09,403
2015,00NCe86,2000,49.04063959,-120.9800327,1745,4.6,14.1,-4.8,18.9,1038,164,14.1,86.1,534,1057,4876,15,189,145,259,114,383,-37,30.3,13.7,546,272,71,63.06,381
2015,00NCe87,2000,49.03145849,-120.9420956,1820,4.2,13.7,-5.2,18.9,940,150,15.1,91.2,579,984,5024,13,182,148,256,108,370,-37.5,30,13.7,520,280,72,54.96,339
2015,00NCe89,2000,49.05549669,-120.9155332,1725,4.7,14.3,-4.8,19.1,923,147,15.9,96.9,524,1075,4834,16,187,146,258,111,335,-37.4,30.5,13.9,559,304,70,50.09,392
2015,00NCe90,2000,49.06442921,-120.8922135,1325,5.9,16.2,-5.6,21.9,912,145,17.4,111.9,493,1408,4440,41,202,141,257,116,308,-37,33.1,14.1,646,383,68,37.81,600
2015,00NCe91,2000,49.11667802,-120.8651929,1450,5.5,15.6,-5.3,20.9,882,138,17.6,113,497,1299,4557,31,196,144,257,113,303,-37.3,32.3,14.1,621,369,68,38.16,529
2015,00NCe92,2000,49.12229155,-120.8690776,1665,4.8,14.5,-5.1,19.6,885,139,16.8,104.4,529,1112,4802,19,187,147,256,109,324,-37.6,30.8,13.9,574,327,69,44.63,417
2015,00NCe93,2000,49.13832844,-120.8485222,1615,4.9,14.8,-5.2,20,899,143,16.6,103.5,531,1151,4762,21,188,147,256,109,328,-37.6,31.1,13.9,584,334,69,44.83,440
2015,00NCe94,2000,49.1422333,-120.8451718,1565,5,15,-5.5,20.5,900,143,16.7,105,539,1191,4730,23,190,146,255,109,330,-37.5,31.4,14,596,344,69,43.58,461
2015,00NCe95,2000,49.12585389,-120.8366702,1540,5.2,15.1,-5.3,20.4,879,138,17.3,109.7,514,1213,4671,24,191,146,255,109,311,-37.6,31.7,14,604,356,68,40.29,473
2015,114791,2007,49.1638298,-120.7723007,2225,2.2,11.3,-6.5,17.8,1136,165,10.7,68.6,820,643,5768,5,152,161,248,87,598,-39.7,27.1,13.6,385,198,73,83.98,145
2015,114792,2007,49.16588973,-120.7787018,2225,2.1,11.3,-6.5,17.8,1143,166,10.6,67.7,824,639,5780,4,152,162,248,86,603,-39.8,27.1,13.6,386,197,73,84.7,142
2015,114793,2007,49.16717147,-120.7802963,2200,2.3,11.4,-6.4,17.8,1135,166,10.8,68.7,806,657,5731,5,153,161,248,87,590,-39.7,27.3,13.6,390,202,73,83.27,152
2015,114794,2007,49.16852951,-120.7815018,2145,2.5,11.7,-6.2,17.9,1121,165,11.2,71.1,769,700,5628,5,157,160,249,89,562,-39.5,27.6,13.7,400,211,72,80.43,174
2015,114795,2007,49.16878128,-120.781601,2140,2.6,11.8,-6.2,18,1119,165,11.2,71.4,765,704,5618,5,157,160,249,89,559,-39.5,27.7,13.7,400,212,72,80.11,176
2015,114796,2007,49.17169952,-120.7848969,2100,2.8,12,-6.1,18.1,1097,163,11.6,73.6,744,736,5549,6,160,159,249,90,536,-39.3,28,13.7,407,221,72,76.93,194
2015,114797,2007,49.17219924,-120.7894974,2125,2.6,11.9,-6.2,18.1,1094,163,11.6,73,759,717,5593,6,158,159,249,89,543,-39.4,27.8,13.7,403,218,72,77.19,184
2015,12-1929,2015,49.20005416,-120.9982758,906,8.3,18.6,-2.6,21.2,925,146,19.8,127.6,283,1920,3642,124,247,126,275,149,180,-32.6,35.4,13.9,725,448,68,27.72,927
2015,02-3085,2019,49.14056015,-120.7638931,2044,3.1,12.4,-5.9,18.3,1115,160,11.7,77.7,708,787,5438,7,164,158,250,93,533,-39,28.4,13.7,418,235,72,77.17,223
2015,02-3087,2019,49.1199913,-120.752121,1874,4,13.4,-5.3,18.8,1011,149,13.8,90.2,608,943,5112,12,175,153,253,100,431,-38.3,29.6,13.8,522,290,70,62.17,316
2015,02-3088,2019,49.13434982,-120.7645264,1928,3.7,13.1,-5.6,18.7,1072,155,12.7,84.7,642,891,5217,10,172,155,252,98,476,-38.5,29.3,13.8,511,273,71,69.77,285
2015,02-3089,2019,49.14989852,-120.7567673,2136,2.6,11.8,-6.2,18.1,1119,160,11.3,74,764,713,5605,6,158,160,249,89,564,-39.4,27.8,13.7,403,220,72,79.84,181
2015,02-3090,2019,49.1461296,-120.7544632,2119,2.7,11.9,-6.2,18.1,1118,160,11.4,74.7,752,726,5573,6,159,160,249,90,557,-39.3,27.9,13.7,405,222,72,79.34,188
2015,12-2000,2019,49.13544082,-120.7637634,1954,3.5,12.9,-5.6,18.6,1081,156,12.5,83.1,656,867,5269,9,170,155,252,97,488,-38.7,29.1,13.8,506,267,71,71.39,271
2015,12-9554,2019,49.0820198,-120.9237823,1792,4.3,13.9,-5,18.9,957,150,15,92.6,565,1008,4976,13,183,148,257,109,367,-37.7,30,13.8,527,287,71,55.74,354
2015,12-9555,2019,49.16053009,-120.76474,1876,3.9,13.4,-5.3,18.7,1105,162,12.6,82.6,610,935,5123,12,175,153,253,100,468,-38.4,29.5,13.8,521,272,70,71.76,311
2015,14-4318,2019,49.10192108,-120.7574768,1956,3.5,12.9,-5.7,18.6,991,147,13.6,88.2,660,863,5280,9,170,155,252,97,449,-38.6,29,13.7,503,275,71,62.73,269
2015,14-4319,2019,49.10179138,-120.7552795,1890,3.8,13.3,-5.4,18.8,989,146,14,91,620,922,5152,12,175,153,253,100,427,-38.3,29.5,13.8,516,287,71,60.7,304
2015,14-4320,2019,49.07690048,-120.7710724,1815,4.3,13.8,-5.1,18.8,883,131,16.2,105.5,568,997,4995,13,180,151,255,103,351,-38.1,30,13.9,533,318,70,47.75,348
2015,14-4323,2019,49.16270065,-120.7649994,1994,3.4,12.7,-5.7,18.4,1100,162,12.1,78.7,674,832,5335,8,167,156,252,96,502,-38.8,28.7,13.7,496,251,71,74.48,250
2015,14-4324,2019,49.16270065,-120.7649002,1988,3.4,12.8,-5.7,18.4,1099,161,12.2,79,670,837,5324,8,168,156,252,96,500,-38.8,28.8,13.8,498,252,71,74.21,253
2015,14-4325,2019,49.15930175,-120.7705002,1981,3.4,12.7,-5.7,18.4,1132,165,11.8,77.3,670,837,5323,8,168,156,252,96,515,-38.8,28.8,13.8,499,250,71,77.39,253
2015,14-4326,2019,49.1603012,-120.7731018,2030,3.1,12.4,-5.8,18.3,1133,165,11.6,75.3,698,793,5415,7,164,157,251,93,531,-39,28.5,13.7,419,230,71,78.78,227
2015,14-4361,2019,49.15879821,-120.7743988,2093,2.8,12.1,-6,18.1,1139,165,11.3,72.8,734,742,5528,6,160,159,250,91,554,-39.3,28,13.7,408,219,72,81.03,197
2015,14-4382,2019,49.1646614,-120.7790527,2197,2.3,11.4,-6.4,17.8,1141,166,10.8,68.8,804,660,5727,5,153,161,248,87,592,-39.7,27.3,13.6,390,202,73,83.74,153
2015,14-4383,2019,49.15822982,-120.7749863,2106,2.8,12,-6.1,18,1141,166,11.2,72.4,741,731,5552,6,159,159,250,91,559,-39.3,27.9,13.7,406,217,72,81.46,191
2015,14-4384,2019,49.15280151,-120.7717896,2062,3,12.3,-6,18.2,1134,163,11.4,74.9,720,768,5476,7,162,158,250,92,546,-39.1,28.3,13.7,414,226,72,79.74,212
2015,14-4385,2019,49.16463088,-120.7775726,2217,2.2,11.3,-6.5,17.8,1143,166,10.7,68.1,818,645,5763,5,152,162,248,86,600,-39.8,27.1,13.6,387,199,73,84.53,146
2015,14-4386,2019,49.10020828,-120.7596817,2009,3.2,12.6,-5.9,18.5,990,146,13.4,86.3,693,816,5380,8,167,156,251,95,466,-38.8,28.6,13.7,450,251,72,64.05,241
2015,14-4387,2019,49.09149169,-120.7733994,1955,3.5,13,-5.6,18.6,976,143,13.9,91.3,655,871,5258,9,171,154,253,99,441,-38.5,29.1,13.7,503,280,72,61.06,274
2015,14-4388,2019,49.06903839,-120.7620316,1624,5,14.8,-5.1,19.9,822,126,18.3,117.6,519,1157,4738,21,189,148,256,108,293,-37.6,31.2,14,590,358,69,36.37,442
2015,14-4573,2019,49.07849884,-120.9320297,1590,5.3,14.9,-4.4,19.3,946,149,16.2,99.8,477,1194,4636,23,196,143,260,117,319,-37,31.3,13.9,582,321,69,49.17,461
2015,14-4577,2019,49.14511871,-120.7613602,2052,3,12.3,-5.9,18.3,1120,160,11.6,76.9,710,779,5450,7,163,158,250,92,536,-39.1,28.4,13.7,416,232,72,77.9,219
2015,14-4585,2019,49.07535934,-120.7685013,1752,4.6,14.1,-4.8,19,860,129,17,109.9,537,1051,4883,15,183,150,255,105,325,-37.9,30.4,13.9,546,331,69,43.63,381
2015,14-4587,2019,49.0782814,-120.917923,1679,4.9,14.5,-4.7,19.1,942,148,15.8,97.5,512,1108,4782,18,189,146,258,112,335,-37.4,30.7,13.9,567,310,70,50.9,413
2015,14-4588,2019,49.0820198,-120.9236526,1792,4.3,13.9,-5,18.9,957,150,15,92.7,565,1008,4976,13,183,148,257,109,367,-37.7,30,13.8,527,287,71,55.73,354
2015,19JCG13,2019,49.11692047,-120.6429367,1080,7.5,18,-4,21.9,651,116,26.9,154.4,359,1762,3908,95,222,136,263,127,164,-35.6,35,14.3,726,487,66,0.7,831
2015,19JCG15,2019,49.11320114,-120.6441498,1046,7.7,18.2,-3.9,22.1,657,116,26.9,156,350,1803,3853,104,224,135,264,129,161,-35.5,35.3,14.3,735,493,65,0.06,859
2015,19JCG18,2019,49.11236953,-120.6519089,1088,7.5,17.9,-4,21.9,655,116,26.7,154.1,362,1752,3921,93,221,136,263,127,167,-35.7,35,14.3,724,484,66,1.39,824
2016,MP 291,1976,49.03950881,-120.8720016,1308,5,15.5,-9,24.5,1020,178,14.7,87.2,591,1230,4735,22,202,135,262,126,410,-37,33.2,13.8,608,339,70,55.23,445
2016,MP 292,1976,49.03998947,-120.8811035,1277,5.1,15.6,-9.1,24.7,1034,180,14.6,86.8,590,1256,4707,24,204,134,262,127,413,-36.9,33.4,13.8,613,341,70,55.92,461
2016,MP 293,1976,49.04455947,-120.8516998,1259,5.3,15.8,-8.7,24.5,977,171,15.7,92.4,567,1286,4639,26,205,134,262,128,373,-36.9,33.6,13.8,623,358,69,48.9,479
2016,MP 294,1976,49.11808013,-120.8660965,1402,4.7,15.1,-9,24.1,1011,173,14.6,87,609,1144,4853,18,197,138,261,123,426,-37.2,32.6,13.7,571,327,70,56.87,394
2016,MP 295,1976,49.11931991,-120.8755035,1353,4.8,15.3,-9.2,24.5,1013,174,14.7,87.9,610,1189,4807,20,200,137,261,124,425,-37.1,33,13.7,581,335,70,55.76,421
2016,MP 296,1976,49.12162017,-120.8731003,1381,4.8,15.2,-9.1,24.3,1013,175,14.6,86.9,609,1165,4832,19,199,137,261,124,426,-37.1,32.7,13.7,575,329,70,56.53,406
2016,MP 299,1976,49.04080963,-120.8787003,1311,5,15.5,-9.1,24.5,1031,179,14.6,86.2,596,1224,4749,22,202,135,261,126,418,-37,33.2,13.7,606,335,70,56.6,442
2016,MP 281,1976,49.10832977,-120.7583008,1921,2.7,12.6,-9.2,21.8,1154,191,11,66.1,760,707,5583,4,168,154,257,103,646,-38.4,29.3,13.4,435,223,73,84.45,173
2016,MP 285,1976,49.07500076,-120.7750015,1481,4.6,14.7,-8.5,23.2,946,158,15.4,93,598,1086,4901,15,194,141,259,119,397,-37.2,32.1,13.7,566,338,70,51.16,360
2016,MP 286,1976,49.07500076,-120.7750015,1326,5.2,15.4,-8.4,23.9,911,154,16.6,99.8,567,1234,4694,22,202,136,260,124,347,-36.8,33.1,13.8,616,371,69,43.14,445
2016,MP 287,1976,49.11643981,-120.8702011,1250,5.2,15.8,-9.5,25.2,1011,173,15,91.2,603,1281,4700,26,204,134,261,127,414,-37,33.7,13.8,620,356,70,52.64,477
2016,MP 288,1976,49.11574935,-120.8669968,1259,5.1,15.7,-9.4,25.1,1011,173,15,91,599,1273,4703,25,204,135,261,127,412,-37,33.6,13.8,618,355,69,52.84,472
2016,MP 289,1976,49.04022979,-120.8937988,1466,4.5,14.7,-8.5,23.2,1048,183,13.9,80.3,601,1081,4912,15,195,139,261,122,438,-37.2,32.1,13.7,557,302,70,62.51,358
2016,MP 290,1976,49.03955841,-120.8881989,1353,4.9,15.3,-8.8,24.1,1043,182,14.3,83.8,594,1185,4788,20,200,136,261,125,425,-37,32.9,13.7,581,324,70,59.02,418
2016,35079,1979,49.18056106,-120.9610977,770,7.7,18.5,-7,25.5,998,172,17.7,107.8,413,1862,3841,95,247,115,275,161,246,-33,36.7,13.7,714,443,69,37.59,850
2016,35179,1979,49.08110809,-120.8127975,1210,5.5,16,-8.7,24.7,913,157,17,101.7,551,1331,4565,28,207,133,262,129,331,-36.8,33.9,13.9,636,383,68,40.63,505
2016,35379,1979,49.08889007,-120.8139038,1210,5.4,15.9,-8.8,24.7,940,162,16.4,98.2,569,1317,4608,27,207,133,261,128,357,-36.8,33.8,13.8,631,376,69,44.01,497
2016,SK93710,1993,49.21475894,-121.0660627,695,8.3,18.5,-5.1,23.5,1082,181,16.9,102.1,315,1908,3639,93,267,105,287,182,180,-30.2,35.9,13.3,676,400,72,50.25,857
2016,SK93711,1993,49.21441772,-121.0671746,686,8.3,18.5,-5,23.5,1082,181,16.9,102.3,312,1916,3626,94,268,105,287,182,177,-30.1,35.9,13.3,677,401,72,50.16,862
2016,SK93721,1993,49.21632862,-121.0684733,698,8.3,18.4,-5.1,23.5,1081,180,16.9,102.1,315,1901,3643,91,267,105,287,181,179,-30.2,35.8,13.3,675,399,72,50.39,852
2016,SK93722,1993,49.21739366,-121.0676078,698,8.3,18.4,-5.1,23.5,1082,180,16.9,102.1,316,1901,3646,92,267,105,287,181,181,-30.3,35.8,13.3,675,399,72,50.43,852
2016,SK93734,1993,49.19803638,-120.9928605,869,7.5,17.9,-6.3,24.2,1027,174,17,102.7,387,1749,3902,72,247,115,278,163,232,-32.6,35.5,13.6,673,403,70,45.45,762
2016,SK93735,1993,49.19748268,-120.9920592,869,7.5,17.9,-6.3,24.2,1026,174,17,102.9,389,1749,3903,72,247,115,278,163,232,-32.7,35.5,13.6,674,404,70,45.28,762
2016,SK93736,1993,49.20192025,-120.9885846,823,7.7,18.1,-6.1,24.2,1011,173,17.5,104.9,377,1795,3841,79,251,113,279,166,218,-32.3,35.7,13.5,680,411,70,42.94,793
2016,00NCc13,2000,49.22752855,-120.9627241,900,7.2,17.9,-7,24.8,1053,175,16.4,101.9,429,1721,3994,71,240,118,275,157,274,-33.6,35.6,13.7,679,408,69,47.53,750
2016,00NCe73,2000,49.12286895,-120.8200364,1455,4.3,14.7,-9.5,24.2,1025,174,14,84.6,649,1074,4989,15,192,141,259,118,472,-37.5,32.2,13.7,563,320,71,59.75,354
2016,00NCe74,2000,49.12958668,-120.8160951,1620,3.9,14,-9,23,1034,174,13.4,80.1,656,941,5150,11,185,145,259,113,491,-37.8,31.1,13.6,530,289,71,64.75,280
2016,00NCe75,2000,49.13184343,-120.8212604,1750,3.6,13.4,-8.6,22,1031,174,13.2,77,651,845,5258,7,179,148,259,111,489,-37.9,30.3,13.6,475,266,71,67.53,234
2016,00NCe76,2000,49.12956482,-120.8230328,1665,3.8,13.8,-8.9,22.7,1024,174,13.5,79.3,650,910,5179,10,183,146,259,113,480,-37.8,30.9,13.6,521,281,71,64.77,264
2016,00NCe77,2000,49.06956013,-120.905716,1470,4.5,14.7,-8.8,23.5,1058,183,13.7,80.7,613,1082,4928,16,195,139,261,122,454,-37.2,32.2,13.6,556,302,71,63.55,360
2016,00NCe78,2000,49.08614425,-120.9258513,1840,3.2,13,-8.7,21.7,1103,187,11.9,69.9,700,778,5411,5,178,148,261,113,556,-37.7,29.7,13.3,439,229,74,78.14,204
2016,00NCe79,2000,49.08811762,-120.9446303,1790,3.4,13.3,-8.5,21.8,1130,190,11.9,70,673,821,5317,7,183,145,263,118,547,-37.4,30,13.3,453,229,74,79.93,224
2016,00NCe82,2000,49.04462405,-120.9646257,1810,3.3,13.2,-8.5,21.7,1160,197,11.5,66.7,685,801,5360,6,181,146,261,115,572,-37.4,30,13.3,452,221,74,83.33,215
2016,00NCe83,2000,49.0409285,-120.9723988,1800,3.4,13.2,-8.4,21.7,1178,200,11.3,66,679,810,5340,7,182,145,262,116,576,-37.3,30,13.3,452,220,74,84.97,219
2016,00NCe84,2000,49.04042506,-120.9724193,685,8.9,19.1,-4.4,23.6,1175,200,16.1,95.6,280,2070,3434,122,262,102,287,185,163,-32.2,36.1,13.7,724,397,68,54.38,965
2016,00NCe85,2000,49.03686803,-120.9645592,1705,3.8,13.7,-8.1,21.8,1163,197,11.9,69.6,632,895,5173,9,189,142,263,122,529,-37,30.6,13.4,469,236,73,80.99,258
2016,00NCe86,2000,49.04063959,-120.9800327,1745,3.6,13.5,-8.3,21.8,1182,200,11.5,67.4,650,859,5241,8,186,143,263,119,553,-37,30.3,13.3,462,227,74,83.98,241
2016,00NCe87,2000,49.03145849,-120.9420956,1820,3.2,13.1,-8.6,21.7,1077,186,12.3,70.4,698,790,5392,5,179,147,260,113,538,-37.5,30,13.3,443,233,74,75.03,210
2016,00NCe89,2000,49.05549669,-120.9155332,1725,3.7,13.6,-8.3,21.9,1057,183,13,74.2,641,877,5205,8,185,145,261,117,485,-37.4,30.5,13.5,474,253,72,70.08,249
2016,00NCe90,2000,49.06442921,-120.8922135,1325,4.9,15.4,-9.2,24.5,1047,183,14.2,84.1,606,1207,4784,21,201,136,261,125,435,-37,33.1,13.7,585,330,70,58.77,432
2016,00NCe91,2000,49.11667802,-120.8651929,1450,4.6,14.8,-8.9,23.8,1010,173,14.4,85.9,613,1097,4911,16,195,139,261,121,432,-37.3,32.3,13.7,561,318,70,58.12,369
2016,00NCe92,2000,49.12229155,-120.8690776,1665,3.8,13.8,-8.7,22.6,1014,174,13.6,79.4,648,917,5168,10,185,145,260,116,469,-37.6,30.8,13.5,487,277,71,64.13,269
2016,00NCe93,2000,49.13832844,-120.8485222,1615,4,14.1,-8.9,23,1031,179,13.5,78.7,649,956,5124,11,187,144,260,116,476,-37.6,31.1,13.5,526,282,71,64.56,289
2016,00NCe94,2000,49.1422333,-120.8451718,1565,4,14.3,-9.2,23.5,1031,179,13.6,79.6,655,992,5092,12,188,143,260,116,478,-37.5,31.4,13.6,537,292,71,63.43,309
2016,00NCe95,2000,49.12585389,-120.8366702,1540,4.2,14.4,-8.9,23.3,1010,173,14.1,82.8,631,1013,5031,13,189,142,259,117,449,-37.6,31.7,13.6,546,304,70,60.21,318
2016,114791,2007,49.1638298,-120.7723007,2225,1.2,10.9,-10.3,21.2,1305,212,8.6,51.6,956,479,6138,1,145,166,253,87,857,-39.7,27.1,13.2,378,159,75,107.39,84
2016,114792,2007,49.16588973,-120.7787018,2225,1.1,10.9,-10.3,21.2,1313,214,8.5,51.1,961,475,6150,1,144,167,253,86,864,-39.8,27.1,13.2,378,158,75,108.23,83
2016,114793,2007,49.16717147,-120.7802963,2200,1.3,11.1,-10.2,21.2,1305,213,8.6,51.9,942,492,6101,2,146,166,253,87,845,-39.7,27.3,13.2,383,163,75,106.75,89
2016,114794,2007,49.16852951,-120.7815018,2145,1.6,11.4,-10,21.4,1288,211,9,53.7,901,530,5998,2,150,164,254,90,808,-39.5,27.6,13.3,393,173,74,103.7,102
2016,114795,2007,49.16878128,-120.781601,2140,1.6,11.4,-10,21.4,1286,211,9,53.9,890,533,5988,2,150,163,254,90,805,-39.5,27.7,13.3,394,174,74,103.35,103
2016,114796,2007,49.17169952,-120.7848969,2100,1.8,11.6,-9.9,21.5,1260,209,9.3,55.5,868,562,5918,2,153,162,254,92,772,-39.3,28,13.3,402,182,74,99.78,114
2016,114797,2007,49.17219924,-120.7894974,2125,1.7,11.5,-10,21.5,1257,208,9.3,55.2,884,545,5963,2,151,163,254,91,779,-39.4,27.8,13.3,398,179,74,100.02,107
2016,12-1929,2015,49.20005416,-120.9982758,906,7.3,17.8,-6.4,24.2,1042,177,16.6,100.3,396,1716,3949,68,245,116,278,161,245,-32.6,35.4,13.6,668,396,70,47.64,742
2016,02-3085,2019,49.14056015,-120.7638931,2044,2.1,11.9,-9.7,21.6,1285,206,9.4,58,832,608,5809,2,158,160,255,95,777,-39,28.4,13.3,414,192,74,100.68,131
2016,02-3087,2019,49.1199913,-120.752121,1874,3,12.9,-9,21.9,1171,192,11.1,67.1,729,750,5485,5,171,153,258,105,632,-38.3,29.6,13.4,446,231,73,84.59,191
2016,02-3088,2019,49.13434982,-120.7645264,1928,2.7,12.6,-9.3,21.9,1237,199,10.2,63.2,764,703,5592,4,167,155,257,102,696,-38.5,29.3,13.4,435,215,73,92.73,170
2016,02-3089,2019,49.14989852,-120.7567673,2136,1.6,11.5,-10,21.4,1289,207,9,55.3,889,541,5976,2,151,163,254,91,818,-39.4,27.8,13.3,397,178,74,103.39,106
2016,02-3090,2019,49.1461296,-120.7544632,2119,1.7,11.5,-9.9,21.5,1289,207,9.1,55.7,877,552,5944,2,152,163,254,92,810,-39.3,27.9,13.3,400,180,74,102.95,110
2016,12-2000,2019,49.13544082,-120.7637634,1954,2.5,12.4,-9.4,21.8,1248,201,10,62,778,681,5641,3,165,156,257,101,713,-38.7,29.1,13.4,431,210,73,94.44,161
2016,12-9554,2019,49.0820198,-120.9237823,1792,3.3,13.2,-8.6,21.8,1095,186,12.2,71.2,683,812,5344,7,180,147,261,114,539,-37.7,30,13.4,458,238,73,76.12,220
2016,12-9555,2019,49.16053009,-120.76474,1876,2.9,12.8,-9.1,22,1269,208,10.2,61.8,731,744,5495,5,171,153,258,105,683,-38.4,29.5,13.4,444,216,72,94.56,188
2016,14-4318,2019,49.10192108,-120.7574768,1956,2.5,12.4,-9.4,21.8,1148,188,10.9,65.9,782,676,5652,3,165,155,257,101,661,-38.6,29,13.4,428,218,74,84.87,159
2016,14-4319,2019,49.10179138,-120.7552795,1890,2.8,12.8,-9.1,21.9,1146,188,11.2,67.9,741,730,5527,5,170,153,258,105,629,-38.3,29.5,13.4,440,230,73,82.89,183
2016,14-4320,2019,49.07690048,-120.7710724,1815,3.3,13.2,-8.7,21.8,1026,167,12.9,78.8,687,799,5367,6,176,150,259,109,521,-38.1,30,13.5,466,265,72,68.55,213
2016,14-4323,2019,49.16270065,-120.7649994,1994,2.4,12.2,-9.5,21.7,1264,207,9.8,59,796,650,5705,3,162,157,256,99,731,-38.8,28.7,13.4,422,198,73,97.25,148
2016,14-4324,2019,49.16270065,-120.7649002,1988,2.4,12.3,-9.5,21.7,1263,207,9.8,59.2,793,655,5695,3,163,157,256,99,727,-38.8,28.8,13.4,423,200,73,96.96,150
2016,14-4325,2019,49.15930175,-120.7705002,1981,2.4,12.3,-9.5,21.7,1301,212,9.5,57.9,792,655,5693,3,163,157,256,99,750,-38.8,28.8,13.4,424,196,73,100.72,150
2016,14-4326,2019,49.1603012,-120.7731018,2030,2.1,12,-9.6,21.6,1302,212,9.3,56.4,821,614,5785,2,159,159,255,96,771,-39,28.5,13.3,414,188,73,102.18,133
2016,14-4361,2019,49.15879821,-120.7743988,2093,1.8,11.6,-9.8,21.4,1310,213,9,54.5,858,567,5899,2,154,162,255,93,803,-39.3,28,13.3,403,178,74,104.64,115
2016,14-4382,2019,49.1646614,-120.7790527,2197,1.3,11.1,-10.2,21.3,1311,213,8.6,51.9,940,494,6097,2,146,165,253,88,849,-39.7,27.3,13.2,383,163,75,107.31,89
2016,14-4383,2019,49.15822982,-120.7749863,2106,1.8,11.6,-9.8,21.4,1312,214,9,54.1,866,557,5922,2,153,162,254,92,809,-39.3,27.9,13.3,400,176,74,105.12,112
2016,14-4384,2019,49.15280151,-120.7717896,2062,2,11.8,-9.8,21.6,1305,211,9.2,55.9,844,591,5847,2,156,160,255,95,793,-39.1,28.3,13.3,409,184,74,103.34,124
2016,14-4385,2019,49.16463088,-120.7775726,2217,1.2,11,-10.2,21.2,1314,214,8.5,51.3,954,481,6133,1,144,166,253,87,860,-39.8,27.1,13.2,380,159,75,108.07,85
2016,14-4386,2019,49.10020828,-120.7596817,2009,2.2,12.1,-9.6,21.7,1147,187,10.7,64.6,816,634,5753,3,161,157,256,99,684,-38.8,28.6,13.3,418,210,74,86.18,142
2016,14-4387,2019,49.09149169,-120.7733994,1955,2.5,12.5,-9.3,21.7,1129,181,11.1,68.8,777,684,5636,3,166,155,257,102,647,-38.5,29.1,13.4,429,226,74,82.75,163
2016,14-4388,2019,49.06903839,-120.7620316,1624,4,14.1,-8.7,22.8,960,160,14.6,87.6,637,958,5103,11,187,144,260,116,438,-37.6,31.2,13.6,503,307,71,56.8,288
2016,14-4573,2019,49.07849884,-120.9320297,1590,4.3,14.3,-8,22.2,1082,186,13.2,76.8,593,996,4998,12,194,139,264,125,456,-37,31.3,13.5,523,270,72,69.46,309
2016,14-4577,2019,49.14511871,-120.7613602,2052,2,11.9,-9.7,21.6,1291,207,9.3,57.3,834,601,5821,2,157,160,255,95,781,-39.1,28.4,13.3,412,190,74,101.43,128
2016,14-4585,2019,49.07535934,-120.7685013,1752,3.6,13.5,-8.4,21.9,1001,164,13.6,82.1,656,852,5259,8,180,148,259,112,483,-37.9,30.4,13.5,479,280,71,64.25,238
2016,14-4587,2019,49.0782814,-120.917923,1679,3.9,13.8,-8.2,22,1078,184,12.9,74.9,629,911,5149,10,187,143,262,118,486,-37.4,30.7,13.5,481,260,72,71.16,266
2016,14-4588,2019,49.0820198,-120.9236526,1792,3.3,13.2,-8.6,21.8,1095,186,12.2,71.2,683,812,5344,7,180,147,261,114,539,-37.7,30,13.4,458,238,73,76.12,220
2016,19JCG13,2019,49.11692047,-120.6429367,1080,6.5,17.1,-7.7,24.8,760,152,21.7,112.2,479,1562,4221,49,222,126,267,141,229,-35.6,35,13.9,674,425,67,19.39,646
2016,19JCG15,2019,49.11320114,-120.6441498,1046,6.7,17.3,-7.6,24.9,768,153,21.7,113.2,469,1603,4164,55,224,125,267,142,225,-35.5,35.3,14,682,431,67,18.99,671
2016,19JCG18,2019,49.11236953,-120.6519089,1088,6.5,17,-7.7,24.8,764,152,21.6,112.1,481,1551,4235,48,221,127,267,140,233,-35.7,35,13.9,672,423,67,20.13,638
2017,MP 291,1976,49.03950881,-120.8720016,1308,4.3,17,-7.4,24.4,1015,86,14.1,199.2,782,1292,5020,48,175,145,271,126,459,-37,33.2,14,576,414,68,52.84,565
2017,MP 292,1976,49.03998947,-120.8811035,1277,4.4,17.2,-7.4,24.6,1028,87,14,197.2,779,1314,4992,51,176,144,271,127,458,-36.9,33.4,14,609,417,68,53.53,580
2017,MP 293,1976,49.04455947,-120.8516998,1259,4.6,17.3,-7.2,24.5,975,82,14.9,211,749,1342,4927,54,177,144,271,128,419,-36.9,33.6,14.1,618,429,67,46.99,599
2017,MP 294,1976,49.11808013,-120.8660965,1402,3.9,16.6,-7.4,24,1013,82,13.8,201.2,813,1215,5139,39,171,146,271,124,493,-37.2,32.6,13.9,557,401,68,55.19,514
2017,MP 295,1976,49.11931991,-120.8755035,1353,4.1,16.8,-7.5,24.3,1014,83,13.9,202.9,812,1256,5095,43,173,145,271,125,481,-37.1,33,14,567,409,68,54,541
2017,MP 296,1976,49.12162017,-120.8731003,1381,4,16.7,-7.5,24.2,1015,83,13.8,200.9,813,1234,5119,41,172,146,271,125,488,-37.1,32.7,13.9,561,404,68,54.81,527
2017,MP 299,1976,49.04080963,-120.8787003,1311,4.3,17,-7.4,24.4,1025,87,13.9,196.3,788,1286,5033,47,175,145,271,126,467,-37,33.2,14,574,412,68,54.16,561
2017,MP 281,1976,49.10832977,-120.7583008,1921,1.9,14.1,-8.2,22.3,1155,92,10.3,153.5,1035,834,5844,12,148,158,268,111,761,-38.4,29.3,13.7,427,313,71,81.94,280
2017,MP 285,1976,49.07500076,-120.7750015,1481,3.8,16.2,-7.3,23.5,966,77,14.3,212.1,808,1170,5179,34,168,149,269,121,489,-37.2,32.1,14,552,403,68,50.99,483
2017,MP 286,1976,49.07500076,-120.7750015,1326,4.4,17,-7.2,24.1,934,75,15.4,225.7,758,1298,4982,47,175,146,269,124,421,-36.8,33.1,14.1,584,431,67,43.57,567
2017,MP 287,1976,49.11643981,-120.8702011,1250,4.4,17.3,-7.6,24.9,1013,82,14.2,209.8,796,1337,4990,54,177,144,270,127,453,-37,33.7,14,616,428,68,51.01,596
2017,MP 288,1976,49.11574935,-120.8669968,1259,4.4,17.2,-7.5,24.8,1013,82,14.2,209.5,792,1330,4993,53,177,144,271,127,453,-37,33.6,14,614,426,68,51.25,591
2017,MP 289,1976,49.04022979,-120.8937988,1466,3.8,16.3,-7.2,23.5,1040,88,13.3,184.2,805,1156,5186,33,169,148,271,123,518,-37.2,32.1,13.9,543,384,68,59.65,477
2017,MP 290,1976,49.03955841,-120.8881989,1353,4.1,16.8,-7.3,24.1,1036,88,13.6,191,789,1251,5071,43,173,145,271,125,484,-37,32.9,14,566,403,68,56.37,537
2017,35079,1979,49.18056106,-120.9610977,770,7,20,-5.5,25.5,1005,79,16.9,253,526,1848,4168,162,215,127,281,154,282,-33,36.7,14,717,505,67,36.59,950
2017,35179,1979,49.08110809,-120.8127975,1210,4.8,17.5,-7.2,24.7,922,77,16,227.5,726,1381,4858,60,179,143,271,128,381,-36.8,33.9,14.1,629,443,66,40.06,625
2017,35379,1979,49.08889007,-120.8139038,1210,4.7,17.4,-7.4,24.8,946,78,15.5,224.4,752,1370,4900,58,179,143,270,127,401,-36.8,33.8,14.1,627,440,67,42.96,617
2017,SK93710,1993,49.21475894,-121.0660627,695,7.5,19.9,-3.9,23.8,1091,85,16.1,235.1,403,1873,3960,156,235,118,289,171,245,-30.2,35.9,13.5,680,470,70,49.6,952
2017,SK93711,1993,49.21441772,-121.0671746,686,7.6,20,-3.8,23.8,1091,85,16.1,235.6,399,1880,3947,158,236,118,289,172,242,-30.1,35.9,13.5,681,470,70,49.5,957
2017,SK93721,1993,49.21632862,-121.0684733,698,7.5,19.9,-3.8,23.7,1092,85,16,235.2,402,1866,3963,154,235,118,289,171,245,-30.2,35.8,13.5,678,469,70,49.84,947
2017,SK93722,1993,49.21739366,-121.0676078,698,7.5,19.9,-3.9,23.8,1092,85,16,234.9,404,1866,3966,154,234,118,289,171,246,-30.3,35.8,13.5,679,469,70,49.89,947
2017,SK93734,1993,49.19803638,-120.9928605,869,6.7,19.4,-5,24.4,1038,82,16.1,236.9,500,1741,4217,128,215,126,283,157,290,-32.6,35.5,13.8,676,469,69,45.12,864
2017,SK93735,1993,49.19748268,-120.9920592,869,6.7,19.4,-5,24.4,1037,82,16.1,237.3,501,1740,4218,128,215,126,283,157,290,-32.7,35.5,13.8,677,470,68,44.99,863
2017,SK93736,1993,49.20192025,-120.9885846,823,6.9,19.6,-4.9,24.5,1022,81,16.5,242.2,485,1782,4160,139,219,125,284,159,274,-32.3,35.7,13.8,683,476,69,42.59,895
2017,00NCc13,2000,49.22752855,-120.9627241,900,6.5,19.3,-5.7,25,1066,81,15.4,238,555,1721,4311,126,209,129,280,152,320,-33.6,35.6,13.9,682,475,68,47.32,855
2017,00NCe73,2000,49.12286895,-120.8200364,1455,3.6,16.2,-7.9,24.1,1031,82,13.2,196.7,869,1158,5270,33,167,149,269,120,533,-37.5,32.2,13.9,550,395,69,58.06,476
2017,00NCe74,2000,49.12958668,-120.8160951,1620,3.1,15.5,-7.7,23.1,1042,83,12.6,187,889,1037,5427,23,161,152,269,117,583,-37.8,31.1,13.9,517,368,69,63.3,404
2017,00NCe75,2000,49.13184343,-120.8212604,1750,2.8,14.9,-7.3,22.3,1041,83,12.3,181,892,950,5527,17,156,154,269,116,607,-37.9,30.3,13.8,492,346,69,66.22,352
2017,00NCe76,2000,49.12956482,-120.8230328,1665,3,15.3,-7.5,22.8,1033,82,12.6,186.2,884,1009,5453,21,159,152,269,117,582,-37.8,30.9,13.9,509,361,69,63.43,387
2017,00NCe77,2000,49.06956013,-120.905716,1470,3.8,16.3,-7.3,23.6,1055,88,13,185.6,821,1158,5203,34,169,147,271,124,529,-37.2,32.2,13.9,543,384,69,61.12,479
2017,00NCe78,2000,49.08614425,-120.9258513,1840,2.4,14.6,-7.6,22.2,1098,89,11.3,163,952,893,5668,14,155,153,271,119,672,-37.7,29.7,13.6,431,318,72,75.18,315
2017,00NCe79,2000,49.08811762,-120.9446303,1790,2.7,14.8,-7.5,22.3,1125,91,11.3,163.8,914,930,5578,16,159,150,273,122,665,-37.4,30,13.6,472,320,72,77.11,338
2017,00NCe82,2000,49.04462405,-120.9646257,1810,2.6,14.7,-7.5,22.2,1156,97,10.9,151.4,930,912,5618,15,157,152,272,120,695,-37.4,30,13.6,471,313,72,80.49,327
2017,00NCe83,2000,49.0409285,-120.9723988,1800,2.6,14.8,-7.4,22.2,1175,99,10.7,149.7,921,920,5598,16,158,151,272,121,702,-37.3,30,13.6,472,312,72,82.21,331
2017,00NCe84,2000,49.04042506,-120.9724193,685,8.2,20.7,-3.6,24.3,1172,98,15.5,209.9,357,2026,3762,197,232,115,290,175,227,-32.2,36.1,13.9,713,475,66,52.64,1057
2017,00NCe85,2000,49.03686803,-120.9645592,1705,3.1,15.3,-7.1,22.4,1158,97,11.3,156.7,859,997,5439,20,164,148,273,125,652,-37,30.6,13.6,488,327,71,78.36,377
2017,00NCe86,2000,49.04063959,-120.9800327,1745,2.9,15,-7.2,22.3,1179,99,10.9,151.8,883,965,5503,18,162,149,273,123,679,-37,30.3,13.6,481,319,72,81.34,358
2017,00NCe87,2000,49.03145849,-120.9420956,1820,2.5,14.6,-7.6,22.2,1070,91,11.7,161,945,903,5648,15,156,153,271,118,651,-37.5,30,13.6,435,320,72,71.84,322
2017,00NCe89,2000,49.05549669,-120.9155332,1725,3,15.1,-7.2,22.3,1053,88,12.3,171.1,872,981,5471,19,160,151,272,121,595,-37.4,30.5,13.7,492,340,70,67.39,368
2017,00NCe90,2000,49.06442921,-120.8922135,1325,4.2,16.9,-7.5,24.4,1044,88,13.6,192.9,803,1271,5068,45,174,145,271,125,487,-37,33.1,14,572,408,68,56.46,551
2017,00NCe91,2000,49.11667802,-120.8651929,1450,3.8,16.4,-7.4,23.8,1013,82,13.6,198.7,821,1177,5189,35,169,147,271,123,506,-37.3,32.3,13.9,548,393,68,56.36,489
2017,00NCe92,2000,49.12229155,-120.8690776,1665,3.1,15.4,-7.4,22.8,1017,83,12.8,185,879,1016,5442,21,161,151,271,119,569,-37.6,30.8,13.8,505,356,69,62.29,391
2017,00NCe93,2000,49.13832844,-120.8485222,1615,3.2,15.6,-7.6,23.1,1038,84,12.7,184.7,880,1050,5402,25,162,150,270,120,572,-37.6,31.1,13.8,515,364,69,63.09,413
2017,00NCe94,2000,49.1422333,-120.8451718,1565,3.3,15.8,-7.8,23.5,1040,84,12.8,186.7,884,1081,5371,27,164,150,270,120,563,-37.5,31.4,13.8,525,373,69,61.91,432
2017,00NCe95,2000,49.12585389,-120.8366702,1540,3.4,15.9,-7.5,23.4,1015,82,13.3,193.4,851,1098,5311,28,164,150,269,120,534,-37.6,31.7,13.9,532,381,68,58.49,441
2017,114791,2007,49.1638298,-120.7723007,2225,0.4,12.4,-9.3,21.8,1315,102,7.9,121.5,1272,615,6402,4,130,165,265,100,947,-39.7,27.1,13.4,375,254,73,105.3,160
2017,114792,2007,49.16588973,-120.7787018,2225,0.4,12.4,-9.4,21.8,1325,103,7.8,120.6,1278,610,6414,4,129,166,265,99,953,-39.8,27.1,13.5,376,254,73,106.25,157
2017,114793,2007,49.16717147,-120.7802963,2200,0.5,12.5,-9.3,21.8,1316,103,8,122.2,1255,627,6366,5,131,165,265,100,941,-39.7,27.3,13.5,380,258,73,104.85,166
2017,114794,2007,49.16852951,-120.7815018,2145,0.8,12.8,-9.1,21.9,1300,102,8.3,126,1207,664,6262,6,134,164,266,102,917,-39.5,27.6,13.5,389,267,72,101.95,185
2017,114795,2007,49.16878128,-120.781601,2140,0.8,12.9,-9,21.9,1298,102,8.3,126.4,1203,668,6252,6,134,164,266,102,914,-39.5,27.7,13.5,390,268,72,101.61,187
2017,114796,2007,49.17169952,-120.7848969,2100,1,13.1,-8.9,22,1273,101,8.6,130.2,1172,696,6183,7,137,163,266,103,889,-39.3,28,13.5,397,276,72,98.19,202
2017,114797,2007,49.17219924,-120.7894974,2125,0.9,13,-9,21.9,1269,100,8.6,129.2,1190,680,6227,7,135,163,266,102,892,-39.4,27.8,13.5,393,272,72,98.38,193
2017,12-1929,2015,49.20005416,-120.9982758,906,6.6,19.2,-5.1,24.3,1050,83,15.8,231.6,514,1712,4262,122,213,127,283,155,303,-32.6,35.4,13.8,671,464,69,47.03,845
2017,02-3085,2019,49.14056015,-120.7638931,2044,1.3,13.4,-8.7,22.1,1290,100,8.8,134,1126,741,6072,8,140,162,267,105,892,-39,28.4,13.6,408,286,72,98.36,227
2017,02-3087,2019,49.1199913,-120.752121,1874,2.2,14.4,-8,22.4,1172,93,10.4,155.6,996,873,5745,13,150,157,269,112,748,-38.3,29.6,13.7,437,321,71,82.15,304
2017,02-3088,2019,49.13434982,-120.7645264,1928,1.9,14.1,-8.2,22.3,1237,97,9.6,146,1040,829,5854,12,147,158,268,110,810,-38.5,29.3,13.7,427,308,71,90.11,276
2017,02-3089,2019,49.14989852,-120.7567673,2136,0.8,13,-9.1,22,1297,101,8.4,128.8,1201,677,6239,7,135,164,266,102,921,-39.4,27.8,13.5,392,272,72,101.2,192
2017,02-3090,2019,49.1461296,-120.7544632,2119,0.9,13,-9,22,1295,101,8.4,129.5,1182,688,6208,7,136,163,266,103,916,-39.3,27.9,13.6,395,274,72,100.67,198
2017,12-2000,2019,49.13544082,-120.7637634,1954,1.8,13.9,-8.3,22.3,1248,97,9.4,143.3,1059,809,5903,11,145,159,268,109,828,-38.7,29.1,13.7,423,304,71,91.93,265
2017,12-9554,2019,49.0820198,-120.9237823,1792,2.6,14.8,-7.5,22.3,1090,89,11.6,165.6,929,923,5605,16,157,152,271,119,652,-37.7,30,13.6,477,327,71,73.12,334
2017,12-9555,2019,49.16053009,-120.76474,1876,2.2,14.3,-8,22.3,1280,101,9.5,142.6,1000,866,5761,13,150,157,269,112,808,-38.4,29.5,13.7,435,311,70,93.2,299
2017,14-4318,2019,49.10192108,-120.7574768,1956,1.7,13.9,-8.3,22.2,1150,91,10.2,153.1,1062,805,5913,11,145,159,268,109,773,-38.6,29,13.6,421,308,72,82.38,263
2017,14-4319,2019,49.10179138,-120.7552795,1890,2.1,14.3,-8,22.3,1147,91,10.5,157.2,1011,855,5789,13,149,157,269,112,744,-38.3,29.5,13.7,432,319,71,80.41,293
2017,14-4320,2019,49.07690048,-120.7710724,1815,2.5,14.7,-7.6,22.2,1036,80,12.1,182.6,940,915,5630,15,153,155,269,114,639,-38.1,30,13.8,446,342,70,67.11,330
2017,14-4323,2019,49.16270065,-120.7649994,1994,1.6,13.7,-8.4,22.1,1274,100,9.1,136.8,1084,781,5970,10,143,160,268,108,854,-38.8,28.7,13.6,415,293,72,95.62,249
2017,14-4324,2019,49.16270065,-120.7649002,1988,1.6,13.8,-8.4,22.1,1273,100,9.1,137.2,1079,785,5959,10,144,160,268,108,851,-38.8,28.8,13.6,416,294,71,95.35,251
2017,14-4325,2019,49.15930175,-120.7705002,1981,1.6,13.8,-8.4,22.2,1312,102,8.9,134.5,1078,784,5957,10,143,160,268,108,875,-38.8,28.8,13.6,416,293,71,99.18,250
2017,14-4326,2019,49.1603012,-120.7731018,2030,1.4,13.5,-8.6,22.1,1313,102,8.7,131.7,1114,746,6049,9,141,161,267,106,897,-39,28.5,13.6,408,285,72,100.52,229
2017,14-4361,2019,49.15879821,-120.7743988,2093,1.1,13.1,-8.8,22,1320,103,8.4,128,1160,701,6163,7,137,163,266,104,922,-39.3,28,13.6,397,274,72,102.8,205
2017,14-4382,2019,49.1646614,-120.7790527,2197,0.5,12.6,-9.3,21.8,1322,103,8,122.3,1253,629,6361,5,131,165,265,100,945,-39.7,27.3,13.5,380,258,73,105.36,167
2017,14-4383,2019,49.15822982,-120.7749863,2106,1,13.1,-8.9,21.9,1321,103,8.3,127.2,1169,691,6186,7,136,163,266,103,925,-39.3,27.9,13.6,395,272,72,103.24,200
2017,14-4384,2019,49.15280151,-120.7717896,2062,1.2,13.3,-8.7,22,1315,102,8.5,130.1,1141,724,6110,8,139,162,267,105,914,-39.1,28.3,13.6,403,280,72,101.45,218
2017,14-4385,2019,49.16463088,-120.7775726,2217,0.4,12.5,-9.4,21.8,1325,103,7.9,121.1,1269,616,6397,4,130,165,265,100,951,-39.8,27.1,13.5,377,255,73,106.08,160
2017,14-4386,2019,49.10020828,-120.7596817,2009,1.5,13.6,-8.5,22.2,1148,91,10,150.5,1104,766,6014,9,142,160,267,107,793,-38.8,28.6,13.6,412,300,72,83.6,242
2017,14-4387,2019,49.09149169,-120.7733994,1955,1.8,14,-8.2,22.2,1128,87,10.4,160.2,1056,813,5897,11,146,158,268,110,757,-38.5,29.1,13.6,422,313,72,80.06,267
2017,14-4388,2019,49.06903839,-120.7620316,1624,3.2,15.6,-7.4,23,976,77,13.6,202.7,865,1054,5380,25,162,151,270,119,540,-37.6,31.2,13.9,521,377,69,56.08,415
2017,14-4573,2019,49.07849884,-120.9320297,1590,3.6,15.8,-6.8,22.6,1078,89,12.6,177.1,806,1084,5272,27,168,147,273,127,564,-37,31.3,13.7,512,356,70,67.04,431
2017,14-4577,2019,49.14511871,-120.7613602,2052,1.3,13.4,-8.7,22.1,1297,101,8.7,132.7,1130,734,6085,8,139,162,267,105,898,-39.1,28.4,13.6,406,284,72,99.32,223
2017,14-4585,2019,49.07535934,-120.7685013,1752,2.8,15,-7.3,22.3,1014,79,12.7,190.1,899,964,5526,18,157,154,270,116,602,-37.9,30.4,13.8,497,354,69,63.13,359
2017,14-4587,2019,49.0782814,-120.917923,1679,3.1,15.3,-7.1,22.4,1073,89,12.2,172.8,856,1011,5419,21,162,150,272,122,596,-37.4,30.7,13.8,499,346,70,68.5,386
2017,14-4588,2019,49.0820198,-120.9236526,1792,2.6,14.8,-7.5,22.3,1090,89,11.6,165.7,929,923,5604,16,157,152,271,119,652,-37.7,30,13.6,477,327,71,73.11,334
2017,19JCG13,2019,49.11692047,-120.6429367,1080,5.7,18.6,-6.5,25.1,741,70,21.2,266.9,635,1587,4541,97,192,137,274,137,261,-35.6,35,14.2,666,480,66,16.03,768
2017,19JCG15,2019,49.11320114,-120.6441498,1046,5.9,18.8,-6.4,25.2,749,70,21.3,268.7,620,1623,4483,105,194,136,275,139,255,-35.5,35.3,14.2,674,486,65,15.59,793
2017,19JCG18,2019,49.11236953,-120.6519089,1088,5.7,18.5,-6.5,25.1,746,69,21.1,267.3,638,1576,4554,94,191,137,274,137,264,-35.7,35,14.2,664,479,66,16.81,761
2018,MP 291,1976,49.03950881,-120.8720016,1308,4.7,16.4,-5.2,21.6,1028,126,14.3,130.2,650,1250,4858,33,186,125,261,137,554,-37,33.2,13.9,574,356,69,55.82,508
2018,MP 292,1976,49.03998947,-120.8811035,1277,4.8,16.5,-5.1,21.7,1041,128,14.2,129.3,647,1273,4831,37,188,124,261,138,558,-36.9,33.4,13.9,578,359,69,56.51,524
2018,MP 293,1976,49.04455947,-120.8516998,1259,5,16.7,-5,21.6,988,120,15.2,138.6,617,1302,4765,40,189,123,262,138,510,-36.9,33.6,13.9,587,370,68,50.02,541
2018,MP 294,1976,49.11808013,-120.8660965,1402,4.3,15.9,-5.6,21.4,1038,123,13.8,129.5,682,1167,4980,26,182,126,261,135,594,-37.2,32.6,13.8,544,345,70,59.29,456
2018,MP 295,1976,49.11931991,-120.8755035,1353,4.5,16.1,-5.5,21.6,1039,124,13.9,130,682,1212,4937,30,184,125,261,136,590,-37.1,33,13.8,554,352,70,58.21,483
2018,MP 296,1976,49.12162017,-120.8731003,1381,4.4,16,-5.6,21.5,1039,124,13.8,128.9,682,1186,4961,28,183,126,261,135,593,-37.1,32.7,13.8,549,348,70,58.95,468
2018,MP 299,1976,49.04080963,-120.8787003,1311,4.7,16.4,-5.2,21.6,1038,127,14.1,128.5,656,1245,4871,33,186,125,261,137,564,-37,33.2,13.8,562,354,69,57.1,505
2018,MP 281,1976,49.10832977,-120.7583008,1921,2.3,13.1,-7.2,20.4,1179,129,10.4,101.6,886,771,5697,6,158,136,258,122,840,-38.4,29.3,13.5,450,268,73,86.61,233
2018,MP 285,1976,49.07500076,-120.7750015,1481,4.2,15.5,-5.7,21.3,971,111,14.6,140.6,673,1122,5024,22,179,128,259,132,562,-37.2,32.1,13.8,539,349,69,53.31,425
2018,MP 286,1976,49.07500076,-120.7750015,1326,4.8,16.4,-5.3,21.7,936,108,15.8,150.9,625,1255,4821,34,186,125,260,135,503,-36.8,33.1,13.9,582,377,68,45.55,507
2018,MP 287,1976,49.11643981,-120.8702011,1250,4.8,16.6,-5.3,21.9,1038,123,14.2,135.1,665,1294,4834,39,188,124,261,137,574,-37,33.7,13.8,576,368,69,55.39,537
2018,MP 288,1976,49.11574935,-120.8669968,1259,4.8,16.6,-5.2,21.8,1037,123,14.2,135.2,661,1287,4837,38,188,124,261,137,573,-37,33.6,13.8,574,366,69,55.6,532
2018,MP 289,1976,49.04022979,-120.8937988,1466,4.2,15.6,-5.7,21.2,1054,130,13.5,119.6,674,1118,5031,22,180,127,261,134,592,-37.2,32.1,13.8,531,330,70,62.74,425
2018,MP 290,1976,49.03955841,-120.8881989,1353,4.5,16.1,-5.4,21.5,1049,129,13.9,124.8,658,1210,4908,30,185,125,261,136,574,-37,32.9,13.8,553,347,69,59.25,482
2018,35079,1979,49.18056106,-120.9610977,770,7.3,19.5,-3.2,22.7,1026,123,16.9,158.2,417,1828,4004,133,227,111,273,162,365,-33,36.7,13.8,702,441,69,40.9,902
2018,35179,1979,49.08110809,-120.8127975,1210,5.2,16.9,-4.8,21.6,937,111,16.2,152.3,595,1339,4698,44,190,123,261,138,470,-36.8,33.9,14,598,389,67,43.39,565
2018,35379,1979,49.08889007,-120.8139038,1210,5,16.8,-5.1,21.9,965,114,15.6,148,620,1327,4741,42,190,123,260,137,502,-36.8,33.8,13.9,595,384,68,46.74,558
2018,SK93710,1993,49.21475894,-121.0660627,695,7.9,19.3,-2.2,21.5,1114,135,16,143.3,320,1867,3801,130,247,104,284,180,295,-30.2,35.9,13.3,673,404,72,53.66,908
2018,SK93711,1993,49.21441772,-121.0671746,686,7.9,19.4,-2.2,21.5,1114,135,16.1,143.6,316,1875,3788,132,248,104,284,180,291,-30.1,35.9,13.3,673,404,72,53.55,913
2018,SK93721,1993,49.21632862,-121.0684733,698,7.9,19.3,-2.2,21.5,1114,135,16,143.2,319,1860,3805,128,247,104,284,180,295,-30.2,35.8,13.3,671,403,72,53.9,903
2018,SK93722,1993,49.21739366,-121.0676078,698,7.8,19.3,-2.2,21.5,1115,135,16,143.1,321,1860,3808,128,247,104,284,179,297,-30.3,35.8,13.3,671,404,72,53.97,903
2018,SK93734,1993,49.19803638,-120.9928605,869,7.1,18.8,-3.1,21.9,1059,127,16.1,148.5,400,1722,4059,104,227,110,276,166,365,-32.6,35.5,13.6,661,404,70,49.2,820
2018,SK93735,1993,49.19748268,-120.9920592,869,7.1,18.8,-3.1,21.9,1058,126,16.1,148.8,401,1721,4060,104,227,110,276,165,366,-32.7,35.5,13.6,662,405,70,49.04,819
2018,SK93736,1993,49.20192025,-120.9885846,823,7.3,19,-3,22,1045,125,16.5,151.4,386,1765,4001,112,231,109,277,168,345,-32.3,35.7,13.6,668,411,70,46.86,849
2018,00NCc13,2000,49.22752855,-120.9627241,900,6.8,18.7,-3.6,22.4,1093,128,15.4,147,446,1695,4155,101,220,112,273,160,424,-33.6,35.6,13.7,642,409,69,52.23,808
2018,00NCe73,2000,49.12286895,-120.8200364,1455,4,15.5,-6,21.4,1054,122,13.2,127.1,734,1108,5117,22,178,128,258,131,646,-37.5,32.2,13.7,537,340,70,62.45,418
2018,00NCe74,2000,49.12958668,-120.8160951,1620,3.5,14.7,-6.3,20.9,1068,122,12.6,119.9,752,983,5277,14,171,131,259,128,674,-37.8,31.1,13.7,505,316,70,68.17,347
2018,00NCe75,2000,49.13184343,-120.8212604,1750,3.2,14.1,-6.4,20.5,1066,122,12.4,114.7,754,898,5382,11,167,132,259,127,678,-37.9,30.3,13.6,479,298,71,70.98,301
2018,00NCe76,2000,49.12956482,-120.8230328,1665,3.4,14.5,-6.3,20.7,1056,122,12.7,118.3,748,956,5305,13,170,131,259,128,665,-37.8,30.9,13.7,496,310,71,68.08,332
2018,00NCe77,2000,49.06956013,-120.905716,1470,4.1,15.5,-5.7,21.3,1072,130,13.2,119.3,690,1118,5050,22,180,127,261,134,615,-37.2,32.2,13.7,530,329,70,64.67,425
2018,00NCe78,2000,49.08614425,-120.9258513,1840,2.8,13.7,-6.7,20.3,1124,134,11.4,102.1,813,840,5526,9,166,132,261,129,722,-37.7,29.7,13.4,454,273,73,79.93,271
2018,00NCe79,2000,49.08811762,-120.9446303,1790,3.1,13.9,-6.4,20.3,1150,137,11.3,101.8,779,881,5434,10,171,130,263,133,723,-37.4,30,13.4,459,275,73,81.79,293
2018,00NCe82,2000,49.04462405,-120.9646257,1810,2.9,13.8,-6.5,20.4,1167,141,11.1,98.2,792,863,5472,10,169,131,262,130,741,-37.4,30,13.4,458,269,73,83.78,284
2018,00NCe83,2000,49.0409285,-120.9723988,1800,3,13.9,-6.5,20.4,1186,143,11,96.9,784,872,5452,10,170,131,262,131,748,-37.3,30,13.4,459,269,73,85.47,289
2018,00NCe84,2000,49.04042506,-120.9724193,685,8.6,20,-1.5,21.5,1183,143,15.7,139.8,272,2023,3585,168,243,102,285,183,236,-32.2,36.1,13.8,711,411,67,55.12,1014
2018,00NCe85,2000,49.03686803,-120.9645592,1705,3.5,14.4,-6,20.5,1169,141,11.5,102.4,726,949,5287,13,176,128,264,135,703,-37,30.6,13.5,475,282,73,81.36,329
2018,00NCe86,2000,49.04063959,-120.9800327,1745,3.3,14.2,-6.2,20.4,1189,144,11.2,98.9,749,916,5354,12,173,129,263,134,730,-37,30.3,13.4,468,275,73,84.43,312
2018,00NCe87,2000,49.03145849,-120.9420956,1820,2.9,13.8,-6.6,20.4,1081,133,11.9,103.5,805,853,5502,10,167,132,261,129,692,-37.5,30,13.5,459,275,73,75.19,279
2018,00NCe89,2000,49.05549669,-120.9155332,1725,3.4,14.3,-6.2,20.5,1068,131,12.5,109.4,737,932,5321,12,172,130,262,131,649,-37.4,30.5,13.6,479,292,72,71,320
2018,00NCe90,2000,49.06442921,-120.8922135,1325,4.5,16.3,-5.4,21.7,1059,130,13.7,125.5,672,1229,4908,32,185,125,261,136,589,-37,33.1,13.8,559,351,70,59.65,495
2018,00NCe91,2000,49.11667802,-120.8651929,1450,4.2,15.6,-5.7,21.3,1037,122,13.7,127.6,690,1129,5039,24,180,127,261,134,601,-37.3,32.3,13.8,535,338,70,60.61,432
2018,00NCe92,2000,49.12229155,-120.8690776,1665,3.4,14.5,-6.2,20.8,1042,123,12.9,117.8,746,964,5293,14,172,130,260,130,644,-37.6,30.8,13.6,492,307,71,66.89,337
2018,00NCe93,2000,49.13832844,-120.8485222,1615,3.6,14.8,-6.3,21,1063,126,12.8,117,746,998,5253,15,173,130,260,130,658,-37.6,31.1,13.6,502,313,71,67.76,355
2018,00NCe94,2000,49.1422333,-120.8451718,1565,3.7,15,-6.2,21.2,1064,127,12.8,118.5,750,1033,5219,17,175,129,260,130,660,-37.5,31.4,13.6,513,321,71,66.67,373
2018,00NCe95,2000,49.12585389,-120.8366702,1540,3.8,15.1,-6,21.1,1039,122,13.3,123.5,717,1052,5158,18,175,129,259,130,626,-37.6,31.7,13.7,520,327,70,63.11,383
2018,114791,2007,49.1638298,-120.7723007,2225,0.8,11.3,-8.7,19.9,1346,147,8,76.8,1104,544,6264,2,138,144,254,109,1054,-39.7,27.1,13.2,357,221,75,110.28,118
2018,114792,2007,49.16588973,-120.7787018,2225,0.7,11.2,-8.7,19.9,1354,148,7.9,75.6,1109,539,6276,2,137,145,253,108,1061,-39.8,27.1,13.2,357,220,75,111.17,116
2018,114793,2007,49.16717147,-120.7802963,2200,0.9,11.4,-8.6,20,1346,148,8.1,76.7,1089,556,6227,3,138,145,254,109,1046,-39.7,27.3,13.3,362,224,75,109.8,124
2018,114794,2007,49.16852951,-120.7815018,2145,1.2,11.7,-8.3,20,1330,147,8.4,79.5,1046,595,6124,3,142,143,254,111,1013,-39.5,27.6,13.3,371,233,74,106.97,141
2018,114795,2007,49.16878128,-120.781601,2140,1.2,11.7,-8.3,20,1328,147,8.4,79.7,1043,598,6114,3,142,143,254,111,1010,-39.5,27.7,13.3,372,233,74,106.65,143
2018,114796,2007,49.17169952,-120.7848969,2100,1.4,12,-8.2,20.1,1303,146,8.7,82.3,1018,628,6045,3,145,142,255,113,978,-39.3,28,13.3,378,240,74,103.32,157
2018,114797,2007,49.17219924,-120.7894974,2125,1.2,11.8,-8.3,20.1,1300,145,8.7,81.6,1036,611,6090,3,143,142,254,112,983,-39.4,27.8,13.3,375,238,74,103.45,149
2018,12-1929,2015,49.20005416,-120.9982758,906,6.9,18.7,-3.3,21.9,1073,129,15.8,144.7,412,1692,4105,98,225,111,276,164,384,-32.6,35.4,13.6,632,399,70,51.3,800
2018,02-3085,2019,49.14056015,-120.7638931,2044,1.7,12.4,-7.9,20.2,1319,141,8.9,87.6,973,674,5931,4,149,140,256,115,981,-39,28.4,13.4,429,248,73,103.4,181
2018,02-3087,2019,49.1199913,-120.752121,1874,2.6,13.4,-7,20.4,1199,130,10.5,102.8,849,812,5603,8,160,135,258,123,835,-38.3,29.6,13.5,461,275,72,87.15,255
2018,02-3088,2019,49.13434982,-120.7645264,1928,2.3,13.1,-7.3,20.4,1267,136,9.7,96.1,892,766,5709,6,157,137,257,120,902,-38.5,29.3,13.5,450,265,73,95.4,230
2018,02-3089,2019,49.14989852,-120.7567673,2136,1.2,11.8,-8.3,20.1,1327,142,8.5,82.9,1039,607,6100,3,143,143,254,112,1017,-39.4,27.8,13.3,374,235,74,106.31,147
2018,02-3090,2019,49.1461296,-120.7544632,2119,1.3,11.9,-8.2,20.1,1325,142,8.5,83.8,1026,618,6068,3,144,142,255,113,1010,-39.3,27.9,13.3,377,237,74,105.75,153
2018,12-2000,2019,49.13544082,-120.7637634,1954,2.1,12.9,-7.4,20.3,1278,137,9.5,94.2,910,745,5762,5,155,138,257,119,920,-38.7,29.1,13.5,446,261,73,97.16,218
2018,12-9554,2019,49.0820198,-120.9237823,1792,3,13.9,-6.5,20.4,1114,133,11.7,104.4,791,872,5460,10,168,132,261,130,704,-37.7,30,13.5,464,280,73,77.77,289
2018,12-9555,2019,49.16053009,-120.76474,1876,2.5,13.3,-7.1,20.4,1311,143,9.6,92.9,856,805,5618,8,160,136,258,122,906,-38.4,29.5,13.5,459,269,72,98.59,250
2018,14-4318,2019,49.10192108,-120.7574768,1956,2.1,12.9,-7.4,20.3,1173,128,10.3,101,911,742,5769,5,155,137,257,120,848,-38.6,29,13.4,443,264,73,86.96,218
2018,14-4319,2019,49.10179138,-120.7552795,1890,2.5,13.3,-7.1,20.4,1170,128,10.7,104.3,863,794,5641,7,160,135,258,123,823,-38.3,29.5,13.5,455,273,73,85.03,246
2018,14-4320,2019,49.07690048,-120.7710724,1815,2.9,13.8,-6.7,20.4,1049,116,12.3,119.1,797,860,5482,10,164,133,259,126,696,-38.1,30,13.6,471,295,71,70.63,281
2018,14-4323,2019,49.16270065,-120.7649994,1994,2,12.7,-7.6,20.3,1305,143,9.2,88.5,934,714,5831,5,153,138,257,118,943,-38.8,28.7,13.4,437,254,73,100.95,202
2018,14-4324,2019,49.16270065,-120.7649002,1988,2,12.7,-7.6,20.3,1304,143,9.2,88.8,930,719,5820,5,153,138,257,119,940,-38.8,28.8,13.4,438,255,73,100.68,204
2018,14-4325,2019,49.15930175,-120.7705002,1981,2,12.7,-7.6,20.2,1341,146,8.9,86.7,929,718,5818,5,153,139,257,118,967,-38.8,28.8,13.4,439,253,73,104.35,203
2018,14-4326,2019,49.1603012,-120.7731018,2030,1.7,12.4,-7.8,20.2,1342,147,8.8,84.4,962,679,5910,4,150,140,256,116,984,-39,28.5,13.4,429,246,73,105.59,183
2018,14-4361,2019,49.15879821,-120.7743988,2093,1.4,12,-8.1,20.1,1349,147,8.5,81.5,1005,632,6024,4,146,141,255,114,1011,-39.3,28,13.4,379,237,74,107.74,159
2018,14-4382,2019,49.1646614,-120.7790527,2197,0.9,11.4,-8.6,20,1351,148,8.1,76.9,1087,558,6222,3,139,144,254,109,1049,-39.7,27.3,13.3,362,224,75,110.28,124
2018,14-4383,2019,49.15822982,-120.7749863,2106,1.4,11.9,-8.1,20.1,1350,147,8.4,80.9,1014,623,6047,3,145,142,255,113,1016,-39.3,27.9,13.3,377,236,74,108.14,155
2018,14-4384,2019,49.15280151,-120.7717896,2062,1.6,12.2,-7.9,20.2,1343,146,8.6,83.8,988,656,5971,4,148,141,255,115,1000,-39.1,28.3,13.4,385,242,74,106.41,172
2018,14-4385,2019,49.16463088,-120.7775726,2217,0.8,11.3,-8.7,19.9,1354,148,8,76.1,1102,545,6259,2,138,145,254,109,1058,-39.8,27.1,13.2,358,221,75,111,119
2018,14-4386,2019,49.10020828,-120.7596817,2009,1.9,12.6,-7.6,20.2,1172,127,10.1,98.9,951,701,5870,5,152,138,256,118,865,-38.8,28.6,13.4,433,258,74,88.11,196
2018,14-4387,2019,49.09149169,-120.7733994,1955,2.2,13,-7.3,20.3,1152,124,10.6,105.1,905,750,5752,6,156,137,258,121,829,-38.5,29.1,13.4,444,268,73,84.71,222
2018,14-4388,2019,49.06903839,-120.7620316,1624,3.6,14.8,-6,20.8,980,112,13.9,131.8,726,1002,5223,15,173,130,260,130,604,-37.6,31.2,13.7,508,325,70,58.75,356
2018,14-4573,2019,49.07849884,-120.9320297,1590,3.9,15,-5.8,20.7,1098,133,12.7,112.6,678,1038,5117,17,180,127,264,137,625,-37,31.3,13.6,499,305,71,70.93,375
2018,14-4577,2019,49.14511871,-120.7613602,2052,1.6,12.3,-7.9,20.2,1326,142,8.8,86.4,977,667,5944,4,148,140,255,115,987,-39.1,28.4,13.4,388,246,73,104.37,177
2018,14-4585,2019,49.07535934,-120.7685013,1752,3.2,14.1,-6.4,20.5,1025,114,12.9,123.7,758,909,5375,11,168,132,259,128,659,-37.9,30.4,13.6,483,306,71,66.46,307
2018,14-4587,2019,49.0782814,-120.917923,1679,3.5,14.5,-6.1,20.6,1095,131,12.3,110.3,724,961,5268,13,174,129,262,132,656,-37.4,30.7,13.6,486,297,71,72.69,335
2018,14-4588,2019,49.0820198,-120.9236526,1792,3,13.9,-6.5,20.4,1114,133,11.7,104.4,791,872,5460,10,168,132,261,130,704,-37.7,30,13.5,464,280,73,77.76,289
2018,19JCG13,2019,49.11692047,-120.6429367,1080,6.1,17.9,-4.2,22.1,769,103,21,174.6,505,1549,4376,72,204,118,266,148,335,-35.6,35,14,635,427,67,21.04,708
2018,19JCG15,2019,49.11320114,-120.6441498,1046,6.3,18.1,-4,22.1,776,103,21,176.3,491,1586,4315,79,205,117,266,149,328,-35.5,35.3,14,642,433,67,20.65,735
2018,19JCG18,2019,49.11236953,-120.6519089,1088,6.1,17.8,-4.2,22,772,102,20.8,174.4,508,1539,4389,71,203,118,266,148,339,-35.7,35,14,632,425,67,21.73,701
2019,MP 291,1976,49.03950881,-120.8720016,1308,4.2,15.2,-8.4,23.6,694,243,20.5,62.7,690,1146,5026,21,176,133,267,135,251,-37,33.2,13.9,570,306,67,26.19,427
2019,MP 292,1976,49.03998947,-120.8811035,1277,4.3,15.4,-8.3,23.7,703,246,20.3,62.5,687,1169,4996,22,178,132,267,135,253,-36.9,33.4,13.9,575,308,67,26.46,443
2019,MP 293,1976,49.04455947,-120.8516998,1259,4.5,15.5,-8.2,23.7,666,234,21.7,66.2,660,1197,4931,24,178,132,268,136,228,-36.9,33.6,14,595,321,66,21.58,460
2019,MP 294,1976,49.11808013,-120.8660965,1402,3.8,14.8,-8.9,23.7,684,233,20.2,63.4,721,1066,5151,17,172,135,267,132,259,-37.2,32.6,13.9,515,266,68,27.7,378
2019,MP 295,1976,49.11931991,-120.8755035,1353,4,15,-8.8,23.8,687,235,20.3,64,720,1110,5104,19,175,134,267,133,258,-37.1,33,13.9,525,273,68,26.78,405
2019,MP 296,1976,49.12162017,-120.8731003,1381,3.9,14.9,-8.9,23.8,687,235,20.2,63.4,720,1084,5129,18,174,134,267,133,259,-37.1,32.7,13.9,519,268,68,27.47,390
2019,MP 299,1976,49.04080963,-120.8787003,1311,4.1,15.2,-8.4,23.7,700,245,20.2,62.1,696,1141,5038,21,176,133,267,135,256,-37,33.2,13.9,568,303,68,27.15,424
2019,MP 281,1976,49.10832977,-120.7583008,1921,1.8,12.3,-10.7,23,760,256,15.5,48.2,944,671,5893,4,150,146,265,119,387,-38.4,29.3,13.6,421,182,71,47.82,163
2019,MP 285,1976,49.07500076,-120.7750015,1481,3.7,14.4,-9.1,23.5,631,223,21.7,64.7,716,1017,5203,14,170,137,266,129,235,-37.2,32.1,13.9,509,274,67,23.11,344
2019,MP 286,1976,49.07500076,-120.7750015,1326,4.3,15.2,-8.7,23.8,610,220,23.4,69,671,1148,4997,20,176,134,266,132,206,-36.8,33.1,14,589,328,66,16.77,426
2019,MP 287,1976,49.11643981,-120.8702011,1250,4.3,15.5,-8.5,24,685,234,20.8,66.4,706,1191,4997,24,178,132,267,135,252,-37,33.7,13.9,582,318,67,23.84,458
2019,MP 288,1976,49.11574935,-120.8669968,1259,4.3,15.5,-8.5,24,684,233,20.8,66.3,702,1184,5000,23,177,132,267,135,251,-37,33.6,13.9,580,317,67,23.99,453
2019,MP 289,1976,49.04022979,-120.8937988,1466,3.7,14.5,-8.8,23.3,712,248,19.2,58.2,711,1015,5199,14,171,136,267,132,267,-37.2,32.1,13.8,501,249,68,32.16,344
2019,MP 290,1976,49.03955841,-120.8881989,1353,4,15,-8.6,23.6,709,248,19.8,60.6,696,1107,5077,19,175,134,267,134,259,-37,32.9,13.9,559,294,68,29.06,402
2019,35079,1979,49.18056106,-120.9610977,770,6.8,18.2,-6.5,24.7,671,222,25.1,82.1,464,1721,4131,89,215,118,277,159,154,-33,36.7,13.9,687,400,67,9.65,815
2019,35179,1979,49.08110809,-120.8127975,1210,4.6,15.7,-8.1,23.8,622,219,23.6,71.8,642,1234,4858,26,180,131,267,136,202,-36.8,33.9,14,607,339,66,15.56,484
2019,35379,1979,49.08889007,-120.8139038,1210,4.5,15.6,-8.4,24,637,223,22.8,70,665,1222,4901,25,179,131,266,135,215,-36.8,33.8,14,603,333,66,17.7,476
2019,SK93710,1993,49.21475894,-121.0660627,695,7.4,18.1,-5.4,23.5,731,232,23.9,78,362,1762,3917,87,236,111,285,174,117,-30.2,35.9,13.5,662,361,70,19.26,820
2019,SK93711,1993,49.21441772,-121.0671746,686,7.5,18.2,-5.4,23.5,730,232,23.9,78.2,358,1770,3903,88,237,110,285,175,116,-30.1,35.9,13.5,662,361,70,19.15,825
2019,SK93721,1993,49.21632862,-121.0684733,698,7.4,18.1,-5.4,23.5,731,232,23.8,78,361,1756,3921,86,236,111,285,174,117,-30.2,35.8,13.5,660,359,70,19.45,815
2019,SK93722,1993,49.21739366,-121.0676078,698,7.4,18.1,-5.4,23.5,731,232,23.8,77.9,363,1756,3924,86,236,111,285,174,118,-30.3,35.8,13.5,660,360,70,19.5,815
2019,SK93734,1993,49.19803638,-120.9928605,869,6.6,17.6,-6.4,24,692,225,24,78.1,444,1619,4191,68,216,117,279,162,145,-32.6,35.5,13.7,647,361,68,16.39,732
2019,SK93735,1993,49.19748268,-120.9920592,869,6.6,17.6,-6.4,24,691,225,24.1,78.3,445,1618,4192,68,215,117,279,161,145,-32.7,35.5,13.8,648,361,68,16.25,732
2019,SK93736,1993,49.20192025,-120.9885846,823,6.8,17.8,-6.2,24,684,223,24.6,79.5,430,1660,4130,74,219,116,280,164,137,-32.3,35.7,13.7,654,369,68,14.74,761
2019,00NCc13,2000,49.22752855,-120.9627241,900,6.3,17.5,-7,24.5,708,228,23.1,76.8,491,1593,4289,66,208,119,276,157,168,-33.6,35.6,13.8,653,367,67,17.67,721
2019,00NCe73,2000,49.12286895,-120.8200364,1455,3.4,14.4,-9.3,23.7,692,235,19.4,61.2,773,1005,5290,14,168,137,265,128,285,-37.5,32.2,13.8,507,261,68,29.95,339
2019,00NCe74,2000,49.12958668,-120.8160951,1620,3,13.7,-9.7,23.3,699,236,18.6,57.9,791,884,5456,9,163,140,266,126,298,-37.8,31.1,13.8,475,237,69,34.59,269
2019,00NCe75,2000,49.13184343,-120.8212604,1750,2.7,13.1,-9.8,22.9,698,236,18.2,55.7,795,799,5563,7,159,142,266,125,300,-37.9,30.3,13.7,450,219,69,37.28,223
2019,00NCe76,2000,49.12956482,-120.8230328,1665,2.9,13.5,-9.6,23.1,693,236,18.6,57.3,787,856,5484,8,162,140,266,126,294,-37.8,30.9,13.8,466,231,69,34.91,253
2019,00NCe77,2000,49.06956013,-120.905716,1470,3.6,14.5,-8.9,23.4,718,246,19,59,725,1016,5216,14,171,136,268,132,277,-37.2,32.2,13.8,501,248,68,32.83,345
2019,00NCe78,2000,49.08614425,-120.9258513,1840,2.3,12.8,-9.9,22.6,743,249,16.6,51.3,846,740,5700,5,158,141,268,127,347,-37.7,29.7,13.5,425,191,71,44.91,195
2019,00NCe79,2000,49.08811762,-120.9446303,1790,2.6,13.1,-9.6,22.7,761,252,16.5,51.8,810,781,5604,7,162,139,270,131,340,-37.4,30,13.5,429,192,71,45.83,214
2019,00NCe82,2000,49.04462405,-120.9646257,1810,2.5,12.9,-9.6,22.5,783,260,15.9,49.6,823,763,5642,6,160,140,269,129,358,-37.4,30,13.5,429,183,72,48.29,206
2019,00NCe83,2000,49.0409285,-120.9723988,1800,2.5,13,-9.6,22.5,796,264,15.7,49,815,771,5621,6,161,139,269,130,361,-37.3,30,13.5,430,181,72,49.44,210
2019,00NCe84,2000,49.04042506,-120.9724193,685,8.1,18.9,-4.6,23.4,794,264,22.8,71.5,315,1908,3707,116,232,108,285,178,114,-32.2,36.1,13.9,695,360,66,20.57,918
2019,00NCe85,2000,49.03686803,-120.9645592,1705,3,13.5,-9.1,22.6,784,260,16.6,51.7,758,849,5454,8,167,137,270,134,328,-37,30.6,13.6,446,195,71,45.93,249
2019,00NCe86,2000,49.04063959,-120.9800327,1745,2.8,13.3,-9.3,22.6,798,264,16,50.2,779,816,5521,7,165,138,270,132,345,-37,30.3,13.5,439,188,71,48.33,232
2019,00NCe87,2000,49.03145849,-120.9420956,1820,2.4,12.9,-9.7,22.6,730,249,16.9,51.6,838,752,5675,6,159,141,268,127,337,-37.5,30,13.5,430,194,71,43.14,201
2019,00NCe89,2000,49.05549669,-120.9155332,1725,2.9,13.3,-9.4,22.7,719,246,17.9,54.1,771,831,5493,8,163,139,268,129,300,-37.4,30.5,13.7,450,211,70,39.17,240
2019,00NCe90,2000,49.06442921,-120.8922135,1325,4,15.1,-8.6,23.7,711,246,19.7,61.4,710,1126,5074,20,176,133,267,134,265,-37,33.1,13.9,565,298,68,28.72,415
2019,00NCe91,2000,49.11667802,-120.8651929,1450,3.7,14.6,-9,23.5,683,233,20,62.5,728,1028,5207,15,171,136,267,132,263,-37.3,32.3,13.8,505,260,68,28.85,354
2019,00NCe92,2000,49.12229155,-120.8690776,1665,2.9,13.6,-9.5,23.1,686,234,18.9,57.8,781,865,5467,8,163,139,267,128,286,-37.6,30.8,13.7,463,228,69,34.49,258
2019,00NCe93,2000,49.13832844,-120.8485222,1615,3.1,13.8,-9.6,23.4,697,241,18.7,57.3,782,900,5427,10,164,139,267,128,288,-37.6,31.1,13.7,473,232,69,34.49,278
2019,00NCe94,2000,49.1422333,-120.8451718,1565,3.1,14,-9.6,23.6,698,241,18.8,58,786,932,5393,11,166,138,266,128,289,-37.5,31.4,13.8,483,240,69,33.4,295
2019,00NCe95,2000,49.12585389,-120.8366702,1540,3.3,14.1,-9.3,23.4,682,234,19.5,60,756,950,5331,12,166,138,266,128,272,-37.6,31.7,13.8,490,249,68,30.74,305
2019,114791,2007,49.1638298,-120.7723007,2225,0.2,10.6,-12.1,22.8,867,285,11.8,37.3,1185,455,6451,1,132,154,262,109,547,-39.7,27.1,13.3,312,128,73,65.89,77
2019,114792,2007,49.16588973,-120.7787018,2225,0.2,10.6,-12.2,22.8,873,287,11.7,36.9,1191,451,6463,1,131,155,262,108,552,-39.8,27.1,13.4,312,128,73,66.53,76
2019,114793,2007,49.16717147,-120.7802963,2200,0.3,10.7,-12.1,22.8,869,287,11.9,37.5,1168,467,6414,1,133,154,262,108,539,-39.7,27.3,13.4,317,132,73,65.51,81
2019,114794,2007,49.16852951,-120.7815018,2145,0.6,11,-11.8,22.9,860,285,12.4,38.8,1120,502,6310,2,136,153,263,110,513,-39.5,27.6,13.4,325,141,72,63.32,93
2019,114795,2007,49.16878128,-120.781601,2140,0.7,11.1,-11.8,22.9,858,285,12.4,38.9,1116,506,6301,2,136,153,263,110,510,-39.5,27.7,13.4,326,142,72,63.08,95
2019,114796,2007,49.17169952,-120.7848969,2100,0.8,11.3,-11.6,22.9,844,282,12.8,40.1,1087,533,6231,2,139,151,263,112,488,-39.3,28,13.5,332,149,72,60.71,105
2019,114797,2007,49.17219924,-120.7894974,2125,0.7,11.2,-11.7,22.9,842,280,12.7,39.8,1107,518,6276,2,137,152,263,111,495,-39.4,27.8,13.4,329,147,72,61.02,99
2019,12-1929,2015,49.20005416,-120.9982758,906,6.5,17.4,-6.6,24,702,229,23.5,76.3,456,1589,4238,64,214,118,279,160,152,-32.6,35.4,13.7,642,355,68,18.06,713
2019,02-3085,2019,49.14056015,-120.7638931,2044,1.1,11.6,-11.3,23,846,276,13.2,42.1,1039,576,6121,2,142,150,264,114,475,-39,28.4,13.5,342,157,71,59.29,122
2019,02-3087,2019,49.1199913,-120.752121,1874,2,12.6,-10.5,23.1,771,258,15.6,48.9,905,711,5797,4,152,145,266,121,376,-38.3,29.6,13.6,431,189,70,47.53,181
2019,02-3088,2019,49.13434982,-120.7645264,1928,1.7,12.3,-10.8,23.1,813,266,14.4,46.2,950,666,5904,4,149,147,265,118,418,-38.5,29.3,13.6,421,176,71,53.18,160
2019,02-3089,2019,49.14989852,-120.7567673,2136,0.7,11.2,-11.8,22.9,850,279,12.6,40,1113,513,6290,2,137,152,263,110,508,-39.4,27.8,13.4,328,144,72,61.96,97
2019,02-3090,2019,49.1461296,-120.7544632,2119,0.8,11.2,-11.7,22.9,849,279,12.7,40.3,1098,523,6258,2,138,152,263,111,501,-39.3,27.9,13.5,331,146,72,61.46,101
2019,12-2000,2019,49.13544082,-120.7637634,1954,1.6,12.1,-10.9,23,820,268,14.2,45.3,969,645,5952,3,148,147,265,117,430,-38.7,29.1,13.6,416,172,71,54.5,151
2019,12-9554,2019,49.0820198,-120.9237823,1792,2.5,13,-9.7,22.7,739,248,16.9,52.3,824,772,5633,6,160,140,268,128,334,-37.7,30,13.6,435,199,71,43.29,211
2019,12-9555,2019,49.16053009,-120.76474,1876,2,12.5,-10.6,23.1,844,280,14.2,44.9,911,705,5809,4,152,145,266,120,413,-38.4,29.5,13.6,430,178,70,55.04,177
2019,14-4318,2019,49.10192108,-120.7574768,1956,1.6,12.1,-10.8,22.9,755,254,15.3,47.8,971,641,5961,3,148,147,265,118,397,-38.6,29,13.5,394,179,71,48.34,150
2019,14-4319,2019,49.10179138,-120.7552795,1890,1.9,12.5,-10.5,23,754,253,15.8,49.3,919,692,5836,4,152,145,266,120,375,-38.3,29.5,13.6,426,188,71,46.52,173
2019,14-4320,2019,49.07690048,-120.7710724,1815,2.4,12.9,-10,22.9,680,233,18.2,55.4,848,758,5672,6,156,143,266,123,310,-38.1,30,13.7,442,219,70,36.93,203
2019,14-4323,2019,49.16270065,-120.7649994,1994,1.4,11.9,-11.1,23,842,279,13.6,42.7,996,616,6020,2,146,148,265,117,449,-38.8,28.7,13.5,349,163,71,57.73,138
2019,14-4324,2019,49.16270065,-120.7649002,1988,1.5,12,-11.1,23,841,279,13.6,42.8,992,621,6009,2,146,148,265,117,447,-38.8,28.8,13.5,350,164,71,57.51,140
2019,14-4325,2019,49.15930175,-120.7705002,1981,1.5,12,-11,23,863,284,13.3,42,990,620,6007,2,146,148,265,116,460,-38.8,28.8,13.5,351,160,71,59.63,140
2019,14-4326,2019,49.1603012,-120.7731018,2030,1.2,11.7,-11.3,22.9,865,285,13,41,1027,582,6098,2,143,150,264,114,478,-39,28.5,13.5,343,154,71,61.06,124
2019,14-4361,2019,49.15879821,-120.7743988,2093,0.9,11.3,-11.5,22.9,869,286,12.5,39.6,1074,537,6212,2,139,151,263,112,502,-39.3,28,13.5,333,145,72,63.05,106
2019,14-4382,2019,49.1646614,-120.7790527,2197,0.4,10.8,-12.1,22.8,871,287,11.9,37.5,1165,468,6409,1,133,154,262,109,541,-39.7,27.3,13.4,317,132,73,65.73,82
2019,14-4383,2019,49.15822982,-120.7749863,2106,0.8,11.3,-11.6,22.8,870,286,12.5,39.3,1084,528,6235,2,139,152,263,112,506,-39.3,27.9,13.5,331,143,72,63.44,103
2019,14-4384,2019,49.15280151,-120.7717896,2062,1,11.5,-11.4,22.9,864,284,12.8,40.6,1055,560,6159,2,141,150,264,113,491,-39.1,28.3,13.5,338,150,72,61.75,115
2019,14-4385,2019,49.16463088,-120.7775726,2217,0.3,10.7,-12.1,22.8,873,287,11.8,37.1,1182,456,6446,1,132,154,262,108,549,-39.8,27.1,13.4,314,129,73,66.33,78
2019,14-4386,2019,49.10020828,-120.7596817,2009,1.3,11.8,-11.1,22.9,754,253,15,46.9,1015,601,6062,2,145,148,264,116,414,-38.8,28.6,13.5,346,173,72,49.53,133
2019,14-4387,2019,49.09149169,-120.7733994,1955,1.6,12.2,-10.7,22.9,741,245,15.7,49.7,963,649,5943,3,149,146,265,119,388,-38.5,29.1,13.5,395,186,71,46.67,153
2019,14-4388,2019,49.06903839,-120.7620316,1624,3.1,13.8,-9.4,23.2,641,227,20.4,60.7,769,900,5409,10,164,139,267,127,261,-37.6,31.2,13.8,478,251,69,28.22,277
2019,14-4573,2019,49.07849884,-120.9320297,1590,3.4,14,-8.9,22.9,733,247,18.3,56.7,712,940,5283,12,171,135,270,135,278,-37,31.3,13.7,470,223,69,37.56,297
2019,14-4577,2019,49.14511871,-120.7613602,2052,1.1,11.6,-11.3,22.9,851,279,13.1,41.6,1043,570,6134,2,142,150,264,113,479,-39.1,28.4,13.5,341,155,71,60.02,119
2019,14-4585,2019,49.07535934,-120.7685013,1752,2.7,13.2,-9.8,23,665,230,19.1,57.3,800,807,5564,7,159,142,267,125,287,-37.9,30.4,13.7,454,230,69,33.79,227
2019,14-4587,2019,49.0782814,-120.917923,1679,3,13.5,-9.3,22.9,729,246,17.9,54.9,757,862,5438,8,165,138,269,131,298,-37.4,30.7,13.7,457,215,69,39.23,256
2019,14-4588,2019,49.0820198,-120.9236526,1792,2.5,13,-9.7,22.7,739,248,16.9,52.3,824,772,5633,6,160,140,268,128,334,-37.7,30,13.6,435,199,71,43.28,211
2019,19JCG13,2019,49.11692047,-120.6429367,1080,5.6,16.8,-7.7,24.5,527,210,29.5,80,563,1437,4546,47,192,126,271,144,135,-35.6,35,14.1,643,390,65,1.03,618
2019,19JCG15,2019,49.11320114,-120.6441498,1046,5.7,17,-7.5,24.5,531,210,29.6,80.8,549,1473,4489,51,193,125,271,146,133,-35.5,35.3,14.1,651,396,65,0.39,643
2019,19JCG18,2019,49.11236953,-120.6519089,1088,5.5,16.8,-7.7,24.4,528,209,29.4,80,565,1427,4559,45,191,126,271,144,137,-35.7,35,14.1,641,388,65,1.46,611
2020,MP 291,1976,49.03950881,-120.8720016,1308,4.6,14.7,-4.6,19.3,1118,216,13,67.9,615,1152,4908,24,184,142,283,141,416,-37,33.2,13.9,535,254,69,68.08,443
2020,MP 292,1976,49.03998947,-120.8811035,1277,4.6,14.8,-4.7,19.5,1134,220,12.9,67.3,613,1173,4880,26,185,141,283,142,419,-36.9,33.4,13.9,540,255,70,69.04,457
2020,MP 293,1976,49.04455947,-120.8516998,1259,4.8,15,-4.4,19.4,1070,207,13.9,72.4,583,1199,4812,28,186,141,283,142,378,-36.9,33.6,13.9,548,276,69,61.27,473
2020,MP 294,1976,49.11808013,-120.8660965,1402,4.2,14.2,-4.7,18.9,1115,209,12.7,68.1,644,1076,5032,19,179,144,283,139,442,-37.2,32.6,13.8,515,245,70,70.43,396
2020,MP 295,1976,49.11931991,-120.8755035,1353,4.3,14.5,-4.8,19.2,1118,211,12.8,68.7,644,1114,4989,21,182,143,283,140,440,-37.1,33,13.8,525,252,70,69.5,420
2020,MP 296,1976,49.12162017,-120.8731003,1381,4.3,14.3,-4.7,19.1,1118,211,12.8,68,645,1094,5013,20,181,144,283,139,441,-37.1,32.7,13.8,519,247,70,70.22,407
2020,MP 299,1976,49.04080963,-120.8787003,1311,4.5,14.7,-4.7,19.3,1131,219,12.8,66.9,622,1145,4921,24,184,142,283,141,424,-37,33.2,13.8,533,250,70,69.61,440
2020,MP 281,1976,49.10832977,-120.7583008,1921,2.2,11.8,-5.3,17.1,1255,228,9.7,51.8,852,707,5753,7,155,156,280,125,643,-38.4,29.3,13.5,423,159,73,96.38,185
2020,MP 285,1976,49.07500076,-120.7750015,1481,4.1,13.9,-4.4,18.3,1014,189,13.9,73.5,634,1035,5065,18,177,146,282,135,395,-37.2,32.1,13.9,511,261,70,60.85,368
2020,MP 286,1976,49.07500076,-120.7750015,1326,4.7,14.6,-4.3,19,974,185,15.1,78.9,587,1153,4865,24,184,143,282,139,348,-36.8,33.1,13.9,542,294,69,52.5,442
2020,MP 287,1976,49.11643981,-120.8702011,1250,4.6,14.9,-4.8,19.8,1116,209,13.1,71.4,629,1191,4881,27,185,141,283,141,428,-37,33.7,13.9,546,273,70,66.45,468
2020,MP 288,1976,49.11574935,-120.8669968,1259,4.6,14.9,-4.8,19.7,1116,209,13.1,71.3,624,1184,4884,27,185,142,283,141,426,-37,33.6,13.9,544,272,69,66.62,464
2020,MP 289,1976,49.04022979,-120.8937988,1466,4.1,13.9,-4.5,18.4,1152,224,12.2,62.1,639,1031,5078,17,178,145,283,138,447,-37.2,32.1,13.8,503,216,70,75.72,366
2020,MP 290,1976,49.03955841,-120.8881989,1353,4.4,14.5,-4.6,19,1146,223,12.6,64.9,623,1114,4961,21,182,143,283,140,432,-37,32.9,13.8,525,238,70,72.21,419
2020,35079,1979,49.18056106,-120.9610977,770,7.2,17.6,-2.9,20.5,1113,207,15.4,84.9,385,1718,4015,89,224,126,293,167,263,-33,36.7,13.8,675,362,69,52.93,819
2020,35179,1979,49.08110809,-120.8127975,1210,5,15.2,-4.4,19.5,998,191,15.1,79.5,558,1238,4740,30,188,141,283,143,344,-36.8,33.9,14,558,303,68,52.6,494
2020,35379,1979,49.08889007,-120.8139038,1210,4.9,15.1,-4.6,19.6,1026,194,14.5,77.6,583,1227,4783,29,187,141,283,142,367,-36.8,33.8,13.9,555,297,69,55.97,486
2020,SK93710,1993,49.21475894,-121.0660627,695,7.7,17.5,-1.4,18.9,1229,226,14.4,77.6,291,1751,3819,89,246,118,301,183,203,-30.2,35.9,13.3,653,309,72,68.49,824
2020,SK93711,1993,49.21441772,-121.0671746,686,7.8,17.5,-1.3,18.9,1229,226,14.4,77.8,288,1759,3805,90,247,117,301,184,200,-30.1,35.9,13.3,653,310,72,68.4,830
2020,SK93721,1993,49.21632862,-121.0684733,698,7.7,17.5,-1.3,18.8,1229,225,14.4,77.6,290,1744,3823,88,245,118,301,183,202,-30.2,35.8,13.3,651,308,72,68.7,820
2020,SK93722,1993,49.21739366,-121.0676078,698,7.7,17.5,-1.4,18.9,1230,225,14.4,77.5,292,1744,3826,88,245,118,301,183,204,-30.3,35.8,13.3,651,308,72,68.75,820
2020,SK93734,1993,49.19803638,-120.9928605,869,6.9,17,-2.4,19.4,1154,214,14.7,79.2,367,1610,4085,69,225,125,295,170,255,-32.6,35.5,13.6,634,317,70,61.83,737
2020,SK93735,1993,49.19748268,-120.9920592,869,6.9,17,-2.4,19.4,1152,214,14.7,79.4,368,1609,4087,69,224,125,295,169,256,-32.7,35.5,13.6,635,318,70,61.64,736
2020,SK93736,1993,49.20192025,-120.9885846,823,7.1,17.2,-2.3,19.5,1136,212,15.1,81.1,354,1652,4024,75,228,124,296,172,241,-32.3,35.7,13.6,641,326,70,59.17,766
2020,00NCc13,2000,49.22752855,-120.9627241,900,6.7,16.9,-3.1,20,1181,213,14.1,79.5,411,1585,4178,66,217,128,292,165,301,-33.6,35.6,13.7,640,323,70,64.19,724
2020,00NCe73,2000,49.12286895,-120.8200364,1455,3.8,13.9,-5.1,19,1125,208,12.3,66.7,696,1022,5160,16,175,146,281,135,480,-37.5,32.2,13.8,508,240,71,72.83,361
2020,00NCe74,2000,49.12958668,-120.8160951,1620,3.4,13.1,-4.9,18,1137,208,11.8,63,713,908,5328,13,169,149,281,132,503,-37.8,31.1,13.7,476,211,71,77.91,294
2020,00NCe75,2000,49.13184343,-120.8212604,1750,3.1,12.6,-4.5,17.1,1134,208,11.5,60.4,717,826,5434,11,164,151,281,130,507,-37.9,30.3,13.7,451,190,71,80.37,248
2020,00NCe76,2000,49.12956482,-120.8230328,1665,3.3,13,-4.7,17.7,1125,208,11.8,62.3,709,881,5356,12,167,150,281,131,495,-37.8,30.9,13.7,467,203,71,77.65,279
2020,00NCe77,2000,49.06956013,-120.905716,1470,4,13.9,-4.6,18.5,1169,224,12,62.3,655,1032,5098,17,178,145,283,138,465,-37.2,32.2,13.7,502,215,71,77.62,367
2020,00NCe78,2000,49.08614425,-120.9258513,1840,2.7,12.2,-4.9,17.1,1225,229,10.3,53.4,783,771,5584,9,163,150,283,132,575,-37.7,29.7,13.5,427,156,74,92.4,219
2020,00NCe79,2000,49.08811762,-120.9446303,1790,2.9,12.5,-4.8,17.3,1257,233,10.3,53.6,749,810,5493,11,168,148,284,136,571,-37.4,30,13.4,431,155,74,94.87,239
2020,00NCe82,2000,49.04462405,-120.9646257,1810,2.8,12.3,-4.8,17.1,1289,247,9.9,50.1,764,793,5533,10,166,149,283,134,589,-37.4,30,13.4,431,148,74,98.27,230
2020,00NCe83,2000,49.0409285,-120.9723988,1800,2.9,12.4,-4.8,17.2,1310,250,9.8,49.5,756,801,5513,10,167,149,283,134,594,-37.3,30,13.4,431,146,74,100.22,234
2020,00NCe84,2000,49.04042506,-120.9724193,685,8.4,18.3,-0.9,19.2,1307,250,14.1,73.2,249,1916,3598,117,241,114,301,187,175,-32.2,36.1,13.8,692,297,68,70.7,933
2020,00NCe85,2000,49.03686803,-120.9645592,1705,3.3,12.9,-4.4,17.3,1291,247,10.3,52.3,697,875,5347,12,173,146,285,138,545,-37,30.6,13.5,447,159,73,96.22,275
2020,00NCe86,2000,49.04063959,-120.9800327,1745,3.1,12.7,-4.6,17.3,1316,251,10,50.4,720,844,5415,11,170,147,284,137,574,-37,30.3,13.5,440,152,73,99.61,258
2020,00NCe87,2000,49.03145849,-120.9420956,1820,2.7,12.3,-4.9,17.2,1190,231,10.7,53.2,777,784,5561,10,164,150,282,132,549,-37.5,30,13.5,432,159,74,88.38,225
2020,00NCe89,2000,49.05549669,-120.9155332,1725,3.2,12.8,-4.5,17.3,1169,225,11.3,56.7,705,858,5378,12,169,149,283,135,498,-37.4,30.5,13.6,452,175,72,83.66,266
2020,00NCe90,2000,49.06442921,-120.8922135,1325,4.4,14.6,-4.7,19.3,1154,223,12.5,65.4,637,1131,4960,22,183,143,283,140,442,-37,33.1,13.8,530,243,70,72.48,431
2020,00NCe91,2000,49.11667802,-120.8651929,1450,4,14,-4.7,18.7,1114,209,12.6,67.1,652,1041,5084,19,177,145,283,138,447,-37.3,32.3,13.8,506,236,70,71.6,373
2020,00NCe92,2000,49.12229155,-120.8690776,1665,3.3,13,-4.7,17.7,1118,210,11.9,61.8,709,888,5347,13,169,149,282,134,485,-37.6,30.8,13.6,463,198,71,77.3,284
2020,00NCe93,2000,49.13832844,-120.8485222,1615,3.4,13.2,-4.8,18,1132,214,11.9,61.8,708,922,5305,14,170,148,282,134,489,-37.6,31.1,13.7,473,203,71,77.63,303
2020,00NCe94,2000,49.1422333,-120.8451718,1565,3.5,13.4,-5,18.4,1133,214,11.9,62.6,712,952,5272,15,172,148,282,134,490,-37.5,31.4,13.7,484,211,71,76.53,320
2020,00NCe95,2000,49.12585389,-120.8366702,1540,3.7,13.5,-4.7,18.3,1109,208,12.4,65.1,679,969,5209,15,173,147,282,134,463,-37.6,31.7,13.8,491,223,70,73.15,330
2020,114791,2007,49.1638298,-120.7723007,2225,0.7,10.1,-6.5,16.6,1433,254,7.4,39.7,1085,495,6316,3,135,163,277,114,856,-39.7,27.1,13.3,329,121,75,121.13,92
2020,114792,2007,49.16588973,-120.7787018,2225,0.6,10.1,-6.6,16.6,1441,256,7.4,39.3,1090,491,6328,3,134,164,277,113,864,-39.8,27.1,13.3,330,120,75,122.03,90
2020,114793,2007,49.16717147,-120.7802963,2200,0.8,10.2,-6.5,16.7,1432,255,7.5,40,1068,506,6280,3,136,163,277,114,848,-39.7,27.3,13.3,334,122,75,120.51,96
2020,114794,2007,49.16852951,-120.7815018,2145,1,10.5,-6.2,16.7,1414,253,7.8,41.4,1022,541,6176,5,139,162,277,116,814,-39.5,27.6,13.4,343,126,75,117.43,109
2020,114795,2007,49.16878128,-120.781601,2140,1.1,10.5,-6.2,16.7,1411,253,7.8,41.6,1018,544,6167,5,140,162,277,116,811,-39.5,27.7,13.4,344,127,74,117.06,111
2020,114796,2007,49.17169952,-120.7848969,2100,1.3,10.7,-6.1,16.8,1383,250,8.1,43,991,571,6098,5,142,161,278,117,780,-39.3,28,13.4,350,130,74,113.31,122
2020,114797,2007,49.17219924,-120.7894974,2125,1.1,10.6,-6.2,16.8,1379,249,8.1,42.6,1011,555,6143,5,141,161,277,116,788,-39.4,27.8,13.4,346,128,75,113.47,115
2020,12-1929,2015,49.20005416,-120.9982758,906,6.8,16.9,-2.5,19.3,1172,218,14.3,77.3,379,1580,4134,66,222,126,294,168,268,-32.6,35.4,13.6,629,309,71,64.34,718
2020,02-3085,2019,49.14056015,-120.7638931,2044,1.6,11.1,-5.8,16.9,1407,248,8.2,44.8,943,614,5983,6,146,159,279,119,773,-39,28.4,13.4,361,136,74,114.22,141
2020,02-3087,2019,49.1199913,-120.752121,1874,2.5,12.1,-5.1,17.2,1274,229,9.8,52.7,813,746,5656,9,157,155,281,126,630,-38.3,29.6,13.6,433,166,73,97.01,205
2020,02-3088,2019,49.13434982,-120.7645264,1928,2.2,11.8,-5.4,17.1,1353,239,9,49.2,858,702,5766,7,154,156,280,124,696,-38.5,29.3,13.5,423,153,73,106.22,182
2020,02-3089,2019,49.14989852,-120.7567673,2136,1.1,10.6,-6.2,16.8,1412,248,7.9,42.7,1014,553,6151,5,140,162,278,116,814,-39.4,27.8,13.4,346,130,75,116.79,114
2020,02-3090,2019,49.1461296,-120.7544632,2119,1.2,10.7,-6.1,16.8,1410,248,7.9,43.1,999,563,6119,5,141,161,278,116,805,-39.3,27.9,13.4,349,131,74,116.24,119
2020,12-2000,2019,49.13544082,-120.7637634,1954,2,11.6,-5.5,17.1,1365,241,8.8,48.2,876,682,5814,7,152,157,280,123,712,-38.7,29.1,13.5,376,143,73,107.96,172
2020,12-9554,2019,49.0820198,-120.9237823,1792,2.8,12.4,-4.8,17.2,1215,228,10.6,54.5,761,802,5518,10,165,150,283,133,556,-37.7,30,13.5,436,163,73,90.32,235
2020,12-9555,2019,49.16053009,-120.76474,1876,2.4,12,-5.1,17.1,1393,249,8.9,48.2,819,738,5672,9,157,155,281,126,687,-38.4,29.5,13.6,431,152,72,109.13,200
2020,14-4318,2019,49.10192108,-120.7574768,1956,2,11.6,-5.5,17,1248,225,9.6,51.5,879,679,5821,7,152,157,280,123,654,-38.6,29,13.5,374,148,74,96.56,171
2020,14-4319,2019,49.10179138,-120.7552795,1890,2.4,11.9,-5.2,17.1,1245,225,9.9,53.2,828,729,5695,8,157,155,280,126,624,-38.3,29.5,13.5,428,165,73,94.73,196
2020,14-4320,2019,49.07690048,-120.7710724,1815,2.8,12.4,-4.7,17.1,1107,199,11.6,62,760,791,5531,10,161,153,281,129,512,-38.1,30,13.6,444,192,72,78.76,229
2020,14-4323,2019,49.16270065,-120.7649994,1994,1.8,11.4,-5.6,16.9,1387,248,8.5,45.8,901,652,5883,6,150,158,280,122,735,-38.8,28.7,13.5,368,138,74,111.27,158
2020,14-4324,2019,49.16270065,-120.7649002,1988,1.9,11.4,-5.5,16.9,1386,248,8.6,46,897,656,5872,6,150,157,280,122,731,-38.8,28.8,13.5,369,138,74,111.01,160
2020,14-4325,2019,49.15930175,-120.7705002,1981,1.9,11.4,-5.6,17,1428,254,8.3,45,896,656,5870,6,150,158,279,122,753,-38.8,28.8,13.5,370,138,73,115.06,160
2020,14-4326,2019,49.1603012,-120.7731018,2030,1.6,11.1,-5.8,16.9,1428,254,8.1,43.8,932,619,5963,6,147,159,279,120,774,-39,28.5,13.4,361,134,74,116.25,143
2020,14-4361,2019,49.15879821,-120.7743988,2093,1.3,10.8,-6,16.8,1437,255,7.9,42.3,978,575,6076,5,143,160,278,118,805,-39.3,28,13.4,351,130,74,118.54,124
2020,14-4382,2019,49.1646614,-120.7790527,2197,0.8,10.2,-6.4,16.7,1438,256,7.5,40,1066,508,6275,3,136,163,277,114,850,-39.7,27.3,13.3,334,122,75,121.12,97
2020,14-4383,2019,49.15822982,-120.7749863,2106,1.2,10.7,-6,16.8,1438,255,7.8,42,988,567,6099,5,142,161,278,117,811,-39.3,27.9,13.4,349,129,74,118.99,120
2020,14-4384,2019,49.15280151,-120.7717896,2062,1.5,11,-5.9,16.9,1431,253,8,43.3,959,598,6023,5,145,160,278,119,792,-39.1,28.3,13.4,357,133,74,117.18,133
2020,14-4385,2019,49.16463088,-120.7775726,2217,0.7,10.1,-6.5,16.6,1442,256,7.4,39.5,1082,496,6311,3,135,163,277,113,860,-39.8,27.1,13.3,331,121,75,121.9,92
2020,14-4386,2019,49.10020828,-120.7596817,2009,1.7,11.3,-5.7,17,1247,224,9.4,50.4,921,640,5922,6,149,158,279,121,675,-38.8,28.6,13.4,366,141,74,97.6,153
2020,14-4387,2019,49.09149169,-120.7733994,1955,2.1,11.6,-5.4,17,1226,217,9.8,53.8,873,687,5805,7,153,156,280,124,638,-38.5,29.1,13.5,375,153,74,94.16,175
2020,14-4388,2019,49.06903839,-120.7620316,1624,3.5,13.3,-4.6,17.8,1029,191,13.1,69.3,687,927,5271,14,171,149,282,133,430,-37.6,31.2,13.7,480,231,71,66.45,306
2020,14-4573,2019,49.07849884,-120.9320297,1590,3.8,13.4,-4.2,17.6,1201,228,11.5,58.9,644,959,5176,15,177,144,285,141,473,-37,31.3,13.6,471,185,71,84.17,324
2020,14-4577,2019,49.14511871,-120.7613602,2052,1.5,11.1,-5.8,16.9,1413,249,8.2,44.4,947,607,5996,6,145,160,278,119,778,-39.1,28.4,13.4,360,135,74,115.01,138
2020,14-4585,2019,49.07535934,-120.7685013,1752,3.1,12.7,-4.5,17.2,1077,196,12.2,64.7,720,837,5424,11,165,151,282,130,475,-37.9,30.4,13.7,456,203,71,74.19,254
2020,14-4587,2019,49.0782814,-120.917923,1679,3.4,13,-4.4,17.4,1196,226,11.2,57.4,690,886,5325,13,171,148,283,136,503,-37.4,30.7,13.6,458,178,72,85.48,282
2020,14-4588,2019,49.0820198,-120.9236526,1792,2.8,12.4,-4.8,17.2,1215,228,10.6,54.5,761,802,5518,10,165,150,283,133,556,-37.7,30,13.5,436,163,73,90.31,235
2020,19JCG13,2019,49.11692047,-120.6429367,1080,6,16.3,-3.6,19.9,808,171,19.8,95.4,465,1450,4397,50,201,135,287,152,227,-35.6,35,14,636,369,67,27.8,632
2020,19JCG15,2019,49.11320114,-120.6441498,1046,6.2,16.5,-3.5,20,816,172,19.9,96.2,452,1488,4340,54,203,134,287,153,223,-35.5,35.3,14.1,644,375,67,27.43,658
2020,19JCG18,2019,49.11236953,-120.6519089,1088,6,16.3,-3.6,19.9,813,171,19.7,95.1,468,1440,4412,49,200,135,287,152,230,-35.7,35,14,623,366,67,28.61,625
2021,MP 291,1976,49.03950881,-120.8720016,1308,4.6,17.4,-8.9,26.3,1032,152,14.2,114.8,728,1323,4902,50,179,162,264,102,373,-37,33.2,13.9,617,385,68,55.23,590
2021,MP 292,1976,49.03998947,-120.8811035,1277,4.7,17.5,-8.9,26.5,1046,154,14.1,113.8,726,1350,4876,53,181,161,264,103,377,-36.9,33.4,13.9,613,388,69,56.02,605
2021,MP 293,1976,49.04455947,-120.8516998,1259,4.9,17.7,-8.6,26.3,987,145,15.1,122.5,697,1380,4808,58,182,160,264,104,339,-36.9,33.6,14,632,399,68,48.82,625
2021,MP 294,1976,49.11808013,-120.8660965,1402,4.3,16.9,-8.9,25.9,1001,142,14.3,119.6,753,1246,5016,40,175,164,263,99,375,-37.2,32.6,13.9,586,375,69,54.72,538
2021,MP 295,1976,49.11931991,-120.8755035,1353,4.4,17.2,-9.1,26.3,1004,143,14.4,119.8,753,1286,4975,45,177,163,263,101,375,-37.1,33,13.9,596,383,69,53.74,565
2021,MP 296,1976,49.12162017,-120.8731003,1381,4.3,17,-9,26,1003,143,14.3,119.2,753,1264,4997,43,176,163,264,100,374,-37.1,32.7,13.9,590,378,69,54.37,550
2021,MP 299,1976,49.04080963,-120.8787003,1311,4.6,17.4,-8.9,26.3,1043,153,14,113.3,734,1317,4916,49,179,162,264,102,381,-37,33.2,13.9,605,382,69,56.59,586
2021,MP 281,1976,49.10832977,-120.7583008,1921,2.3,14.4,-9.1,23.5,1130,148,10.9,97.1,945,855,5713,12,152,178,262,84,554,-38.4,29.3,13.6,461,288,72,79.87,288
2021,MP 285,1976,49.07500076,-120.7750015,1481,4.2,16.7,-8.4,25.1,938,133,15.1,126.3,743,1204,5042,36,172,167,262,96,353,-37.2,32.1,13.9,551,377,69,48.9,508
2021,MP 286,1976,49.07500076,-120.7750015,1326,4.8,17.6,-8.3,25.8,903,131,16.4,134.5,701,1333,4853,52,179,162,262,100,314,-36.8,33.1,14,627,404,68,40.99,594
2021,MP 287,1976,49.11643981,-120.8702011,1250,4.7,17.7,-9.4,27.1,1003,142,14.7,124.3,739,1373,4874,57,181,160,263,103,367,-37,33.7,13.9,619,401,69,50.81,622
2021,MP 288,1976,49.11574935,-120.8669968,1259,4.7,17.7,-9.3,26.9,1003,142,14.7,124.5,735,1366,4876,56,181,161,263,103,365,-37,33.6,13.9,617,399,68,51.01,617
2021,MP 289,1976,49.04022979,-120.8937988,1466,4.1,16.6,-8.4,25,1060,156,13.3,105.9,749,1191,5064,34,173,165,263,98,395,-37.2,32.1,13.8,541,354,69,62.45,500
2021,MP 290,1976,49.03955841,-120.8881989,1353,4.5,17.1,-8.7,25.8,1055,156,13.7,110.1,735,1282,4953,45,178,162,263,101,386,-37,32.9,13.9,596,374,69,59.02,561
2021,35079,1979,49.18056106,-120.9610977,770,7.3,20.4,-6.9,27.4,984,137,17.5,149.6,507,1900,4064,173,221,140,273,133,213,-33,36.7,13.9,722,484,68,34.76,972
2021,35179,1979,49.08110809,-120.8127975,1210,5.1,18,-8.5,26.5,911,132,16.6,136.3,675,1422,4735,64,184,159,264,104,300,-36.8,33.9,14.1,644,416,67,39.48,653
2021,35379,1979,49.08889007,-120.8139038,1210,5,18,-8.7,26.6,934,134,16.1,134.1,698,1410,4778,63,183,159,263,103,319,-36.8,33.8,14,641,412,68,42.35,644
2021,SK93710,1993,49.21475894,-121.0660627,695,7.8,20.2,-5.1,25.3,1071,146,16.6,138.4,396,1925,3866,162,241,131,282,151,157,-30.2,35.9,13.4,690,453,71,48.27,969
2021,SK93711,1993,49.21441772,-121.0671746,686,7.8,20.2,-5.1,25.3,1071,146,16.6,138.7,392,1933,3853,164,242,131,283,152,155,-30.1,35.9,13.4,699,453,71,48.19,974
2021,SK93721,1993,49.21632862,-121.0684733,698,7.8,20.1,-5.1,25.2,1071,146,16.6,138.2,395,1919,3870,160,241,131,282,151,157,-30.2,35.8,13.4,696,452,71,48.43,964
2021,SK93722,1993,49.21739366,-121.0676078,698,7.8,20.1,-5.1,25.3,1071,146,16.6,138.1,397,1918,3873,160,241,131,282,151,158,-30.3,35.8,13.4,689,452,71,48.44,964
2021,SK93734,1993,49.19803638,-120.9928605,869,7,19.7,-6.3,26,1013,139,16.8,141.9,482,1787,4122,136,221,140,276,136,201,-32.6,35.5,13.7,680,450,69,43.09,890
2021,SK93735,1993,49.19748268,-120.9920592,869,7,19.7,-6.3,26,1012,139,16.8,142.2,483,1787,4123,136,221,140,276,135,202,-32.7,35.5,13.7,681,450,69,42.93,890
2021,SK93736,1993,49.20192025,-120.9885846,823,7.2,19.9,-6.1,26.1,996,138,17.3,144.4,468,1830,4057,147,225,139,277,138,188,-32.3,35.7,13.7,687,456,69,40.39,918
2021,00NCc13,2000,49.22752855,-120.9627241,900,6.8,19.7,-7,26.7,1033,139,16.2,142.4,531,1767,4214,135,214,143,273,130,230,-33.6,35.6,13.8,686,455,69,44.56,882
2021,00NCe73,2000,49.12286895,-120.8200364,1455,3.9,16.6,-9.4,26,1014,140,13.7,118.4,800,1190,5135,34,171,167,262,95,411,-37.5,32.2,13.8,548,369,69,57.32,499
2021,00NCe74,2000,49.12958668,-120.8160951,1620,3.5,15.8,-8.9,24.7,1022,140,13.2,112.6,816,1069,5296,24,165,171,262,92,425,-37.8,31.1,13.8,515,342,70,62.16,421
2021,00NCe75,2000,49.13184343,-120.8212604,1750,3.2,15.2,-8.5,23.7,1019,141,12.9,108.1,818,981,5401,18,161,173,263,90,424,-37.9,30.3,13.7,489,320,70,64.82,363
2021,00NCe76,2000,49.12956482,-120.8230328,1665,3.4,15.6,-8.8,24.4,1013,140,13.2,111.1,812,1040,5324,21,164,171,262,91,417,-37.8,30.9,13.8,506,334,70,62.25,402
2021,00NCe77,2000,49.06956013,-120.905716,1470,4.1,16.5,-8.7,25.2,1066,154,13.2,107.2,763,1192,5082,34,173,165,264,99,405,-37.2,32.2,13.8,540,354,70,63.13,501
2021,00NCe78,2000,49.08614425,-120.9258513,1840,2.7,14.6,-8.6,23.2,1104,157,11.5,93.4,880,911,5561,14,159,173,265,92,489,-37.7,29.7,13.5,463,290,72,76.57,321
2021,00NCe79,2000,49.08811762,-120.9446303,1790,3,14.8,-8.4,23.2,1132,160,11.5,93,847,950,5470,16,163,170,266,96,482,-37.4,30,13.5,467,292,73,78.69,344
2021,00NCe82,2000,49.04462405,-120.9646257,1810,2.9,14.7,-8.4,23.1,1177,169,10.9,86.9,863,931,5514,15,161,171,265,93,513,-37.4,30,13.5,467,281,73,83.5,332
2021,00NCe83,2000,49.0409285,-120.9723988,1800,2.9,14.8,-8.4,23.1,1197,173,10.8,85.3,855,938,5495,15,162,171,265,94,517,-37.3,30,13.5,467,280,73,85.43,337
2021,00NCe84,2000,49.04042506,-120.9724193,685,8.5,20.9,-4.4,25.2,1195,173,15.5,120.8,347,2085,3662,208,238,127,283,155,161,-32.2,36.1,13.9,739,444,67,55.04,1073
2021,00NCe85,2000,49.03686803,-120.9645592,1705,3.4,15.3,-8,23.3,1182,170,11.3,89.8,798,1019,5329,19,168,167,266,99,478,-37,30.6,13.5,484,295,72,81.65,386
2021,00NCe86,2000,49.04063959,-120.9800327,1745,3.2,15.1,-8.2,23.2,1202,173,11,86.8,821,986,5398,17,166,169,266,97,499,-37,30.3,13.5,476,287,73,84.66,364
2021,00NCe87,2000,49.03145849,-120.9420956,1820,2.8,14.7,-8.5,23.2,1093,161,11.7,91.1,876,922,5542,14,160,172,264,91,482,-37.5,30,13.5,468,290,73,75.09,327
2021,00NCe89,2000,49.05549669,-120.9155332,1725,3.3,15.3,-8.2,23.5,1069,156,12.4,97.8,807,1005,5356,19,164,170,265,95,432,-37.4,30.5,13.6,488,311,71,69.91,378
2021,00NCe90,2000,49.06442921,-120.8922135,1325,4.5,17.3,-9,26.3,1055,153,13.7,112.6,747,1301,4952,47,178,162,263,101,393,-37,33.1,13.9,601,380,69,58.41,575
2021,00NCe91,2000,49.11667802,-120.8651929,1450,4.1,16.7,-8.8,25.5,1001,142,14.1,118,760,1208,5065,36,173,165,263,98,379,-37.3,32.3,13.8,545,367,69,56,512
2021,00NCe92,2000,49.12229155,-120.8690776,1665,3.4,15.6,-8.6,24.3,1002,142,13.4,109.8,811,1044,5318,22,165,170,264,94,406,-37.6,30.8,13.7,502,331,70,61.7,405
2021,00NCe93,2000,49.13832844,-120.8485222,1615,3.5,15.9,-8.8,24.7,1014,144,13.3,110.2,810,1081,5275,25,166,169,263,94,409,-37.6,31.1,13.7,512,338,70,61.65,430
2021,00NCe94,2000,49.1422333,-120.8451718,1565,3.6,16.1,-9.1,25.2,1014,144,13.4,111.8,814,1113,5237,27,168,169,263,94,412,-37.5,31.4,13.7,523,347,70,60.38,451
2021,00NCe95,2000,49.12585389,-120.8366702,1540,3.8,16.2,-8.8,25.1,997,140,13.8,115.6,784,1132,5177,29,168,168,262,94,391,-37.6,31.7,13.8,530,355,69,57.63,462
2021,114791,2007,49.1638298,-120.7723007,2225,0.8,12.5,-10.1,22.7,1276,163,8.4,76.7,1173,625,6268,3,137,186,259,73,727,-39.7,27.1,13.3,344,223,74,101.74,155
2021,114792,2007,49.16588973,-120.7787018,2225,0.7,12.4,-10.2,22.6,1283,165,8.4,75.6,1179,620,6281,3,136,187,259,72,732,-39.8,27.1,13.3,344,223,74,102.55,153
2021,114793,2007,49.16717147,-120.7802963,2200,0.9,12.6,-10.1,22.7,1274,165,8.5,76.5,1156,637,6232,3,137,186,259,73,717,-39.7,27.3,13.4,348,226,74,101.07,161
2021,114794,2007,49.16852951,-120.7815018,2145,1.2,12.9,-9.9,22.8,1257,164,8.9,78.9,1104,676,6129,4,140,185,260,75,685,-39.5,27.6,13.4,375,235,73,98.06,183
2021,114795,2007,49.16878128,-120.781601,2140,1.2,12.9,-9.9,22.8,1255,164,8.9,79.2,1100,680,6119,4,140,185,260,75,682,-39.5,27.7,13.4,418,246,73,97.71,185
2021,114796,2007,49.17169952,-120.7848969,2100,1.4,13.2,-9.8,23,1228,162,9.3,81.5,1074,710,6047,7,142,184,260,76,654,-39.3,28,13.4,426,253,73,94.08,201
2021,114797,2007,49.17219924,-120.7894974,2125,1.3,13.1,-9.9,22.9,1224,162,9.2,80.8,1093,692,6091,4,141,184,259,75,661,-39.4,27.8,13.4,422,250,73,94.23,192
2021,12-1929,2015,49.20005416,-120.9982758,906,6.9,19.6,-6.4,26,1027,141,16.4,138.8,494,1757,4169,129,219,142,276,134,213,-32.6,35.4,13.7,675,445,70,45.34,871
2021,02-3085,2019,49.14056015,-120.7638931,2044,1.7,13.6,-9.5,23.1,1258,159,9.3,85.7,1030,758,5936,8,145,182,261,78,657,-39,28.4,13.5,439,264,73,95.41,229
2021,02-3087,2019,49.1199913,-120.752121,1874,2.6,14.7,-8.9,23.5,1144,148,11,98.8,908,895,5617,13,155,177,262,86,538,-38.3,29.6,13.6,471,297,71,79.87,313
2021,02-3088,2019,49.13434982,-120.7645264,1928,2.3,14.3,-9.2,23.4,1208,153,10.2,93.3,949,850,5724,11,152,179,262,83,590,-38.5,29.3,13.6,461,285,72,87.71,284
2021,02-3089,2019,49.14989852,-120.7567673,2136,1.2,13.1,-9.9,22.9,1260,159,8.9,82.2,1097,690,6099,4,141,185,260,75,691,-39.4,27.8,13.4,421,250,73,97.85,191
2021,02-3090,2019,49.1461296,-120.7544632,2119,1.3,13.2,-9.8,22.9,1260,159,9,82.8,1083,702,6068,5,141,184,260,76,684,-39.3,27.9,13.4,424,252,73,97.43,197
2021,12-2000,2019,49.13544082,-120.7637634,1954,2.1,14.1,-9.2,23.4,1219,154,10,91.6,967,829,5771,11,150,180,262,82,604,-38.7,29.1,13.6,456,281,72,89.4,272
2021,12-9554,2019,49.0820198,-120.9237823,1792,2.9,14.9,-8.5,23.3,1097,156,11.8,95.1,859,942,5495,15,161,172,264,93,474,-37.7,30,13.5,473,298,72,74.75,340
2021,12-9555,2019,49.16053009,-120.76474,1876,2.5,14.6,-9,23.5,1240,160,10.1,91.2,912,888,5630,13,154,177,262,85,577,-38.4,29.5,13.6,469,289,71,89.77,307
2021,14-4318,2019,49.10192108,-120.7574768,1956,2.1,14.1,-9.2,23.3,1127,148,10.8,95.9,970,826,5781,10,150,179,262,82,565,-38.6,29,13.5,453,283,72,80.54,270
2021,14-4319,2019,49.10179138,-120.7552795,1890,2.5,14.5,-8.9,23.5,1125,147,11.1,98.8,922,877,5657,13,154,177,262,85,539,-38.3,29.5,13.6,466,293,72,78.67,302
2021,14-4320,2019,49.07690048,-120.7710724,1815,2.9,15,-8.5,23.5,1019,138,12.7,108.7,859,939,5500,16,158,175,263,88,451,-38.1,30,13.7,482,316,71,65.93,339
2021,14-4323,2019,49.16270065,-120.7649994,1994,2,13.9,-9.4,23.3,1234,160,9.7,87.2,989,799,5837,9,148,180,261,81,617,-38.8,28.7,13.5,446,271,72,92.01,253
2021,14-4324,2019,49.16270065,-120.7649002,1988,2,13.9,-9.3,23.3,1233,159,9.7,87.5,985,803,5826,10,149,180,261,81,614,-38.8,28.8,13.5,448,272,72,91.75,256
2021,14-4325,2019,49.15930175,-120.7705002,1981,2,13.9,-9.3,23.3,1273,163,9.4,85.5,984,803,5825,9,148,180,261,81,634,-38.8,28.8,13.5,449,270,72,95.63,255
2021,14-4326,2019,49.1603012,-120.7731018,2030,1.7,13.6,-9.5,23.1,1274,163,9.2,83.4,1019,763,5915,8,146,182,261,79,653,-39,28.5,13.5,439,262,72,96.9,232
2021,14-4361,2019,49.15879821,-120.7743988,2093,1.4,13.2,-9.7,22.9,1282,164,8.9,80.8,1062,716,6026,7,143,184,260,77,681,-39.3,28,13.4,427,252,73,99.29,204
2021,14-4382,2019,49.1646614,-120.7790527,2197,0.9,12.6,-10.1,22.7,1281,165,8.5,76.6,1154,639,6227,3,137,186,259,73,720,-39.7,27.3,13.4,348,226,74,101.71,163
2021,14-4383,2019,49.15822982,-120.7749863,2106,1.4,13.2,-9.7,22.9,1284,164,8.9,80.3,1071,706,6049,6,142,184,260,76,686,-39.3,27.9,13.4,424,250,73,99.78,199
2021,14-4384,2019,49.15280151,-120.7717896,2062,1.6,13.4,-9.6,23.1,1278,162,9.1,82.7,1045,740,5975,8,144,183,260,78,671,-39.1,28.3,13.5,433,258,73,98.06,219
2021,14-4385,2019,49.16463088,-120.7775726,2217,0.8,12.5,-10.1,22.6,1284,164,8.4,76,1171,626,6264,3,136,187,259,73,730,-39.8,27.1,13.3,345,223,74,102.45,156
2021,14-4386,2019,49.10020828,-120.7596817,2009,1.8,13.8,-9.4,23.2,1127,147,10.5,93.9,1010,785,5880,9,148,181,261,80,585,-38.8,28.6,13.5,443,275,73,81.74,246
2021,14-4387,2019,49.09149169,-120.7733994,1955,2.2,14.2,-9.1,23.3,1111,144,10.9,98.2,965,833,5766,11,151,179,262,83,553,-38.5,29.1,13.5,454,286,72,78.78,274
2021,14-4388,2019,49.06903839,-120.7620316,1624,3.6,16,-8.6,24.5,957,135,14.2,118.7,792,1089,5241,25,166,170,263,93,386,-37.6,31.2,13.8,520,350,70,55.01,435
2021,14-4573,2019,49.07849884,-120.9320297,1590,3.9,15.9,-7.9,23.8,1087,156,12.8,101.9,749,1112,5148,26,172,165,266,101,406,-37,31.3,13.7,509,327,70,68.96,447
2021,14-4577,2019,49.14511871,-120.7613602,2052,1.7,13.5,-9.5,23.1,1263,159,9.2,84.9,1033,751,5949,8,145,183,260,78,660,-39.1,28.4,13.5,437,262,73,96.12,225
2021,14-4585,2019,49.07535934,-120.7685013,1752,3.2,15.3,-8.3,23.6,994,137,13.3,112.3,821,992,5393,19,161,173,263,90,420,-37.9,30.4,13.7,494,328,70,61.85,372
2021,14-4587,2019,49.0782814,-120.917923,1679,3.5,15.5,-8.1,23.6,1083,155,12.4,99.9,793,1036,5302,21,166,169,265,96,430,-37.4,30.7,13.7,496,317,71,70.33,398
2021,14-4588,2019,49.0820198,-120.9236526,1792,2.9,14.9,-8.5,23.3,1097,156,11.8,95.1,859,943,5494,15,161,172,264,93,474,-37.7,30,13.5,473,298,72,74.74,340
2021,19JCG13,2019,49.11692047,-120.6429367,1080,6.2,19.3,-7.5,26.8,737,115,21.9,167.8,584,1645,4404,109,198,152,267,115,198,-35.6,35,14.1,684,477,66,15.65,803
2021,19JCG15,2019,49.11320114,-120.6441498,1046,6.3,19.5,-7.4,26.9,745,115,21.9,168.9,572,1683,4352,118,200,151,268,117,195,-35.5,35.3,14.2,692,484,66,15.22,828
2021,19JCG18,2019,49.11236953,-120.6519089,1088,6.1,19.2,-7.5,26.8,742,115,21.7,166.7,588,1634,4418,106,197,153,267,115,201,-35.7,35,14.1,682,474,66,16.53,796
2022,MP 291,1976,49.03950881,-120.8720016,1308,4.5,17.3,-9.1,26.5,872,199,16.7,87.1,774,1346,4956,57,178,160,279,119,479,-37,33.2,14.1,581,270,67,38.81,597
2022,MP 292,1976,49.03998947,-120.8811035,1277,4.6,17.5,-9.1,26.6,883,202,16.5,86.5,772,1371,4928,60,180,159,279,120,482,-36.9,33.4,14.1,586,272,67,39.28,612
2022,MP 293,1976,49.04455947,-120.8516998,1259,4.8,17.6,-8.8,26.4,837,191,17.7,92,744,1398,4864,64,181,159,280,121,438,-36.9,33.6,14.1,594,286,66,33.46,629
2022,MP 294,1976,49.11808013,-120.8660965,1402,4.2,16.9,-9.1,26.1,861,191,16.4,88.4,807,1271,5079,47,175,161,278,117,501,-37.2,32.6,14,560,262,68,40.3,550
2022,MP 295,1976,49.11931991,-120.8755035,1353,4.3,17.2,-9.3,26.5,861,191,16.6,89.7,805,1311,5034,52,177,160,279,118,495,-37.1,33,14,571,269,68,39,576
2022,MP 296,1976,49.12162017,-120.8731003,1381,4.2,17,-9.2,26.2,862,192,16.5,88.7,807,1290,5058,49,176,161,279,118,499,-37.1,32.7,14,565,265,68,39.8,562
2022,MP 299,1976,49.04080963,-120.8787003,1311,4.5,17.3,-9.2,26.5,880,201,16.4,86,780,1341,4969,56,178,160,279,119,489,-37,33.2,14,579,268,68,39.94,594
2022,MP 281,1976,49.10832977,-120.7583008,1921,2.1,14.4,-9.3,23.8,984,221,12.3,65.3,1025,888,5774,15,154,170,275,106,743,-38.4,29.3,13.7,402,186,71,65.44,316
2022,MP 285,1976,49.07500076,-120.7750015,1481,4,16.5,-8.6,25.2,799,177,17.5,93.3,801,1223,5119,39,172,163,277,114,465,-37.2,32.1,14,554,268,67,34.99,516
2022,MP 286,1976,49.07500076,-120.7750015,1326,4.6,17.3,-8.5,25.8,769,173,19,99.9,754,1347,4922,56,178,160,278,117,406,-36.8,33.1,14.1,588,299,66,27.44,596
2022,MP 287,1976,49.11643981,-120.8702011,1250,4.6,17.6,-9.6,27.2,861,191,17,92.3,789,1393,4931,64,180,159,279,120,474,-37,33.7,14.1,593,286,67,36.12,627
2022,MP 288,1976,49.11574935,-120.8669968,1259,4.6,17.6,-9.5,27.1,861,191,16.9,92,786,1386,4933,63,180,159,279,119,473,-37,33.6,14.1,591,284,67,36.4,622
2022,MP 289,1976,49.04022979,-120.8937988,1466,4,16.6,-8.6,25.2,895,205,15.7,80.8,798,1219,5121,40,173,162,278,116,527,-37.2,32.1,14,546,243,68,45.63,516
2022,MP 290,1976,49.03955841,-120.8881989,1353,4.4,17.1,-8.9,26,890,204,16.1,83.8,782,1307,5006,51,177,160,279,119,502,-37,32.9,14,570,260,68,42.1,572
2022,35079,1979,49.18056106,-120.9610977,770,7.2,20.4,-7.1,27.5,843,184,20.4,110.8,536,1914,4112,186,214,143,290,147,297,-33,36.7,14,686,367,67,20.67,987
2022,35179,1979,49.08110809,-120.8127975,1210,5,17.8,-8.7,26.6,781,177,19.2,100.7,722,1435,4798,70,182,158,279,121,388,-36.8,33.9,14.2,606,309,66,26.33,652
2022,35379,1979,49.08889007,-120.8139038,1210,4.9,17.7,-8.9,26.7,803,181,18.5,98,747,1423,4840,68,182,158,279,120,413,-36.8,33.8,14.1,603,303,66,29.01,645
2022,SK93710,1993,49.21475894,-121.0660627,695,7.7,20.3,-5.2,25.6,910,191,19.5,106.3,414,1946,3905,185,232,135,298,164,253,-30.2,35.9,13.6,674,330,70,31.75,1000
2022,SK93711,1993,49.21441772,-121.0671746,686,7.8,20.4,-5.2,25.5,910,191,19.5,106.5,410,1954,3892,187,232,134,299,165,250,-30.1,35.9,13.5,675,330,70,31.65,1005
2022,SK93721,1993,49.21632862,-121.0684733,698,7.7,20.3,-5.2,25.5,910,191,19.5,106.6,414,1940,3908,183,232,135,298,164,253,-30.2,35.8,13.6,672,329,70,31.91,996
2022,SK93722,1993,49.21739366,-121.0676078,698,7.7,20.3,-5.2,25.5,910,191,19.5,106.5,416,1940,3912,183,231,135,298,164,254,-30.3,35.8,13.6,673,330,70,31.93,996
2022,SK93734,1993,49.19803638,-120.9928605,869,6.9,19.8,-6.4,26.2,868,187,19.5,105.5,510,1808,4159,152,214,142,292,150,297,-32.6,35.5,13.8,645,331,68,28.45,910
2022,SK93735,1993,49.19748268,-120.9920592,869,6.9,19.8,-6.5,26.2,867,187,19.5,105.7,511,1807,4161,152,214,142,292,149,297,-32.7,35.5,13.8,645,331,68,28.3,909
2022,SK93736,1993,49.20192025,-120.9885846,823,7.1,20,-6.3,26.2,855,185,20,108.2,495,1850,4103,163,217,141,293,152,283,-32.3,35.7,13.8,652,339,68,26.22,939
2022,00NCc13,2000,49.22752855,-120.9627241,900,6.7,19.7,-7.1,26.9,886,186,18.8,106.1,564,1785,4256,149,208,145,289,144,335,-33.6,35.6,13.9,651,337,67,29.67,897
2022,00NCe73,2000,49.12286895,-120.8200364,1455,3.8,16.5,-9.6,26.2,875,193,15.7,85.5,860,1213,5209,39,171,163,276,113,543,-37.5,32.2,14,552,255,68,43.11,511
2022,00NCe74,2000,49.12958668,-120.8160951,1620,3.3,15.8,-9.2,25,884,194,15.1,81.5,882,1094,5363,28,165,165,276,111,578,-37.8,31.1,13.9,451,232,69,48.26,440
2022,00NCe75,2000,49.13184343,-120.8212604,1750,3,15.3,-8.7,24,881,194,14.8,78.9,889,1013,5460,22,162,167,277,110,589,-37.9,30.3,13.9,428,214,69,51.01,391
2022,00NCe76,2000,49.12956482,-120.8230328,1665,3.2,15.6,-9,24.6,874,193,15.1,81,880,1068,5388,26,164,166,277,111,572,-37.8,30.9,13.9,443,226,69,48.32,424
2022,00NCe77,2000,49.06956013,-120.905716,1470,4,16.6,-8.9,25.5,904,204,15.5,81.5,814,1222,5140,40,173,162,279,117,541,-37.2,32.2,13.9,545,244,68,46.54,518
2022,00NCe78,2000,49.08614425,-120.9258513,1840,2.6,14.9,-8.7,23.7,939,206,13.5,72.2,946,954,5595,18,161,166,278,113,679,-37.7,29.7,13.7,406,196,71,59.81,359
2022,00NCe79,2000,49.08811762,-120.9446303,1790,2.9,15.2,-8.5,23.7,960,209,13.4,72.7,910,997,5506,21,164,164,280,116,670,-37.4,30,13.6,410,197,71,61.26,383
2022,00NCe82,2000,49.04462405,-120.9646257,1810,2.8,15,-8.6,23.6,992,223,12.9,67.4,923,979,5543,20,163,165,279,114,707,-37.4,30,13.7,409,196,71,64.65,372
2022,00NCe83,2000,49.0409285,-120.9723988,1800,2.8,15.1,-8.5,23.6,1007,226,12.8,66.9,914,986,5523,20,164,164,279,115,713,-37.3,30,13.6,409,195,71,66.05,377
2022,00NCe84,2000,49.04042506,-120.9724193,685,8.4,21,-4.5,25.5,1005,225,18.3,93.2,358,2095,3705,223,230,131,300,169,233,-32.2,36.1,13.9,721,313,65,36.43,1101
2022,00NCe85,2000,49.03686803,-120.9645592,1705,3.3,15.6,-8.2,23.8,994,224,13.4,69.8,853,1060,5366,25,169,162,281,118,657,-37,30.6,13.7,424,204,71,62.58,421
2022,00NCe86,2000,49.04063959,-120.9800327,1745,3.1,15.4,-8.3,23.7,1010,226,13,68.1,877,1029,5429,23,167,163,280,117,688,-37,30.3,13.7,418,200,71,65.12,403
2022,00NCe87,2000,49.03145849,-120.9420956,1820,2.7,15,-8.7,23.7,920,209,13.8,71.6,937,963,5573,19,161,166,278,112,663,-37.5,30,13.7,410,199,71,57.44,365
2022,00NCe89,2000,49.05549669,-120.9155332,1725,3.2,15.5,-8.4,23.8,904,205,14.6,75.5,866,1043,5399,24,165,165,279,115,597,-37.4,30.5,13.8,428,208,70,53.17,411
2022,00NCe90,2000,49.06442921,-120.8922135,1325,4.4,17.2,-9.2,26.5,895,204,16.1,84.4,795,1326,5005,54,178,160,279,119,508,-37,33.1,14,575,264,68,41.89,585
2022,00NCe91,2000,49.11667802,-120.8651929,1450,4,16.7,-9,25.7,861,191,16.3,87.3,816,1234,5129,41,173,162,278,116,510,-37.3,32.3,14,550,255,68,41.6,526
2022,00NCe92,2000,49.12229155,-120.8690776,1665,3.3,15.7,-8.8,24.5,863,192,15.4,81.6,874,1075,5375,26,166,165,278,113,562,-37.6,30.8,13.8,440,225,69,47.58,430
2022,00NCe93,2000,49.13832844,-120.8485222,1615,3.4,15.9,-9,24.9,876,197,15.3,81,874,1108,5338,29,167,164,278,113,565,-37.6,31.1,13.9,449,228,69,47.68,450
2022,00NCe94,2000,49.1422333,-120.8451718,1565,3.5,16.1,-9.3,25.4,877,197,15.4,81.8,877,1138,5308,32,168,164,277,113,561,-37.5,31.4,13.9,458,235,69,46.46,468
2022,00NCe95,2000,49.12585389,-120.8366702,1540,3.7,16.2,-9.1,25.3,860,192,15.9,84.5,845,1159,5248,33,169,164,277,113,531,-37.6,31.7,14,494,243,68,43.72,477
2022,114791,2007,49.1638298,-120.7723007,2225,0.6,12.8,-10.4,23.2,1109,241,9.5,53.1,1267,675,6336,7,138,174,271,97,990,-39.7,27.1,13.5,351,150,73,84.99,190
2022,114792,2007,49.16588973,-120.7787018,2225,0.6,12.7,-10.4,23.2,1115,241,9.5,52.8,1273,670,6347,7,137,174,270,96,999,-39.8,27.1,13.5,351,150,73,85.53,187
2022,114793,2007,49.16717147,-120.7802963,2200,0.7,12.9,-10.3,23.2,1107,240,9.7,53.6,1249,687,6299,7,139,174,271,97,980,-39.7,27.3,13.5,356,153,72,84.21,196
2022,114794,2007,49.16852951,-120.7815018,2145,1,13.2,-10.1,23.3,1093,238,10,55.4,1203,724,6195,8,141,173,271,98,941,-39.5,27.6,13.6,365,159,72,81.6,217
2022,114795,2007,49.16878128,-120.781601,2140,1,13.2,-10.1,23.3,1091,238,10.1,55.6,1199,728,6186,8,142,173,271,98,937,-39.5,27.7,13.6,365,159,72,81.3,219
2022,114796,2007,49.17169952,-120.7848969,2100,1.2,13.4,-10,23.5,1070,234,10.5,57.4,1171,756,6116,9,144,173,272,99,903,-39.3,28,13.6,372,164,72,78.21,235
2022,114797,2007,49.17219924,-120.7894974,2125,1.1,13.3,-10.1,23.4,1066,233,10.4,57.2,1190,740,6161,9,143,173,271,98,912,-39.4,27.8,13.6,369,162,72,78.35,226
2022,12-1929,2015,49.20005416,-120.9982758,906,6.8,19.7,-6.5,26.2,880,190,19.1,103.2,524,1779,4205,146,212,144,292,148,312,-32.6,35.4,13.8,640,324,68,30.33,891
2022,02-3085,2019,49.14056015,-120.7638931,2044,1.5,13.8,-9.8,23.6,1093,237,10.5,58,1117,799,6004,11,147,172,273,101,891,-39,28.4,13.7,383,171,71,79.11,260
2022,02-3087,2019,49.1199913,-120.752121,1874,2.4,14.7,-9.1,23.9,998,222,12.4,66.2,987,925,5682,17,156,169,276,107,728,-38.3,29.6,13.8,411,191,70,65.45,340
2022,02-3088,2019,49.13434982,-120.7645264,1928,2.1,14.4,-9.4,23.8,1052,230,11.5,62.7,1031,884,5790,14,153,170,275,105,800,-38.5,29.3,13.7,402,184,71,72.22,313
2022,02-3089,2019,49.14989852,-120.7567673,2136,1,13.3,-10.1,23.4,1097,238,10.1,55.9,1196,736,6173,9,142,173,272,98,935,-39.4,27.8,13.6,368,162,72,81.58,224
2022,02-3090,2019,49.1461296,-120.7544632,2119,1.1,13.4,-10,23.4,1097,238,10.1,56.1,1181,747,6141,9,143,173,272,99,926,-39.3,27.9,13.6,370,163,72,81.2,230
2022,12-2000,2019,49.13544082,-120.7637634,1954,2,14.3,-9.5,23.8,1061,231,11.3,61.7,1049,865,5837,14,152,171,274,104,820,-38.7,29.1,13.7,398,181,71,73.74,301
2022,12-9554,2019,49.0820198,-120.9237823,1792,2.8,15.1,-8.7,23.8,933,206,13.7,73.3,922,988,5532,20,162,165,278,113,658,-37.7,30,13.7,415,201,71,58.05,378
2022,12-9555,2019,49.16053009,-120.76474,1876,2.3,14.7,-9.2,23.9,1082,237,11.4,62,992,920,5695,16,155,169,275,106,796,-38.4,29.5,13.8,410,185,70,74.11,336
2022,14-4318,2019,49.10192108,-120.7574768,1956,1.9,14.2,-9.5,23.7,979,219,12.2,65.2,1052,861,5845,13,152,170,275,104,757,-38.6,29,13.7,396,183,71,65.88,299
2022,14-4319,2019,49.10179138,-120.7552795,1890,2.3,14.6,-9.2,23.8,977,218,12.6,66.8,1001,909,5720,16,155,169,275,106,724,-38.3,29.5,13.7,407,189,71,64.09,329
2022,14-4320,2019,49.07690048,-120.7710724,1815,2.7,15,-8.8,23.8,869,189,14.6,79.4,933,968,5560,19,159,168,277,109,610,-38.1,30,13.8,421,213,70,51.15,367
2022,14-4323,2019,49.16270065,-120.7649994,1994,1.8,14,-9.6,23.7,1077,235,10.9,59.7,1075,838,5902,12,150,171,274,103,849,-38.8,28.7,13.7,390,174,71,76.35,283
2022,14-4324,2019,49.16270065,-120.7649002,1988,1.8,14.1,-9.6,23.7,1076,235,11,59.8,1071,842,5892,12,150,171,274,103,845,-38.8,28.8,13.7,391,174,71,76.12,286
2022,14-4325,2019,49.15930175,-120.7705002,1981,1.8,14.1,-9.6,23.7,1107,241,10.7,58.5,1070,842,5890,12,150,171,274,103,871,-38.8,28.8,13.7,392,174,71,79.18,285
2022,14-4326,2019,49.1603012,-120.7731018,2030,1.6,13.8,-9.7,23.6,1107,241,10.4,57.3,1106,805,5983,11,147,172,273,101,896,-39,28.5,13.7,383,169,71,80.34,263
2022,14-4361,2019,49.15879821,-120.7743988,2093,1.2,13.5,-9.9,23.4,1113,242,10.1,55.7,1152,761,6096,9,144,173,272,100,931,-39.3,28,13.6,373,162,72,82.48,238
2022,14-4382,2019,49.1646614,-120.7790527,2197,0.7,12.9,-10.3,23.2,1112,241,9.6,53.5,1246,689,6294,7,139,174,271,97,983,-39.7,27.3,13.5,356,153,72,84.73,197
2022,14-4383,2019,49.15822982,-120.7749863,2106,1.2,13.4,-10,23.4,1115,242,10,55.3,1161,752,6119,9,143,173,272,99,938,-39.3,27.9,13.6,371,161,72,82.89,232
2022,14-4384,2019,49.15280151,-120.7717896,2062,1.4,13.6,-9.9,23.5,1110,241,10.3,56.7,1132,784,6043,10,146,172,273,100,916,-39.1,28.3,13.6,378,167,72,81.35,251
2022,14-4385,2019,49.16463088,-120.7775726,2217,0.6,12.8,-10.4,23.2,1115,241,9.5,53,1264,676,6331,7,138,174,270,97,995,-39.8,27.1,13.5,352,151,73,85.44,190
2022,14-4386,2019,49.10020828,-120.7596817,2009,1.7,14,-9.7,23.6,978,218,11.9,64.1,1093,824,5944,12,149,171,274,103,782,-38.8,28.6,13.6,387,178,72,66.99,275
2022,14-4387,2019,49.09149169,-120.7733994,1955,2,14.3,-9.4,23.7,959,209,12.5,68.4,1045,869,5827,14,153,170,275,105,744,-38.5,29.1,13.7,397,186,71,63.7,304
2022,14-4388,2019,49.06903839,-120.7620316,1624,3.5,15.9,-8.8,24.7,811,180,16.6,88.1,857,1108,5315,29,167,165,278,113,514,-37.6,31.2,13.9,454,243,69,40.6,449
2022,14-4573,2019,49.07849884,-120.9320297,1590,3.8,16.1,-8,24.2,923,206,14.9,78.3,802,1145,5204,32,172,161,281,120,562,-37,31.3,13.8,446,221,69,52.18,472
2022,14-4577,2019,49.14511871,-120.7613602,2052,1.5,13.7,-9.8,23.5,1098,238,10.4,57.5,1121,792,6018,10,146,172,273,100,897,-39.1,28.4,13.6,381,169,71,79.81,256
2022,14-4585,2019,49.07535934,-120.7685013,1752,3,15.3,-8.5,23.8,846,185,15.4,82.9,892,1018,5458,22,162,167,277,110,569,-37.9,30.4,13.9,432,224,69,47.31,395
2022,14-4587,2019,49.0782814,-120.917923,1679,3.3,15.7,-8.3,24,920,205,14.5,76.4,851,1072,5349,26,167,164,279,115,596,-37.4,30.7,13.8,435,213,69,53.79,428
2022,14-4588,2019,49.0820198,-120.9236526,1792,2.8,15.1,-8.7,23.8,933,206,13.7,73.3,922,988,5532,20,162,165,278,113,658,-37.7,30,13.7,415,201,71,58.04,378
2022,19JCG13,2019,49.11692047,-120.6429367,1080,5.9,18.9,-7.8,26.7,658,173,24.2,109.3,634,1634,4490,110,194,152,283,131,263,-35.6,35,14.2,641,345,65,8.4,788
2022,19JCG15,2019,49.11320114,-120.6441498,1046,6.1,19.1,-7.7,26.8,664,173,24.2,110.1,620,1671,4437,118,195,151,284,132,259,-35.5,35.3,14.2,649,351,65,7.89,814
2022,19JCG18,2019,49.11236953,-120.6519089,1088,5.9,18.8,-7.8,26.7,660,172,24.1,109.4,637,1624,4503,107,193,153,283,131,267,-35.7,35,14.2,639,344,65,8.96,781
2023,MP 291,1976,49.03950881,-120.8720016,1308,5.2,16,-3.7,19.7,710,151,21.4,106.4,573,1345,4683,39,188,122,268,146,410,-37,33.2,14.2,576,344,68,21.32,575
2023,MP 292,1976,49.03998947,-120.8811035,1277,5.3,16.2,-3.7,19.9,719,153,21.3,106,570,1368,4655,42,189,122,268,146,412,-36.9,33.4,14.2,581,347,68,21.64,592
2023,MP 293,1976,49.04455947,-120.8516998,1259,5.5,16.3,-3.5,19.8,682,145,22.7,112.2,542,1396,4586,45,190,121,268,147,383,-36.9,33.6,14.2,588,361,67,16.66,612
2023,MP 294,1976,49.11808013,-120.8660965,1402,4.9,15.6,-3.9,19.5,698,146,21.3,106.7,598,1269,4792,31,185,123,268,145,422,-37.2,32.6,14.1,557,333,68,22.47,520
2023,MP 295,1976,49.11931991,-120.8755035,1353,5,15.8,-3.8,19.7,699,147,21.4,107.9,596,1311,4748,34,187,122,268,145,418,-37.1,33,14.1,567,341,68,21.41,550
2023,MP 296,1976,49.12162017,-120.8731003,1381,4.9,15.7,-3.9,19.6,699,147,21.3,106.8,598,1289,4771,32,186,123,268,145,420,-37.1,32.7,14.1,561,336,68,22.1,534
2023,MP 299,1976,49.04080963,-120.8787003,1311,5.2,16,-3.7,19.7,717,152,21.1,105.3,579,1339,4696,38,188,122,268,146,416,-37,33.2,14.1,574,342,68,22.28,571
2023,MP 281,1976,49.10832977,-120.7583008,1921,2.8,13,-5.6,18.5,793,166,16.2,78.4,815,858,5510,9,165,129,265,136,568,-38.4,29.3,13.8,424,234,71,45.29,265
2023,MP 285,1976,49.07500076,-120.7750015,1481,4.7,15.2,-4.1,19.4,658,138,22.4,110.1,598,1221,4837,26,183,124,266,142,406,-37.2,32.1,14.2,552,336,68,19.01,483
2023,MP 286,1976,49.07500076,-120.7750015,1326,5.3,16.1,-3.7,19.8,636,136,24.1,118.3,550,1352,4642,39,188,122,266,144,367,-36.8,33.1,14.2,583,366,67,12.64,576
2023,MP 287,1976,49.11643981,-120.8702011,1250,5.3,16.3,-3.8,20.2,699,146,21.9,111.8,579,1391,4642,45,189,122,268,146,407,-37,33.7,14.2,588,360,68,18.68,610
2023,MP 288,1976,49.11574935,-120.8669968,1259,5.3,16.3,-3.8,20.1,699,146,21.9,111.6,576,1384,4644,44,189,122,268,146,407,-37,33.6,14.2,586,358,68,18.88,605
2023,MP 289,1976,49.04022979,-120.8937988,1466,4.7,15.2,-4.1,19.3,728,154,20.2,98.6,601,1215,4847,26,183,123,267,144,436,-37.2,32.1,14.1,543,313,68,27.1,480
2023,MP 290,1976,49.03955841,-120.8881989,1353,5,15.8,-3.8,19.6,725,154,20.8,102.7,582,1305,4734,34,187,122,268,145,423,-37,32.9,14.1,565,333,68,24.12,546
2023,35079,1979,49.18056106,-120.9610977,770,7.9,19.2,-1.8,21,684,139,26.2,138,342,1926,3819,152,226,114,280,166,288,-33,36.7,14.1,725,447,67,3.32,993
2023,35179,1979,49.08110809,-120.8127975,1210,5.7,16.5,-3.4,19.9,638,137,24.6,121.1,517,1434,4508,50,192,121,268,147,349,-36.8,33.9,14.3,599,379,66,10.69,639
2023,35379,1979,49.08889007,-120.8139038,1210,5.6,16.5,-3.6,20.1,654,139,23.8,118.5,540,1423,4555,48,191,121,267,146,368,-36.8,33.8,14.2,597,374,67,12.84,631
2023,SK93710,1993,49.21475894,-121.0660627,695,8.5,19,-0.4,19.5,736,143,25.1,132.8,256,1971,3609,150,248,108,290,182,250,-30.2,35.9,13.7,690,410,70,12.58,999
2023,SK93711,1993,49.21441772,-121.0671746,686,8.5,19.1,-0.4,19.5,736,143,25.1,133.1,253,1980,3596,152,249,108,290,182,248,-30.1,35.9,13.7,691,410,70,12.46,1004
2023,SK93721,1993,49.21632862,-121.0684733,698,8.5,19,-0.4,19.4,736,143,25.1,132.9,256,1965,3612,148,248,108,290,182,250,-30.2,35.8,13.7,688,408,70,12.77,994
2023,SK93722,1993,49.21739366,-121.0676078,698,8.4,19,-0.4,19.5,737,143,25,132.8,257,1965,3616,149,248,108,290,181,251,-30.3,35.8,13.7,689,408,70,12.79,994
2023,SK93734,1993,49.19803638,-120.9928605,869,7.7,18.5,-1.4,19.9,702,141,25.2,131.4,327,1822,3871,119,227,113,282,169,288,-32.6,35.5,13.9,685,407,69,10.22,909
2023,SK93735,1993,49.19748268,-120.9920592,869,7.7,18.5,-1.4,19.9,701,141,25.2,131.6,327,1822,3873,119,227,113,282,169,289,-32.7,35.5,14,685,408,68,10.11,909
2023,SK93736,1993,49.20192025,-120.9885846,823,7.9,18.7,-1.2,19.9,692,140,25.8,134,314,1866,3812,129,231,112,283,171,276,-32.3,35.7,13.9,692,415,69,8.22,939
2023,00NCc13,2000,49.22752855,-120.9627241,900,7.4,18.5,-2,20.5,717,143,24.3,129.7,365,1795,3963,117,220,114,279,165,321,-33.6,35.6,14.1,691,411,68,11.24,898
2023,00NCe73,2000,49.12286895,-120.8200364,1455,4.5,15.2,-4.3,19.5,710,148,20.4,102.3,650,1207,4918,26,181,124,265,141,452,-37.5,32.2,14.1,550,325,69,24.9,477
2023,00NCe74,2000,49.12958668,-120.8160951,1620,4,14.4,-4.6,19,717,149,19.6,96.4,671,1079,5081,19,176,125,266,140,471,-37.8,31.1,14,517,297,69,29.77,396
2023,00NCe75,2000,49.13184343,-120.8212604,1750,3.7,13.8,-4.7,18.5,716,149,19.2,92.8,677,993,5184,15,173,126,266,140,473,-37.9,30.3,14,492,275,69,32.71,341
2023,00NCe76,2000,49.12956482,-120.8230328,1665,4,14.2,-4.6,18.8,710,148,19.7,95.5,668,1051,5107,17,175,126,266,140,464,-37.8,30.9,14,508,290,69,30.08,378
2023,00NCe77,2000,49.06956013,-120.905716,1470,4.7,15.2,-4.1,19.3,734,153,20,99.2,612,1217,4860,26,183,123,268,145,445,-37.2,32.2,14,543,314,69,27.8,482
2023,00NCe78,2000,49.08614425,-120.9258513,1840,3.3,13.5,-5,18.5,761,155,17.5,86.9,741,930,5334,12,172,126,268,142,506,-37.7,29.7,13.8,427,248,72,40.72,306
2023,00NCe79,2000,49.08811762,-120.9446303,1790,3.6,13.8,-4.8,18.6,779,157,17.4,87.7,706,973,5241,12,176,124,270,145,508,-37.4,30,13.7,431,249,72,41.59,330
2023,00NCe82,2000,49.04462405,-120.9646257,1810,3.5,13.6,-4.9,18.5,805,164,16.7,83.2,724,952,5287,11,174,125,268,143,526,-37.4,30,13.7,430,242,72,44.59,318
2023,00NCe83,2000,49.0409285,-120.9723988,1800,3.5,13.7,-4.9,18.6,818,166,16.5,82.5,716,961,5267,12,175,125,269,144,532,-37.3,30,13.7,431,240,72,45.76,323
2023,00NCe84,2000,49.04042506,-120.9724193,685,9.1,19.6,0,19.6,816,165,23.4,118.7,225,2120,3424,190,241,107,290,183,231,-32.2,36.1,14,749,403,66,15.15,1102
2023,00NCe85,2000,49.03686803,-120.9645592,1705,4,14.2,-4.5,18.6,807,164,17.3,86.5,658,1042,5104,16,180,123,270,147,507,-37,30.6,13.8,487,256,71,42.05,370
2023,00NCe86,2000,49.04063959,-120.9800327,1745,3.8,14,-4.7,18.6,820,166,16.8,84.3,680,1008,5170,13,178,124,269,146,522,-37,30.3,13.8,480,248,72,44.5,350
2023,00NCe87,2000,49.03145849,-120.9420956,1820,3.4,13.5,-5,18.6,748,155,17.9,87.2,738,940,5320,11,172,126,267,142,492,-37.5,30,13.8,431,251,72,39,312
2023,00NCe89,2000,49.05549669,-120.9155332,1725,3.9,14,-4.6,18.6,734,153,18.9,91.3,667,1024,5134,15,177,125,268,144,466,-37.4,30.5,13.9,491,270,70,34.49,359
2023,00NCe90,2000,49.06442921,-120.8922135,1325,5.1,15.9,-3.8,19.7,727,153,20.7,103.8,592,1325,4728,37,187,122,268,145,428,-37,33.1,14.1,571,338,68,23.77,561
2023,00NCe91,2000,49.11667802,-120.8651929,1450,4.7,15.3,-4,19.3,698,146,21.1,105.1,607,1230,4841,27,183,123,267,144,426,-37.3,32.3,14.1,547,325,68,23.59,493
2023,00NCe92,2000,49.12229155,-120.8690776,1665,4,14.2,-4.6,18.8,700,147,20,97.1,666,1059,5097,18,176,125,267,142,449,-37.6,30.8,14,504,288,69,29.42,383
2023,00NCe93,2000,49.13832844,-120.8485222,1615,4.1,14.5,-4.6,19.1,712,151,19.8,96,664,1095,5056,20,178,125,267,142,457,-37.6,31.1,14,515,293,69,29.37,407
2023,00NCe94,2000,49.1422333,-120.8451718,1565,4.2,14.7,-4.5,19.2,712,151,19.9,97.2,665,1126,5025,21,179,125,267,142,457,-37.5,31.4,14,525,301,69,28.2,427
2023,00NCe95,2000,49.12585389,-120.8366702,1540,4.4,14.8,-4.3,19.1,698,147,20.6,100.6,635,1143,4966,22,179,124,266,142,439,-37.6,31.7,14.1,532,311,68,25.63,438
2023,114791,2007,49.1638298,-120.7723007,2225,1.3,11.3,-6.9,18.3,894,184,12.7,61.7,1030,617,6061,3,147,134,261,127,688,-39.7,27.1,13.6,372,177,73,62.88,138
2023,114792,2007,49.16588973,-120.7787018,2225,1.3,11.3,-7,18.3,899,184,12.6,61.2,1035,613,6073,3,147,134,261,126,692,-39.8,27.1,13.6,372,177,73,63.43,136
2023,114793,2007,49.16717147,-120.7802963,2200,1.4,11.4,-6.9,18.3,894,184,12.8,62.1,1014,631,6024,5,148,134,261,127,683,-39.7,27.3,13.6,377,181,73,62.28,144
2023,114794,2007,49.16852951,-120.7815018,2145,1.7,11.7,-6.6,18.3,883,182,13.3,64.2,971,673,5920,6,151,133,261,128,664,-39.5,27.6,13.7,386,190,72,59.92,164
2023,114795,2007,49.16878128,-120.781601,2140,1.7,11.8,-6.6,18.3,881,182,13.3,64.5,967,677,5911,6,152,133,261,129,662,-39.5,27.7,13.7,387,191,72,59.65,166
2023,114796,2007,49.17169952,-120.7848969,2100,1.9,12,-6.4,18.4,865,180,13.8,66.5,941,708,5841,6,154,132,262,130,643,-39.3,28,13.7,394,198,72,57.04,182
2023,114797,2007,49.17219924,-120.7894974,2125,1.8,11.9,-6.5,18.4,862,179,13.7,66.2,959,690,5885,6,153,133,261,129,644,-39.4,27.8,13.7,390,196,72,57.3,173
2023,12-1929,2015,49.20005416,-120.9982758,906,7.5,18.4,-1.5,19.9,711,143,24.6,128.5,338,1793,3918,113,226,114,282,168,301,-32.6,35.4,13.9,680,401,69,11.85,889
2023,02-3085,2019,49.14056015,-120.7638931,2044,2.2,12.3,-6.1,18.5,879,179,13.9,68.8,899,756,5734,7,157,131,263,132,653,-39,28.4,13.8,404,206,72,56.92,208
2023,02-3087,2019,49.1199913,-120.752121,1874,3.1,13.3,-5.3,18.6,803,167,16.3,79.4,776,902,5408,11,167,128,265,137,567,-38.3,29.6,13.9,433,242,71,44.67,289
2023,02-3088,2019,49.13434982,-120.7645264,1928,2.8,13,-5.6,18.6,845,173,15.2,75,817,853,5518,9,164,129,264,135,607,-38.5,29.3,13.8,424,227,71,50.4,262
2023,02-3089,2019,49.14989852,-120.7567673,2136,1.8,11.8,-6.6,18.4,882,180,13.3,65.6,966,685,5900,6,152,133,262,129,670,-39.4,27.8,13.7,389,193,72,59.46,170
2023,02-3090,2019,49.1461296,-120.7544632,2119,1.9,11.9,-6.5,18.4,882,180,13.4,66,953,697,5869,6,153,132,262,129,667,-39.3,27.9,13.7,392,195,72,59.04,177
2023,12-2000,2019,49.13544082,-120.7637634,1954,2.7,12.8,-5.7,18.5,852,174,14.9,73.6,835,831,5566,9,162,130,264,134,617,-38.7,29.1,13.8,420,222,71,51.85,249
2023,12-9554,2019,49.0820198,-120.9237823,1792,3.5,13.7,-4.9,18.6,756,155,17.9,88.4,719,963,5269,12,173,125,268,142,497,-37.7,30,13.8,436,256,71,38.93,325
2023,12-9555,2019,49.16053009,-120.76474,1876,3.1,13.2,-5.3,18.6,872,180,15,73.2,776,896,5414,10,167,128,265,137,615,-38.4,29.5,13.9,432,227,70,51.67,285
2023,14-4318,2019,49.10192108,-120.7574768,1956,2.7,12.8,-5.7,18.5,790,164,16,77.9,841,826,5580,9,163,129,264,135,572,-38.6,29,13.8,417,230,72,46.02,247
2023,14-4319,2019,49.10179138,-120.7552795,1890,3,13.1,-5.4,18.5,788,164,16.5,80.1,792,881,5450,10,166,128,265,137,560,-38.3,29.5,13.8,428,240,71,44,278
2023,14-4320,2019,49.07690048,-120.7710724,1815,3.4,13.5,-5,18.6,710,146,18.9,92.8,728,950,5295,12,170,127,266,139,486,-38.1,30,13.9,443,271,70,33.72,317
2023,14-4323,2019,49.16270065,-120.7649994,1994,2.5,12.6,-5.9,18.5,867,180,14.4,70,856,800,5629,8,161,130,264,134,631,-38.8,28.7,13.8,411,211,71,54.5,232
2023,14-4324,2019,49.16270065,-120.7649002,1988,2.5,12.6,-5.8,18.5,867,180,14.5,70.2,852,805,5618,8,161,130,264,134,629,-38.8,28.8,13.8,412,212,71,54.26,234
2023,14-4325,2019,49.15930175,-120.7705002,1981,2.6,12.6,-5.8,18.5,892,183,14.1,68.9,851,805,5617,8,161,130,264,134,648,-38.8,28.8,13.8,413,210,71,56.71,234
2023,14-4326,2019,49.1603012,-120.7731018,2030,2.3,12.4,-6.1,18.4,892,183,13.8,67.4,886,763,5709,7,158,131,263,132,656,-39,28.5,13.8,405,203,72,58.09,211
2023,14-4361,2019,49.15879821,-120.7743988,2093,2,12,-6.3,18.3,897,184,13.4,65.3,930,713,5822,6,154,132,262,130,670,-39.3,28,13.7,394,194,72,60.19,184
2023,14-4382,2019,49.1646614,-120.7790527,2197,1.4,11.4,-6.9,18.3,897,184,12.8,62.1,1013,633,6019,5,148,134,261,127,686,-39.7,27.3,13.6,377,181,73,62.64,145
2023,14-4383,2019,49.15822982,-120.7749863,2106,1.9,11.9,-6.4,18.3,898,184,13.3,64.8,939,702,5846,6,154,132,262,130,673,-39.3,27.9,13.7,392,193,72,60.6,179
2023,14-4384,2019,49.15280151,-120.7717896,2062,2.1,12.2,-6.2,18.4,894,183,13.6,66.7,913,738,5771,7,156,131,263,131,665,-39.1,28.3,13.7,400,200,72,59.06,198
2023,14-4385,2019,49.16463088,-120.7775726,2217,1.3,11.3,-6.9,18.3,899,184,12.6,61.5,1028,619,6056,3,147,134,261,127,691,-39.8,27.1,13.6,373,178,73,63.29,139
2023,14-4386,2019,49.10020828,-120.7596817,2009,2.4,12.5,-6,18.5,789,163,15.7,76.5,882,783,5681,8,160,130,263,133,581,-38.8,28.6,13.7,408,222,72,47.38,223
2023,14-4387,2019,49.09149169,-120.7733994,1955,2.7,12.8,-5.7,18.5,775,157,16.4,81.6,836,834,5564,9,164,129,265,136,561,-38.5,29.1,13.8,418,237,72,44.31,252
2023,14-4388,2019,49.06903839,-120.7620316,1624,4.1,14.5,-4.4,18.9,668,141,21.2,102.5,654,1096,5042,18,178,125,267,142,432,-37.6,31.2,14,520,308,69,24.29,406
2023,14-4573,2019,49.07849884,-120.9320297,1590,4.5,14.7,-4.1,18.8,749,154,19.3,95.4,605,1135,4933,21,183,122,270,148,455,-37,31.3,13.9,512,286,70,32.7,429
2023,14-4577,2019,49.14511871,-120.7613602,2052,2.2,12.3,-6.2,18.4,883,180,13.8,68,902,749,5746,7,157,131,263,131,657,-39.1,28.4,13.8,403,204,72,57.58,203
2023,14-4585,2019,49.07535934,-120.7685013,1752,3.7,13.8,-4.8,18.6,694,144,19.8,96.4,689,1001,5189,15,173,126,266,140,464,-37.9,30.4,14,495,284,69,30.23,346
2023,14-4587,2019,49.0782814,-120.917923,1679,4,14.2,-4.5,18.7,746,154,18.8,92.5,651,1056,5079,16,178,124,269,144,470,-37.4,30.7,13.9,499,276,70,34.46,379
2023,14-4588,2019,49.0820198,-120.9236526,1792,3.5,13.7,-4.9,18.6,756,155,17.9,88.4,719,964,5269,12,173,125,268,142,497,-37.7,30,13.8,436,256,71,38.92,325
2023,19JCG13,2019,49.11692047,-120.6429367,1080,6.7,17.6,-2.6,20.3,528,134,31.5,131.8,432,1645,4200,83,204,118,272,154,264,-35.6,35,14.3,681,421,66,-5.94,791
2023,19JCG15,2019,49.11320114,-120.6441498,1046,6.8,17.8,-2.5,20.4,533,134,31.6,133,419,1681,4148,90,205,118,273,155,261,-35.5,35.3,14.4,689,427,65,-6.59,818
2023,19JCG18,2019,49.11236953,-120.6519089,1088,6.6,17.6,-2.6,20.2,531,133,31.3,131.9,435,1634,4214,81,203,118,272,154,266,-35.7,35,14.3,679,419,66,-5.38,783
2024,MP 291,1976,49.03950881,-120.8720016,1308,4.8,17.3,-6,23.3,762,153,19.4,112.9,606,1240,4846,45,181,154,276,122,281,-37,33.2,13.9,566,314,70,32.28,532
2024,MP 292,1976,49.03998947,-120.8811035,1277,4.9,17.4,-6.1,23.5,773,156,19.2,111.9,604,1262,4819,48,183,153,276,123,283,-36.9,33.4,13.9,571,315,70,32.86,546
2024,MP 293,1976,49.04455947,-120.8516998,1259,5.1,17.6,-5.9,23.5,727,145,20.7,121,576,1292,4751,52,184,153,277,124,254,-36.9,33.6,13.9,580,334,69,26.92,565
2024,MP 294,1976,49.11808013,-120.8660965,1402,4.4,16.8,-6.1,22.9,754,146,19.1,115.2,631,1161,4962,37,177,156,276,120,298,-37.2,32.6,13.8,510,299,70,34.48,484
2024,MP 295,1976,49.11931991,-120.8755035,1353,4.6,17,-6.2,23.2,756,146,19.3,116.3,631,1198,4920,41,180,155,276,121,298,-37.1,33,13.8,519,307,71,33.5,509
2024,MP 296,1976,49.12162017,-120.8731003,1381,4.5,16.9,-6.1,23,756,146,19.2,115.4,631,1178,4943,38,179,155,276,121,298,-37.1,32.7,13.8,513,301,71,34.16,495
2024,MP 299,1976,49.04080963,-120.8787003,1311,4.7,17.2,-6.1,23.3,770,155,19.1,111.4,612,1234,4860,45,181,154,276,122,286,-37,33.2,13.8,564,309,70,33.45,529
2024,MP 281,1976,49.10832977,-120.7583008,1921,2.5,14.2,-6.9,21.1,844,159,14.8,89,842,804,5662,11,153,168,274,106,427,-38.4,29.3,13.5,379,206,74,55.14,272
2024,MP 285,1976,49.07500076,-120.7750015,1481,4.3,16.6,-6,22.5,682,132,21,126,627,1127,4992,32,174,159,275,116,267,-37.2,32.1,13.9,510,317,70,27.28,460
2024,MP 286,1976,49.07500076,-120.7750015,1326,4.9,17.4,-5.9,23.3,655,128,22.8,135.5,582,1254,4798,47,181,155,275,120,235,-36.8,33.1,14,576,350,69,20.23,538
2024,MP 287,1976,49.11643981,-120.8702011,1250,4.9,17.5,-6.3,23.8,756,146,19.7,120.1,616,1282,4816,51,183,153,276,123,290,-37,33.7,13.8,575,328,70,30.7,560
2024,MP 288,1976,49.11574935,-120.8669968,1259,4.9,17.5,-6.2,23.7,755,146,19.7,120,612,1275,4818,50,183,153,276,123,289,-37,33.6,13.8,573,326,70,30.86,555
2024,MP 289,1976,49.04022979,-120.8937988,1466,4.3,16.4,-5.8,22.3,786,158,18.2,103.7,629,1111,5011,30,175,157,276,119,299,-37.2,32.1,13.8,499,275,71,39.01,451
2024,MP 290,1976,49.03955841,-120.8881989,1353,4.6,17,-6,23,781,157,18.7,108.1,613,1197,4898,41,180,155,276,121,291,-37,32.9,13.8,555,298,70,35.6,506
2024,35079,1979,49.18056106,-120.9610977,770,7.4,20.2,-4.2,24.4,761,147,22.9,137.9,382,1801,3989,148,225,135,286,151,170,-33,36.7,13.8,675,406,70,18.49,894
2024,35179,1979,49.08110809,-120.8127975,1210,5.3,17.8,-5.8,23.7,672,132,22.7,134.9,553,1333,4678,58,186,152,276,124,229,-36.8,33.9,14,591,361,68,19.95,590
2024,35379,1979,49.08889007,-120.8139038,1210,5.2,17.8,-6.1,23.8,692,136,21.9,131.2,576,1321,4721,56,185,153,276,123,247,-36.8,33.8,13.9,588,353,69,22.55,582
2024,SK93710,1993,49.21475894,-121.0660627,695,7.9,20,-2.6,22.6,841,156,21.3,127.8,288,1828,3788,140,248,126,295,169,132,-30.2,35.9,13.3,647,353,73,31.12,891
2024,SK93711,1993,49.21441772,-121.0671746,686,8,20,-2.5,22.5,841,156,21.4,128,285,1837,3775,142,249,125,295,170,130,-30.1,35.9,13.3,648,353,73,31.03,896
2024,SK93721,1993,49.21632862,-121.0684733,698,7.9,19.9,-2.5,22.5,841,156,21.3,127.8,288,1822,3792,139,248,126,295,169,132,-30.2,35.8,13.3,646,351,73,31.37,887
2024,SK93722,1993,49.21739366,-121.0676078,698,7.9,19.9,-2.6,22.5,842,156,21.3,127.7,289,1822,3795,139,248,126,295,169,133,-30.3,35.8,13.3,646,351,73,31.39,887
2024,SK93734,1993,49.19803638,-120.9928605,869,7.2,19.5,-3.7,23.2,787,149,21.8,131.2,363,1691,4044,117,226,134,288,154,165,-32.6,35.5,13.6,633,362,71,26.43,812
2024,SK93735,1993,49.19748268,-120.9920592,869,7.2,19.5,-3.7,23.2,786,148,21.8,131.4,364,1690,4046,117,226,134,288,154,166,-32.7,35.5,13.6,634,363,71,26.28,812
2024,SK93736,1993,49.20192025,-120.9885846,823,7.4,19.7,-3.6,23.3,775,147,22.4,134.3,351,1734,3986,127,229,133,289,156,156,-32.3,35.7,13.5,640,370,71,24.25,841
2024,00NCc13,2000,49.22752855,-120.9627241,900,6.9,19.5,-4.4,23.9,802,148,21.1,132.2,406,1668,4137,116,218,137,285,148,195,-33.6,35.6,13.7,639,368,71,27.64,803
2024,00NCe73,2000,49.12286895,-120.8200364,1455,4.1,16.4,-6.6,23,761,146,18.5,112.9,682,1108,5084,30,173,158,274,116,326,-37.5,32.2,13.8,504,294,71,36.31,450
2024,00NCe74,2000,49.12958668,-120.8160951,1620,3.6,15.6,-6.4,22,769,146,17.7,107.2,701,996,5244,21,167,161,274,113,338,-37.8,31.1,13.7,471,263,71,41.07,382
2024,00NCe75,2000,49.13184343,-120.8212604,1750,3.3,15,-6,21,768,146,17.4,102.7,706,917,5349,16,162,163,275,112,337,-37.9,30.3,13.6,445,238,72,43.78,334
2024,00NCe76,2000,49.12956482,-120.8230328,1665,3.5,15.4,-6.2,21.6,761,146,17.8,105.7,697,970,5272,19,165,162,275,113,331,-37.8,30.9,13.7,462,254,71,41.32,366
2024,00NCe77,2000,49.06956013,-120.905716,1470,4.2,16.4,-6,22.3,798,159,17.8,103.2,642,1111,5030,30,175,157,276,120,313,-37.2,32.2,13.7,497,271,71,40.58,451
2024,00NCe78,2000,49.08614425,-120.9258513,1840,2.9,14.5,-6.2,20.7,833,161,15.5,90.1,769,853,5507,13,161,162,276,114,385,-37.7,29.7,13.4,419,195,74,53.47,299
2024,00NCe79,2000,49.08811762,-120.9446303,1790,3.1,14.7,-6.1,20.8,856,164,15.3,89.5,734,888,5416,15,166,160,278,118,381,-37.4,30,13.4,422,195,74,55.18,318
2024,00NCe82,2000,49.04462405,-120.9646257,1810,3,14.6,-6.1,20.7,885,176,14.7,82.7,750,870,5459,14,164,161,277,116,393,-37.4,30,13.4,423,188,74,58.19,308
2024,00NCe83,2000,49.0409285,-120.9723988,1800,3.1,14.6,-6,20.7,900,179,14.5,81.6,741,877,5440,14,165,160,277,117,396,-37.3,30,13.4,424,186,74,59.61,312
2024,00NCe84,2000,49.04042506,-120.9724193,685,8.6,20.7,-2.2,22.9,899,179,20.7,115.8,252,1999,3576,180,242,122,295,173,116,-32.2,36.1,13.7,699,357,68,29.82,1000
2024,00NCe85,2000,49.03686803,-120.9645592,1705,3.5,15.2,-5.7,20.9,888,177,15.2,85.5,683,952,5274,18,171,158,278,121,364,-37,30.6,13.4,441,199,74,56.13,353
2024,00NCe86,2000,49.04063959,-120.9800327,1745,3.3,14.9,-5.8,20.8,905,180,14.7,83,706,916,5343,16,168,159,278,119,382,-37,30.3,13.4,433,191,74,58.85,334
2024,00NCe87,2000,49.03145849,-120.9420956,1820,2.9,14.6,-6.2,20.8,816,165,15.8,88.4,764,862,5488,14,162,162,276,114,367,-37.5,30,13.4,426,198,74,51.13,304
2024,00NCe89,2000,49.05549669,-120.9155332,1725,3.5,15.1,-5.8,21,799,160,16.8,94.7,693,940,5302,17,167,160,277,116,333,-37.4,30.5,13.6,446,222,72,46.81,346
2024,00NCe90,2000,49.06442921,-120.8922135,1325,4.6,17.1,-6.1,23.2,786,157,18.6,109.1,625,1213,4896,43,181,154,276,122,300,-37,33.1,13.8,559,302,71,35.72,518
2024,00NCe91,2000,49.11667802,-120.8651929,1450,4.3,16.5,-6.1,22.6,754,146,18.9,113.5,639,1125,5012,32,175,157,276,119,302,-37.3,32.3,13.8,500,290,71,35.67,461
2024,00NCe92,2000,49.12229155,-120.8690776,1665,3.6,15.4,-6.1,21.5,756,146,17.9,105.8,695,974,5265,20,167,160,276,115,325,-37.6,30.8,13.6,457,248,72,41.31,368
2024,00NCe93,2000,49.13832844,-120.8485222,1615,3.7,15.7,-6.2,22,765,149,17.9,105.5,694,1008,5218,22,169,160,275,116,329,-37.6,31.1,13.6,467,254,72,41.09,389
2024,00NCe94,2000,49.1422333,-120.8451718,1565,3.8,15.9,-6.4,22.4,765,149,18,107.1,697,1037,5186,24,170,159,275,115,331,-37.5,31.4,13.7,477,264,72,39.92,406
2024,00NCe95,2000,49.12585389,-120.8366702,1540,3.9,16,-6.2,22.2,749,145,18.6,111,666,1054,5125,26,171,159,275,115,312,-37.6,31.7,13.7,486,278,71,37.13,416
2024,114791,2007,49.1638298,-120.7723007,2225,0.9,12.3,-8,20.3,956,172,11.4,71.7,1074,592,6217,5,136,174,271,97,567,-39.7,27.1,13.2,325,157,76,73.65,151
2024,114792,2007,49.16588973,-120.7787018,2225,0.9,12.2,-8.1,20.3,962,173,11.3,70.9,1079,587,6230,5,135,175,270,96,571,-39.8,27.1,13.2,325,156,76,74.26,148
2024,114793,2007,49.16717147,-120.7802963,2200,1,12.4,-8,20.4,955,172,11.5,72,1057,602,6182,5,137,174,271,96,560,-39.7,27.3,13.3,329,160,75,73.07,156
2024,114794,2007,49.16852951,-120.7815018,2145,1.3,12.7,-7.7,20.5,943,171,12,74.5,1010,638,6078,6,140,173,271,98,538,-39.5,27.6,13.3,338,167,75,70.68,176
2024,114795,2007,49.16878128,-120.781601,2140,1.3,12.7,-7.7,20.5,941,170,12,74.7,1006,641,6069,6,140,173,271,98,536,-39.5,27.7,13.3,339,168,75,70.41,177
2024,114796,2007,49.17169952,-120.7848969,2100,1.5,13,-7.6,20.6,923,168,12.5,77.4,978,668,6000,7,143,172,271,99,517,-39.3,28,13.3,345,173,75,67.67,193
2024,114797,2007,49.17219924,-120.7894974,2125,1.4,12.8,-7.7,20.5,920,167,12.4,76.8,997,652,6045,6,141,173,271,99,521,-39.4,27.8,13.3,341,171,75,67.92,184
2024,12-1929,2015,49.20005416,-120.9982758,906,7,19.4,-3.8,23.1,799,151,21.3,128.2,375,1660,4091,112,224,136,288,152,175,-32.6,35.4,13.6,628,355,72,28.42,794
2024,02-3085,2019,49.14056015,-120.7638931,2044,1.8,13.4,-7.4,20.8,941,169,12.6,79.5,932,713,5884,8,146,171,272,101,513,-39,28.4,13.4,358,184,74,67.87,219
2024,02-3087,2019,49.1199913,-120.752121,1874,2.7,14.5,-6.7,21.1,856,160,14.9,90.7,803,841,5566,13,156,167,274,107,419,-38.3,29.6,13.6,388,212,73,54.94,293
2024,02-3088,2019,49.13434982,-120.7645264,1928,2.4,14.1,-6.9,21,906,164,13.7,85.8,846,798,5673,11,153,168,273,105,462,-38.5,29.3,13.5,378,201,73,61.5,268
2024,02-3089,2019,49.14989852,-120.7567673,2136,1.4,12.9,-7.8,20.6,942,168,12.1,76.5,1003,652,6053,6,140,173,271,98,539,-39.4,27.8,13.4,343,173,75,70.05,184
2024,02-3090,2019,49.1461296,-120.7544632,2119,1.5,13,-7.7,20.6,942,168,12.2,77,988,662,6021,6,141,173,271,99,533,-39.3,27.9,13.4,346,175,75,69.58,190
2024,12-2000,2019,49.13544082,-120.7637634,1954,2.3,13.9,-7,20.9,913,165,13.5,84.4,864,779,5720,10,151,169,273,104,473,-38.7,29.1,13.5,374,197,73,62.89,257
2024,12-9554,2019,49.0820198,-120.9237823,1792,3.1,14.7,-6.1,20.9,827,160,15.8,91.7,747,882,5441,14,163,161,276,115,373,-37.7,30,13.4,429,205,74,51.73,315
2024,12-9555,2019,49.16053009,-120.76474,1876,2.7,14.4,-6.7,21,931,169,13.6,85.1,806,833,5578,12,156,167,274,107,459,-38.4,29.5,13.5,384,203,73,62.97,288
2024,14-4318,2019,49.10192108,-120.7574768,1956,2.3,14,-7,21,841,159,14.6,88,869,777,5729,10,151,169,273,105,434,-38.6,29,13.5,373,202,74,55.76,256
2024,14-4319,2019,49.10179138,-120.7552795,1890,2.6,14.4,-6.7,21.1,839,159,15,90.6,818,825,5606,12,155,167,274,107,415,-38.3,29.5,13.5,385,211,73,53.87,284
2024,14-4320,2019,49.07690048,-120.7710724,1815,3,14.8,-6.2,21.1,746,140,17.5,105.8,752,883,5449,15,159,165,275,110,343,-38.1,30,13.6,442,244,72,42.45,317
2024,14-4323,2019,49.16270065,-120.7649994,1994,2.1,13.7,-7.1,20.8,926,168,13.1,81.6,888,750,5785,9,149,169,273,104,489,-38.8,28.7,13.4,364,188,74,65.42,240
2024,14-4324,2019,49.16270065,-120.7649002,1988,2.1,13.7,-7.1,20.8,925,168,13.1,81.9,884,754,5774,9,150,169,273,104,487,-38.8,28.8,13.4,365,189,74,65.19,243
2024,14-4325,2019,49.15930175,-120.7705002,1981,2.1,13.7,-7.1,20.8,954,172,12.7,79.9,883,754,5773,9,149,170,273,103,501,-38.8,28.8,13.4,366,187,74,67.91,242
2024,14-4326,2019,49.1603012,-120.7731018,2030,1.9,13.4,-7.3,20.7,954,172,12.5,78.1,919,717,5863,8,146,171,272,102,514,-39,28.5,13.4,357,181,74,69.17,221
2024,14-4361,2019,49.15879821,-120.7743988,2093,1.6,13,-7.5,20.6,960,172,12.1,75.7,966,673,5973,7,143,172,272,100,533,-39.3,28,13.4,347,173,74,71.15,196
2024,14-4382,2019,49.1646614,-120.7790527,2197,1,12.4,-8,20.4,960,173,11.5,71.9,1055,605,6177,5,137,174,271,97,563,-39.7,27.3,13.3,329,160,75,73.5,157
2024,14-4383,2019,49.15822982,-120.7749863,2106,1.5,13,-7.6,20.5,961,172,12,75.2,976,665,6002,6,142,172,272,99,537,-39.3,27.9,13.4,345,171,75,71.53,191
2024,14-4384,2019,49.15280151,-120.7717896,2062,1.7,13.2,-7.4,20.7,956,171,12.3,77.5,947,696,5923,7,145,171,272,100,526,-39.1,28.3,13.4,353,178,74,69.99,209
2024,14-4385,2019,49.16463088,-120.7775726,2217,0.9,12.3,-8,20.3,962,173,11.4,71.2,1071,592,6213,5,136,174,270,96,569,-39.8,27.1,13.3,326,157,76,74.13,151
2024,14-4386,2019,49.10020828,-120.7596817,2009,2,13.7,-7.2,20.9,841,159,14.3,86.1,911,739,5828,9,148,170,273,103,448,-38.8,28.6,13.4,365,196,74,57.02,235
2024,14-4387,2019,49.09149169,-120.7733994,1955,2.3,14,-6.9,20.9,829,155,14.8,90.6,864,784,5715,10,152,168,274,106,424,-38.5,29.1,13.5,374,205,74,54.33,260
2024,14-4388,2019,49.06903839,-120.7620316,1624,3.8,15.8,-6.1,22,694,135,19.8,117.2,680,1020,5187,23,168,161,275,114,291,-37.6,31.2,13.8,479,286,71,32.52,396
2024,14-4573,2019,49.07849884,-120.9320297,1590,4,15.8,-5.5,21.3,819,161,17.1,98.1,632,1038,5098,23,175,156,278,123,317,-37,31.3,13.6,464,237,72,46.29,404
2024,14-4577,2019,49.14511871,-120.7613602,2052,1.8,13.3,-7.4,20.7,944,169,12.5,79,935,706,5897,8,145,171,272,101,516,-39.1,28.4,13.4,357,182,74,68.41,215
2024,14-4585,2019,49.07535934,-120.7685013,1752,3.3,15.2,-6,21.2,726,137,18.4,110.3,713,932,5341,17,162,164,275,111,318,-37.9,30.4,13.7,454,259,71,38.82,343
2024,14-4587,2019,49.0782814,-120.917923,1679,3.6,15.3,-5.8,21.1,814,159,16.7,96.1,677,968,5248,19,169,159,277,118,337,-37.4,30.7,13.6,452,227,72,47.57,363
2024,14-4588,2019,49.0820198,-120.9236526,1792,3.1,14.7,-6.1,20.9,827,160,15.8,91.7,746,882,5440,14,163,161,276,115,372,-37.7,30,13.4,429,205,74,51.72,315
2024,19JCG13,2019,49.11692047,-120.6429367,1080,6.3,19.1,-5.2,24.3,568,128,28.7,148.8,468,1554,4347,96,200,147,280,133,157,-35.6,35,14.1,640,419,68,3.67,732
2024,19JCG15,2019,49.11320114,-120.6441498,1046,6.5,19.3,-5.1,24.4,573,129,28.7,150,456,1592,4293,104,201,146,281,135,154,-35.5,35.3,14.1,648,426,67,3.02,756
2024,19JCG18,2019,49.11236953,-120.6519089,1088,6.2,19,-5.2,24.2,570,128,28.5,148.7,471,1544,4361,94,199,147,280,133,158,-35.7,35,14.1,638,417,68,4.18,725
